RaceId,PoolLength,Date,RaceEventDistance,RaceEventIsRelay,RaceEventName,RaceEventSwimmingStyleName,AthleteName,AthleteGenderName,CompetitionName,PhaseName,RaceTime,SeasonId,CourseType,season_best_so_far,comparison_time,comparison_source,pct_from_season_best,is_new_season_best,prior_season_best
eee3ea5e-b07c-4207-8516-7cffe27e76db,50,2022-07-02,100,False,100 m Backstroke,Backstroke,Abby Kane,Women,Scottish Nationals,Final,72.92,2021_22,LC,72.64,72.64,current_season,100.38546255506608,False,
2f7466e5-aaac-4f76-bd24-a6ec3a16f839,50,2022-07-01,100,False,100 m Freestyle,Freestyle,Abby Kane,Women,Scottish Nationals,Heat,67.97,2021_22,LC,67.98,67.98,current_season,99.98528979111502,True,
6e5d1232-4dbc-4e8e-82eb-3566cd39c050,50,2022-07-01,100,False,100 m Freestyle,Freestyle,Abby Kane,Women,Scottish Nationals,Final,67.16,2021_22,LC,67.97,67.97,current_season,98.80829777843165,True,
26e2a2c0-0d6f-490f-bcfb-5bf232f39a79,50,2022-07-03,50,False,50 m Freestyle,Freestyle,Abby Kane,Women,Scottish Nationals,C-Final,30.11,2021_22,LC,30.93,30.93,current_season,97.34885224700938,True,
495752b0-150b-40f5-b9ce-2c777293e7c8,50,2022-07-03,50,False,50 m Freestyle,Freestyle,Abby Kane,Women,Scottish Nationals,Heat,30.71,2021_22,LC,30.11,30.11,current_season,101.99269345732316,False,
b4b1bce5-0b03-47df-8bd3-eb9953b1fead,50,2023-12-03,100,False,100 m Breaststroke,Breaststroke,Angharad Evans,Women,Rotterdam Qualification Meet,Final,67.27,2023_24,LC,67.77,67.77,current_season,99.2622104175889,True,
c99bc0c9-6f10-4516-b123-de66648c8250,50,2023-12-14,100,False,100 m Breaststroke,Breaststroke,Angharad Evans,Women,Time Trial,Heat,67.59,2023_24,LC,67.27,67.27,current_season,100.47569496060653,False,
e60d14be-86b8-48ae-b19e-a91f2f0c2007,50,2023-12-14,100,False,100 m Breaststroke,Breaststroke,Angharad Evans,Women,Time Trial,Final,66.34,2023_24,LC,67.27,67.27,current_season,98.61751152073734,True,
05a132ea-74a0-4e83-ac97-d2ca397237e0,50,2024-01-20,100,False,100 m Breaststroke,Breaststroke,Angharad Evans,Women,Challenge International de Geneve,Heat,68.52,2023_24,LC,66.34,66.34,current_season,103.28610189930659,False,
2ec46b95-bf3d-49e1-86fb-32d306a88899,50,2024-02-24,100,False,100 m Breaststroke,Breaststroke,Angharad Evans,Women,BUCS Championships,Heat,67.1,2023_24,LC,66.34,66.34,current_season,101.14561350618028,False,
c1206c25-0464-47e3-9295-370f59a8aeb8,50,2024-02-24,100,False,100 m Breaststroke,Breaststroke,Angharad Evans,Women,BUCS Championships,Final,66.65,2023_24,LC,66.34,66.34,current_season,100.46728971962618,False,
80fbf723-29c9-492a-b23a-271dddbf608b,50,2024-03-08,100,False,100 m Breaststroke,Breaststroke,Angharad Evans,Women,Edinburgh International,Heat,68.27,2023_24,LC,66.34,66.34,current_season,102.90925535122098,False,
baa4f8e2-76f8-4178-9916-510e064048b9,50,2024-03-08,100,False,100 m Breaststroke,Breaststroke,Angharad Evans,Women,Edinburgh International,Final,66.25,2023_24,LC,66.34,66.34,current_season,99.86433524268918,True,
9f1b9cc1-71b4-44e7-b74c-5135185eda27,50,2024-04-07,100,False,100 m Breaststroke,Breaststroke,Angharad Evans,Women,British Championships,Final,66.54,2023_24,LC,66.25,66.25,current_season,100.43773584905662,False,
a04a46d8-f8a4-41dd-a785-3c813d27428a,50,2024-04-07,100,False,100 m Breaststroke,Breaststroke,Angharad Evans,Women,British Championships,Heat,66.27,2023_24,LC,66.25,66.25,current_season,100.03018867924527,False,
5aa4d030-cfff-4cc2-aab0-423e9bd20cf5,50,2024-05-26,100,False,100 m Breaststroke,Breaststroke,Angharad Evans,Women,AP International,Final,65.54,2023_24,LC,66.25,66.25,current_season,98.92830188679245,True,
9b400e27-fc0a-4722-948b-3d139671f026,50,2024-05-26,100,False,100 m Breaststroke,Breaststroke,Angharad Evans,Women,AP International,Heat,66.8,2023_24,LC,65.54,65.54,current_season,101.92249008239243,False,
23e3b61b-4c72-43ab-81b1-2bf329c4bbc8,50,2024-06-21,100,False,100 m Breaststroke,Breaststroke,Angharad Evans,Women,Sette Colli,Final,65.91,2023_24,LC,65.54,65.54,current_season,100.56454073848032,False,
2fd1c888-c04e-45c6-b383-98b8dbe8e9df,50,2024-06-21,100,False,100 m Breaststroke,Breaststroke,Angharad Evans,Women,Sette Colli,Heat,66.92,2023_24,LC,65.54,65.54,current_season,102.10558437595361,False,
10f3f2f7-5251-4f6e-beae-b1e53c690115,50,2024-06-28,100,False,100 m Breaststroke,Breaststroke,Angharad Evans,Women,Scottish Nationals,Heat,69.92,2023_24,LC,65.54,65.54,current_season,106.6829417149832,False,
16fb09ba-0db3-4239-9d1c-30021410803b,50,2024-06-28,100,False,100 m Breaststroke,Breaststroke,Angharad Evans,Women,Scottish Nationals,Final,65.71,2023_24,LC,65.54,65.54,current_season,100.25938358254498,False,
6406dc18-4d3c-44f7-bf29-5a83434a70e1,50,2024-07-28,100,False,100 m Breaststroke,Breaststroke,Angharad Evans,Women,Olympic Games,Semi-Final,65.99,2023_24,LC,65.54,65.54,current_season,100.68660360085443,False,
65850254-4c45-4208-b33d-4b0d6853f80d,50,2024-07-28,100,False,100 m Breaststroke,Breaststroke,Angharad Evans,Women,Olympic Games,Heat,66.38,2023_24,LC,65.54,65.54,current_season,101.28166005492827,False,
8d8c38fb-608f-4877-8ef0-bc349bf1fcc2,50,2024-07-29,100,False,100 m Breaststroke,Breaststroke,Angharad Evans,Women,Olympic Games,Final,65.85,2023_24,LC,65.54,65.54,current_season,100.4729935916997,False,
d08a56c0-f7d4-49d2-8674-5f03161e633d,50,2025-02-15,100,False,100 m Breaststroke,Breaststroke,Angharad Evans,Women,BUCS Championships,Final,66.02,2024_25,LC,,65.54,prior_season,100.73237717424473,False,65.54
22bd6035-6b7b-472b-8bda-91df7889f3bb,50,2025-03-14,100,False,100 m Breaststroke,Breaststroke,Angharad Evans,Women,Edinburgh International,Final,66.38,2024_25,LC,66.02,66.02,current_season,100.54528930627083,False,65.54
c47667ea-c8cd-4341-84d9-6d6f2498ffee,50,2025-03-14,100,False,100 m Breaststroke,Breaststroke,Angharad Evans,Women,Edinburgh International,Heat,67.35,2024_25,LC,66.02,66.02,current_season,102.01454104816723,False,65.54
fd47bdd4-a405-45b0-91f5-eeb6ab427f98,50,2025-03-27,100,False,100 m Breaststroke,Breaststroke,Angharad Evans,Women,Time Trial,Time Trial,65.7,2024_25,LC,66.02,66.02,current_season,99.51529839442594,True,65.54
50dd9944-bf59-4e07-9dc3-56137b1502fb,50,2025-03-28,100,False,100 m Breaststroke,Breaststroke,Angharad Evans,Women,Time Trial,Time Trial,66.0,2024_25,LC,65.7,65.7,current_season,100.4566210045662,False,65.54
4505a2e8-cbc5-477d-9290-2c072d690bec,50,2025-04-20,100,False,100 m Breaststroke,Breaststroke,Angharad Evans,Women,British Championships,Heat,66.22,2024_25,LC,65.7,65.7,current_season,100.79147640791474,False,65.54
e44ae948-239e-4a05-bbad-9f64c71496eb,50,2025-04-20,100,False,100 m Breaststroke,Breaststroke,Angharad Evans,Women,British Championships,Final,65.37,2024_25,LC,65.7,65.7,current_season,99.49771689497717,True,65.54
69d70d2c-b7b8-4418-953e-df4d4cf59643,50,2025-05-25,100,False,100 m Breaststroke,Breaststroke,Angharad Evans,Women,AP International,Final,66.04,2024_25,LC,65.37,65.37,current_season,101.02493498546734,False,65.54
cd4e8cd9-cd34-4103-9133-2500b1d1a186,50,2025-05-25,100,False,100 m Breaststroke,Breaststroke,Angharad Evans,Women,AP International,Heat,67.34,2024_25,LC,65.37,65.37,current_season,103.0136148080159,False,65.54
4002c549-d504-4fef-8850-98d32622296f,50,2025-06-26,100,False,100 m Breaststroke,Breaststroke,Angharad Evans,Women,Sette Colli,Final,66.33,2024_25,LC,65.37,65.37,current_season,101.46856356126663,False,65.54
56f5c822-c2f6-42c5-9af4-a549c2989e17,50,2025-06-26,100,False,100 m Breaststroke,Breaststroke,Angharad Evans,Women,Sette Colli,Heat,66.83,2024_25,LC,65.37,65.37,current_season,102.23344041609299,False,65.54
4744d7e4-41fe-4b0f-9526-7576f861faf9,50,2025-07-28,100,False,100 m Breaststroke,Breaststroke,Angharad Evans,Women,World Championships,Heat,67.04,2024_25,LC,65.37,65.37,current_season,102.55468869512008,False,65.54
c2fa8f49-b344-45d2-823b-44475f8d95d0,50,2023-12-01,200,False,200 m Breaststroke,Breaststroke,Angharad Evans,Women,Rotterdam Qualification Meet,Heat,149.35,2023_24,LC,146.84,146.84,current_season,101.70934350313266,False,
0e00933e-e959-48ee-b2ed-7d46d24b507e,50,2023-12-15,200,False,200 m Breaststroke,Breaststroke,Angharad Evans,Women,Time Trial,Heat,153.8,2023_24,LC,146.84,146.84,current_season,104.73985290111688,False,
4d5af26d-1967-43c8-9499-5c1907630f00,50,2024-01-20,200,False,200 m Breaststroke,Breaststroke,Angharad Evans,Women,Challenge International de Geneve,Final,150.9,2023_24,LC,146.84,146.84,current_season,102.76491419231817,False,
177183f7-6c1f-4896-8fa7-1ee87c162210,50,2024-02-25,200,False,200 m Breaststroke,Breaststroke,Angharad Evans,Women,BUCS Championships,Final,147.93,2023_24,LC,146.84,146.84,current_season,100.74230454916918,False,
51ac0c5a-18de-4fb0-b480-9818af019e1e,50,2024-02-25,200,False,200 m Breaststroke,Breaststroke,Angharad Evans,Women,BUCS Championships,Heat,152.52,2023_24,LC,146.84,146.84,current_season,103.868155815854,False,
5817b768-70c4-42be-bf74-f4b60618a465,50,2024-03-10,200,False,200 m Breaststroke,Breaststroke,Angharad Evans,Women,Edinburgh International,Final,148.12,2023_24,LC,146.84,146.84,current_season,100.87169708526287,False,
cd019c3d-f241-4e5e-ac0e-b0714be7af70,50,2024-03-10,200,False,200 m Breaststroke,Breaststroke,Angharad Evans,Women,Edinburgh International,Heat,153.19,2023_24,LC,146.84,146.84,current_season,104.32443475892129,False,
050d20a4-76ac-461a-ad8d-2b5c3afe28e7,50,2024-04-03,200,False,200 m Breaststroke,Breaststroke,Angharad Evans,Women,British Championships,Heat,149.08,2023_24,LC,146.84,146.84,current_season,101.52546989921004,False,
afe1eb46-7f06-437d-90b0-e56e55f2cf88,50,2024-04-03,200,False,200 m Breaststroke,Breaststroke,Angharad Evans,Women,British Championships,Final,146.36,2023_24,LC,146.84,146.84,current_season,99.67311359302643,True,
1ebcc5a9-f30f-4899-a161-0abba47a30d7,50,2024-05-25,200,False,200 m Breaststroke,Breaststroke,Angharad Evans,Women,AP International,Final,145.41,2023_24,LC,146.36,146.36,current_season,99.35091555069691,True,
f9ab3e1a-6a06-4284-9e0b-58826c82d7cf,50,2024-05-25,200,False,200 m Breaststroke,Breaststroke,Angharad Evans,Women,AP International,Heat,148.77,2023_24,LC,145.41,145.41,current_season,102.31070765421913,False,
ba12878e-4eaf-44dd-96aa-02703e47c76e,50,2024-06-23,200,False,200 m Breaststroke,Breaststroke,Angharad Evans,Women,Sette Colli,Final,145.45,2023_24,LC,145.41,145.41,current_season,100.02750842445498,False,
eb8a87cb-ff43-4610-b1af-fdb1e04ca4ea,50,2024-06-23,200,False,200 m Breaststroke,Breaststroke,Angharad Evans,Women,Sette Colli,Heat,145.6,2023_24,LC,145.41,145.41,current_season,100.13066501616119,False,
c3cce8c6-566e-4210-9703-f0513c99e1cd,50,2025-01-31,200,False,200 m Breaststroke,Breaststroke,Angharad Evans,Women,Time Trial,Time Trial,145.33,2024_25,LC,,145.41,prior_season,99.94498315109003,True,145.41
679728db-3633-49e8-a0da-13a2b0a2f662,50,2025-02-16,200,False,200 m Breaststroke,Breaststroke,Angharad Evans,Women,BUCS Championships,Final,142.64,2024_25,LC,145.33,145.33,current_season,98.14904011559896,True,145.41
492321e3-c023-4150-8274-b10504d77210,50,2025-03-16,200,False,200 m Breaststroke,Breaststroke,Angharad Evans,Women,Edinburgh International,Final,143.8,2024_25,LC,142.64,142.64,current_season,100.81323611890073,False,145.41
79ea2a7f-dc64-482f-8415-58aff4ee86ba,50,2025-03-16,200,False,200 m Breaststroke,Breaststroke,Angharad Evans,Women,Edinburgh International,Heat,147.6,2024_25,LC,142.64,142.64,current_season,103.47728547392036,False,145.41
602507ea-c2d2-471b-8d85-97564a33c15b,50,2025-04-17,200,False,200 m Breaststroke,Breaststroke,Angharad Evans,Women,British Championships,Heat,145.36,2024_25,LC,142.64,142.64,current_season,101.90689848569828,False,145.41
83478115-6bc4-4426-93c8-901fe7320959,50,2025-04-17,200,False,200 m Breaststroke,Breaststroke,Angharad Evans,Women,British Championships,Final,141.86,2024_25,LC,142.64,142.64,current_season,99.45316881660126,True,145.41
2e1cb906-f5bd-4d11-8da9-2bb63efbbabc,50,2025-05-24,200,False,200 m Breaststroke,Breaststroke,Angharad Evans,Women,AP International,Final,144.34,2024_25,LC,141.86,141.86,current_season,101.74820245312279,False,145.41
44b50ea0-8b96-407b-93be-6df9f99e8e65,50,2025-05-24,200,False,200 m Breaststroke,Breaststroke,Angharad Evans,Women,AP International,Heat,150.59,2024_25,LC,141.86,141.86,current_season,106.15395460312985,False,145.41
2990659d-e173-4468-a0ac-2f8927e8c5ff,50,2025-06-28,200,False,200 m Breaststroke,Breaststroke,Angharad Evans,Women,Sette Colli,Final,143.03,2024_25,LC,141.86,141.86,current_season,100.8247568024813,False,145.41
870eecf7-626d-48b2-a16f-c4827eb08676,50,2025-06-28,200,False,200 m Breaststroke,Breaststroke,Angharad Evans,Women,Sette Colli,Heat,147.96,2024_25,LC,141.86,141.86,current_season,104.30001409840688,False,145.41
12efff0b-ef47-43de-8722-f72c4935c7ba,50,2025-07-31,200,False,200 m Breaststroke,Breaststroke,Angharad Evans,Women,World Championships,Heat,144.82,2024_25,LC,141.86,141.86,current_season,102.08656421824331,False,145.41
b441acbb-ae5d-4251-8faa-c60bf253afc2,50,2025-07-31,200,False,200 m Breaststroke,Breaststroke,Angharad Evans,Women,World Championships,Semi-Final,143.32,2024_25,LC,141.86,141.86,current_season,101.02918370224162,False,145.41
8370a0b1-bf6e-4d77-baac-0e7eb1bb9222,50,2025-08-01,200,False,200 m Breaststroke,Breaststroke,Angharad Evans,Women,World Championships,Final,144.21,2024_25,LC,141.86,141.86,current_season,101.65656280840265,False,145.41
6587bacd-5d53-4a76-ad75-7eef3d4ecda0,50,2024-02-23,50,False,50 m Breaststroke,Breaststroke,Angharad Evans,Women,BUCS Championships,Final,30.85,2023_24,LC,31.21,31.21,current_season,98.84652355014418,True,
978f122d-0f42-409e-a354-a49609b6d91f,50,2024-02-23,50,False,50 m Breaststroke,Breaststroke,Angharad Evans,Women,BUCS Championships,Heat,31.21,2023_24,LC,30.85,30.85,current_season,101.16693679092383,False,
289f7eb0-a60f-4f3f-b1f5-ceaabceeca97,50,2024-03-09,50,False,50 m Breaststroke,Breaststroke,Angharad Evans,Women,Edinburgh International,Heat,31.05,2023_24,LC,30.85,30.85,current_season,100.64829821717991,False,
4f24f7ba-d7d3-4554-b903-a2ccc5c1be3b,50,2024-03-09,50,False,50 m Breaststroke,Breaststroke,Angharad Evans,Women,Edinburgh International,Final,31.03,2023_24,LC,30.85,30.85,current_season,100.5834683954619,False,
1dae3434-724d-44a3-8cad-1d69f390967b,50,2024-05-27,50,False,50 m Breaststroke,Breaststroke,Angharad Evans,Women,AP International,Heat,31.38,2023_24,LC,30.85,30.85,current_season,101.71799027552673,False,
d51cb7ec-31ac-43d7-bb8c-f44e6b837cfc,50,2024-05-27,50,False,50 m Breaststroke,Breaststroke,Angharad Evans,Women,AP International,Final,30.55,2023_24,LC,30.85,30.85,current_season,99.02755267423015,True,
7c72967a-31e8-4248-b51d-dfa5f8aa15df,50,2024-06-22,50,False,50 m Breaststroke,Breaststroke,Angharad Evans,Women,Sette Colli,Heat,30.74,2023_24,LC,30.55,30.55,current_season,100.62193126022913,False,
de6628f2-ca5b-4bfc-9c01-f7f525117bfe,50,2024-06-22,50,False,50 m Breaststroke,Breaststroke,Angharad Evans,Women,Sette Colli,Final,31.2,2023_24,LC,30.55,30.55,current_season,102.12765957446808,False,
24698931-370f-476c-ab65-159f7045b0b6,50,2024-07-22,50,False,50 m Breaststroke,Breaststroke,Angharad Evans,Women,Time Trial,Time Trial,31.38,2023_24,LC,30.55,30.55,current_season,102.71685761047462,False,
5539bc75-a751-4670-a00d-634966c603d7,50,2024-07-22,50,False,50 m Breaststroke,Breaststroke,Angharad Evans,Women,Time Trial,Time Trial,32.04,2023_24,LC,30.55,30.55,current_season,104.87725040916528,False,
4fdd4537-e666-4bd3-b0ae-19c9227ec490,50,2025-02-14,50,False,50 m Breaststroke,Breaststroke,Angharad Evans,Women,BUCS Championships,Final,30.98,2024_25,LC,,30.55,prior_season,101.40752864157119,False,30.55
543d91e3-2c75-4837-849a-45bb0fff9fad,50,2025-03-15,50,False,50 m Breaststroke,Breaststroke,Angharad Evans,Women,Edinburgh International,Final,30.94,2024_25,LC,30.98,30.98,current_season,99.87088444157521,True,30.55
9728b917-1a2d-48db-b40d-9886c511e312,50,2025-03-15,50,False,50 m Breaststroke,Breaststroke,Angharad Evans,Women,Edinburgh International,Heat,31.73,2024_25,LC,30.94,30.94,current_season,102.55332902391726,False,30.55
62ed4b89-a2bb-49d6-99e8-a918b32c4e29,50,2025-06-27,50,False,50 m Breaststroke,Breaststroke,Angharad Evans,Women,Sette Colli,B-Final,31.19,2024_25,LC,30.94,30.94,current_season,100.80801551389786,False,30.55
f9508e57-62c5-4718-b881-dce5e25ab32f,50,2025-06-27,50,False,50 m Breaststroke,Breaststroke,Angharad Evans,Women,Sette Colli,Heat,31.75,2024_25,LC,30.94,30.94,current_season,102.61797026502907,False,30.55
12bd2568-449a-4a8d-aca0-4a80f2ea7793,50,2024-01-26,200,False,200 m Butterfly,Butterfly,David Annis,Men,Euro Meet Luxembourg,Heat,125.91,2023_24,LC,,124.03,prior_season,101.51576231556881,False,124.03
672a19e9-3f72-4db5-9647-9b6ef173c7b1,50,2024-01-26,200,False,200 m Butterfly,Butterfly,David Annis,Men,Euro Meet Luxembourg,B-Final,126.29,2023_24,LC,125.91,125.91,current_season,100.30180287506951,False,124.03
36e43938-1791-46be-80af-8460732d8596,50,2024-07-22,200,False,200 m Butterfly,Butterfly,David Annis,Men,British Summer Championships,Heat,123.83,2023_24,LC,125.91,125.91,current_season,98.34802636804066,True,124.03
a730d9df-edea-47d2-b135-e8dde3fa5946,50,2024-07-22,200,False,200 m Butterfly,Butterfly,David Annis,Men,British Summer Championships,Final,123.5,2023_24,LC,123.83,123.83,current_season,99.7335056125333,True,124.03
4b3f3d1f-7a84-4e74-b4d6-f91acc9a52f9,50,2024-04-07,200,False,200 m Freestyle,Freestyle,David Annis,Men,British Championships,C-Final,111.49,2023_24,LC,115.01,115.01,current_season,96.93939657421093,True,
a17566f7-adcd-4735-b391-5546598851da,50,2024-04-07,200,False,200 m Freestyle,Freestyle,David Annis,Men,British Championships,Heat,112.57,2023_24,LC,111.49,111.49,current_season,100.9686967441026,False,
c5b3f50d-9f66-423c-8bea-130cb3c9aa98,50,2025-02-14,200,False,200 m Freestyle,Freestyle,David Annis,Men,BUCS Championships,Final,112.63,2024_25,LC,,111.49,prior_season,101.02251322988609,False,111.49
0838c246-1384-4114-b29f-afab5bff0b89,50,2025-03-14,200,False,200 m Freestyle,Freestyle,David Annis,Men,Edinburgh International,Heat,114.14,2024_25,LC,112.63,112.63,current_season,101.3406730000888,False,111.49
54dac6e0-e91d-4ad0-a54a-1067c03269d7,50,2025-04-20,200,False,200 m Freestyle,Freestyle,David Annis,Men,British Championships,B-Final,110.47,2024_25,LC,112.63,112.63,current_season,98.08221610583327,True,111.49
df97cf8c-dc51-4c72-b8fa-77d3580df76c,50,2025-04-20,200,False,200 m Freestyle,Freestyle,David Annis,Men,British Championships,Heat,110.56,2024_25,LC,110.47,110.47,current_season,100.08147008237532,False,111.49
3425d1f4-4d6c-403e-b326-d5f01bee4713,50,2025-05-26,200,False,200 m Freestyle,Freestyle,David Annis,Men,AP International,Heat,114.17,2024_25,LC,110.47,110.47,current_season,103.34932560876256,False,111.49
8f5d3d9e-e85f-428d-948f-fc7b0c6b973e,50,2023-07-27,200,False,200 m IM,Medley,David Annis,Men,British Summer Championships,Heat,128.07,2022_23,LC,124.54,124.54,current_season,102.83443070499436,False,
62321c9a-e005-4294-94b5-86d98d2dbbe2,50,2024-01-28,200,False,200 m IM,Medley,David Annis,Men,Euro Meet Luxembourg,Heat,128.95,2023_24,LC,,124.54,prior_season,103.54103099405812,False,124.54
0c2fc480-f961-42d1-8f3f-9523ad88f970,50,2024-04-05,200,False,200 m IM,Medley,David Annis,Men,British Championships,Heat,124.14,2023_24,LC,128.95,128.95,current_season,96.2698720434277,True,124.54
292786d7-4583-4987-8f26-01557063a683,50,2024-04-05,200,False,200 m IM,Medley,David Annis,Men,British Championships,B-Final,123.55,2023_24,LC,124.14,124.14,current_season,99.52473014338649,True,124.54
307161c4-015b-4dc8-8e76-1b672cc41c36,50,2024-07-03,200,False,200 m IM,Medley,David Annis,Men,European Junior Championships,Heat,123.01,2023_24,LC,123.55,123.55,current_season,99.56292998785918,True,124.54
42afdc05-bd6c-4b03-8f84-6af307e0737a,50,2024-07-03,200,False,200 m IM,Medley,David Annis,Men,European Junior Championships,Semi-Final,122.9,2023_24,LC,123.01,123.01,current_season,99.9105763759044,True,124.54
d158e5d6-c4c8-4cb0-b73f-dabba4b778c8,50,2024-07-04,200,False,200 m IM,Medley,David Annis,Men,European Junior Championships,Final,123.03,2023_24,LC,122.9,122.9,current_season,100.10577705451587,False,124.54
32b9339c-9c23-413a-bc74-d004d1bd0508,50,2024-07-25,200,False,200 m IM,Medley,David Annis,Men,British Summer Championships,Heat,124.52,2023_24,LC,122.9,122.9,current_season,101.31814483319772,False,124.54
20470ae1-2e7f-4781-844d-7114191932f2,50,2025-03-14,200,False,200 m IM,Medley,David Annis,Men,Edinburgh International,Heat,127.36,2024_25,LC,,122.9,prior_season,103.62896663954433,False,122.9
0e977e64-d9e4-401a-8153-a15c70abc373,50,2025-04-18,200,False,200 m IM,Medley,David Annis,Men,British Championships,Final,121.77,2024_25,LC,127.36,127.36,current_season,95.61086683417085,True,122.9
3f1e592d-794d-4c14-84b6-3250c6e6a813,50,2025-04-18,200,False,200 m IM,Medley,David Annis,Men,British Championships,Heat,122.19,2024_25,LC,121.77,121.77,current_season,100.3449125400345,False,122.9
a93c8556-376c-4509-a0c0-96faa1bc80d3,50,2025-05-25,200,False,200 m IM,Medley,David Annis,Men,AP International,B-Final,127.92,2024_25,LC,121.77,121.77,current_season,105.05050505050507,False,122.9
c73471f1-b3f8-451a-9ef9-787ef974582e,50,2025-05-25,200,False,200 m IM,Medley,David Annis,Men,AP International,Heat,126.86,2024_25,LC,121.77,121.77,current_season,104.18001149708466,False,122.9
8323e9e9-ead4-4a38-b128-2a67565b2885,50,2025-06-28,200,False,200 m IM,Medley,David Annis,Men,European U23 Championships,Heat,122.37,2024_25,LC,121.77,121.77,current_season,100.49273220004929,False,122.9
1f448335-d38b-4ea1-a28b-68d3a037a061,50,2025-07-24,200,False,200 m IM,Medley,David Annis,Men,British Summer Championships,Final,120.85,2024_25,LC,121.77,121.77,current_season,99.24447729325779,True,122.9
37403078-2e72-4e72-8057-35190a76ac92,50,2025-07-24,200,False,200 m IM,Medley,David Annis,Men,British Summer Championships,Heat,123.9,2024_25,LC,120.85,120.85,current_season,102.52378982209352,False,122.9
8a013616-8b18-4b0c-aaf2-6d0c0232810f,50,2024-01-28,400,False,400 m Freestyle,Freestyle,David Annis,Men,Euro Meet Luxembourg,Heat,243.59,2023_24,LC,242.62,242.62,current_season,100.39980215975599,False,
2110d5a5-d3f1-4648-8779-769b8f5fbb4e,50,2024-04-02,400,False,400 m Freestyle,Freestyle,David Annis,Men,British Championships,B-Final,237.5,2023_24,LC,242.62,242.62,current_season,97.88970406396834,True,
2b9dfd92-db17-4cd0-afd4-01d7423aeb80,50,2024-04-02,400,False,400 m Freestyle,Freestyle,David Annis,Men,British Championships,Heat,237.79,2023_24,LC,237.5,237.5,current_season,100.1221052631579,False,
0d39bcbc-987d-46e6-a5a6-30f1f4261600,50,2025-02-16,400,False,400 m Freestyle,Freestyle,David Annis,Men,BUCS Championships,Final,239.61,2024_25,LC,,237.5,prior_season,100.88842105263159,False,237.5
35d74f64-5c99-4d32-9654-b03efee863df,50,2025-03-16,400,False,400 m Freestyle,Freestyle,David Annis,Men,Edinburgh International,Heat,242.58,2024_25,LC,239.61,239.61,current_season,101.2395142105922,False,237.5
cae9916e-d00a-4d13-a2cb-9c4022626d5b,50,2025-03-27,400,False,400 m Freestyle,Freestyle,David Annis,Men,Time Trial,Time Trial,239.06,2024_25,LC,239.61,239.61,current_season,99.77046033137181,True,237.5
4ee05841-008a-451f-9e4a-6c942d2b2b77,50,2025-04-15,400,False,400 m Freestyle,Freestyle,David Annis,Men,British Championships,Heat,236.59,2024_25,LC,239.06,239.06,current_season,98.9667865807747,True,237.5
88a5b51c-c2f4-43be-99be-8fa7ff40efcb,50,2025-04-15,400,False,400 m Freestyle,Freestyle,David Annis,Men,British Championships,B-Final,232.77,2024_25,LC,236.59,236.59,current_season,98.3853924510757,True,237.5
cbc91a85-e234-43e6-bbe6-fc6c6e8201ca,50,2025-05-25,400,False,400 m Freestyle,Freestyle,David Annis,Men,AP International,Heat,242.5,2024_25,LC,232.77,232.77,current_season,104.18009193624607,False,237.5
fcd266d2-ed45-46a9-b647-0e837a39e043,50,2025-05-25,400,False,400 m Freestyle,Freestyle,David Annis,Men,AP International,B-Final,241.86,2024_25,LC,232.77,232.77,current_season,103.9051424152597,False,237.5
15aaaec0-164d-4d6a-a460-e0123e6a5a8f,50,2025-06-27,400,False,400 m Freestyle,Freestyle,David Annis,Men,European U23 Championships,Heat,236.33,2024_25,LC,232.77,232.77,current_season,101.52940671048675,False,237.5
205d6938-f292-46c3-a09e-25f17d1ec520,50,2025-07-25,400,False,400 m Freestyle,Freestyle,David Annis,Men,British Summer Championships,Final,235.56,2024_25,LC,232.77,232.77,current_season,101.19860806805,False,237.5
b165d1fa-1325-43fd-95c2-43033efb71be,50,2023-07-25,400,False,400 m IM,Medley,David Annis,Men,British Summer Championships,Final,264.71,2022_23,LC,270.99,270.99,current_season,97.68257131259455,True,
7fcd9e38-50f5-4f77-aba4-fbbff54ef61b,50,2024-01-26,400,False,400 m IM,Medley,David Annis,Men,Euro Meet Luxembourg,Final,273.65,2023_24,LC,,264.71,prior_season,103.37728079785427,False,264.71
640ccf65-288d-46b8-b904-aa90429b0faa,50,2024-04-04,400,False,400 m IM,Medley,David Annis,Men,British Championships,Heat,264.53,2023_24,LC,273.65,273.65,current_season,96.66727571715695,True,264.71
f6a98b68-a3ca-4a21-9d86-204e3f94f6a8,50,2024-04-04,400,False,400 m IM,Medley,David Annis,Men,British Championships,Final,263.11,2023_24,LC,264.53,264.53,current_season,99.4631988810343,True,264.71
1486c310-90b1-4a49-8954-a613327ad733,50,2024-07-05,400,False,400 m IM,Medley,David Annis,Men,European Junior Championships,Heat,263.75,2023_24,LC,263.11,263.11,current_season,100.24324427045721,False,264.71
4f8527b7-fbe5-47ad-9f2a-d808db91e4fa,50,2024-07-05,400,False,400 m IM,Medley,David Annis,Men,European Junior Championships,Final,263.03,2023_24,LC,263.11,263.11,current_season,99.96959446619283,True,264.71
02589b91-a1bb-462d-aa79-d28d99369763,50,2024-07-23,400,False,400 m IM,Medley,David Annis,Men,British Summer Championships,Heat,267.13,2023_24,LC,263.03,263.03,current_season,101.55875755617232,False,264.71
eca61753-1e12-42fa-8e13-86d523dbae0e,50,2025-02-15,400,False,400 m IM,Medley,David Annis,Men,BUCS Championships,Final,270.36,2024_25,LC,,263.03,prior_season,102.78675436262026,False,263.03
54e9e0bd-b12e-4cfc-bbf7-c0a4097b8651,50,2025-03-15,400,False,400 m IM,Medley,David Annis,Men,Edinburgh International,B-Final,269.45,2024_25,LC,270.36,270.36,current_season,99.66341174729989,True,263.03
f7acc099-3376-49c9-a0fe-5af7ecb18dcf,50,2025-03-15,400,False,400 m IM,Medley,David Annis,Men,Edinburgh International,Heat,273.77,2024_25,LC,269.45,269.45,current_season,101.60326591204306,False,263.03
5c257ab0-adf4-41c6-a947-25a034511bd7,50,2025-04-16,400,False,400 m IM,Medley,David Annis,Men,British Championships,Final,261.02,2024_25,LC,269.45,269.45,current_season,96.87140471330487,True,263.03
69bdddb2-c54a-418e-9fb9-6b8d5208c0e4,50,2025-04-16,400,False,400 m IM,Medley,David Annis,Men,British Championships,Heat,264.41,2024_25,LC,261.02,261.02,current_season,101.29875105355912,False,263.03
19e05ec1-6a1b-40ee-b11f-5470952107fb,50,2025-05-24,400,False,400 m IM,Medley,David Annis,Men,AP International,Final,271.74,2024_25,LC,261.02,261.02,current_season,104.10696498352618,False,263.03
97a32633-73e5-4d15-916a-076fad929180,50,2025-05-24,400,False,400 m IM,Medley,David Annis,Men,AP International,Heat,275.42,2024_25,LC,261.02,261.02,current_season,105.5168186345874,False,263.03
2434a6e3-b014-4d89-b870-4427c20f7c98,50,2025-07-22,400,False,400 m IM,Medley,David Annis,Men,British Summer Championships,Final,259.99,2024_25,LC,261.02,261.02,current_season,99.60539422266494,True,263.03
6d3236b3-111e-45c3-a3ed-2be1e589661e,50,2025-07-22,400,False,400 m IM,Medley,David Annis,Men,British Summer Championships,Heat,266.15,2024_25,LC,259.99,259.99,current_season,102.36932189699604,False,263.03
479de4e5-c442-4620-846f-08a285214980,50,2024-03-08,100,False,100 m Backstroke,Backstroke,Dean Fearn,Men,Edinburgh International,Final,57.22,2023_24,LC,57.11,57.11,current_season,100.19261075118193,False,
d44d20f3-99bf-4179-88ad-1e0e01282d7c,50,2024-03-08,100,False,100 m Backstroke,Backstroke,Dean Fearn,Men,Edinburgh International,Heat,57.28,2023_24,LC,57.11,57.11,current_season,100.29767116091752,False,
69e62c0c-0a88-4185-9393-96c33ba04b99,50,2024-04-03,100,False,100 m Backstroke,Backstroke,Dean Fearn,Men,British Championships,Heat,56.47,2023_24,LC,57.11,57.11,current_season,98.87935562948695,True,
8e944c7f-77d3-4abf-9b9b-293c266ea3b3,50,2024-04-03,100,False,100 m Backstroke,Backstroke,Dean Fearn,Men,British Championships,C-Final,56.1,2023_24,LC,56.47,56.47,current_season,99.34478484150877,True,
cd831a78-1d91-46c0-9fe3-aac28fb48acb,50,2024-07-06,100,False,100 m Backstroke,Backstroke,Dean Fearn,Men,European Junior Championships,Heat,56.63,2023_24,LC,56.1,56.1,current_season,100.94474153297683,False,
aff2825b-f31f-4efb-9c15-0cc872522df1,50,2024-07-22,100,False,100 m Backstroke,Backstroke,Dean Fearn,Men,British Summer Championships,Heat,56.65,2023_24,LC,56.1,56.1,current_season,100.98039215686273,False,
b276596f-81ac-4aa9-a247-55c0994fa6a2,50,2024-07-22,100,False,100 m Backstroke,Backstroke,Dean Fearn,Men,British Summer Championships,Final,56.09,2023_24,LC,56.1,56.1,current_season,99.98217468805704,True,
00c56931-1e8d-438e-a2e1-86573d83878a,50,2025-04-17,100,False,100 m Backstroke,Backstroke,Dean Fearn,Men,British Championships,Heat,55.0,2024_25,LC,,56.09,prior_season,98.05669459796754,True,56.09
e149f7e8-77b6-4a03-aa2d-75981c8c07f7,50,2025-04-17,100,False,100 m Backstroke,Backstroke,Dean Fearn,Men,British Championships,Final,54.82,2024_25,LC,55.0,55.0,current_season,99.67272727272727,True,56.09
1716fec1-0ee6-4dc7-84ea-75227b012d41,50,2025-07-05,100,False,100 m Backstroke,Backstroke,Dean Fearn,Men,European Junior Championships,Semi-Final,55.45,2024_25,LC,54.82,54.82,current_season,101.14921561473915,False,56.09
4dfda3b1-2c60-4f66-b4c8-786f51a70e56,50,2025-07-05,100,False,100 m Backstroke,Backstroke,Dean Fearn,Men,European Junior Championships,Heat,55.68,2024_25,LC,54.82,54.82,current_season,101.5687705217074,False,56.09
10041911-b4db-4102-8825-6af8e6bd026b,50,2025-07-06,100,False,100 m Backstroke,Backstroke,Dean Fearn,Men,European Junior Championships,Final,55.12,2024_25,LC,54.82,54.82,current_season,100.54724553082816,False,56.09
558c2beb-0364-4662-9697-c9e48435f777,50,2025-07-21,100,False,100 m Backstroke,Backstroke,Dean Fearn,Men,British Summer Championships,Final,54.94,2024_25,LC,54.82,54.82,current_season,100.21889821233125,False,56.09
cce46207-1a7c-43eb-b8d3-15aa03291672,50,2025-07-21,100,False,100 m Backstroke,Backstroke,Dean Fearn,Men,British Summer Championships,Heat,55.7,2024_25,LC,54.82,54.82,current_season,101.60525355709595,False,56.09
f0fbaf67-3019-4d87-beb9-dc17df70cfd1,50,2024-03-10,100,False,100 m Butterfly,Butterfly,Dean Fearn,Men,Edinburgh International,C-Final,54.88,2023_24,LC,55.86,55.86,current_season,98.24561403508773,True,
8197ed36-b4ce-4369-b91e-f4776349a1b2,50,2024-04-05,100,False,100 m Butterfly,Butterfly,Dean Fearn,Men,British Championships,B-Final,53.9,2023_24,LC,54.88,54.88,current_season,98.21428571428571,True,
f26028d3-39dd-4ff1-b17e-89b50990cccb,50,2024-04-05,100,False,100 m Butterfly,Butterfly,Dean Fearn,Men,British Championships,Heat,54.58,2023_24,LC,53.9,53.9,current_season,101.26159554730982,False,
2cf073b2-4cea-43a1-a2c4-aaf668303408,50,2024-07-04,100,False,100 m Butterfly,Butterfly,Dean Fearn,Men,European Junior Championships,Heat,54.54,2023_24,LC,53.9,53.9,current_season,101.1873840445269,False,
518d0759-2db3-4004-b78d-6ee2569e2d81,50,2024-07-24,100,False,100 m Butterfly,Butterfly,Dean Fearn,Men,British Summer Championships,Final,54.99,2023_24,LC,53.9,53.9,current_season,102.0222634508349,False,
a9fc50ab-0ccf-4380-b534-c04ac61f1c18,50,2024-07-24,100,False,100 m Butterfly,Butterfly,Dean Fearn,Men,British Summer Championships,Heat,54.89,2023_24,LC,53.9,53.9,current_season,101.83673469387755,False,
69c2555e-dca4-415d-a5bc-6c0fa54bdba3,50,2025-04-18,100,False,100 m Butterfly,Butterfly,Dean Fearn,Men,British Championships,C-Final,53.47,2024_25,LC,,53.9,prior_season,99.20222634508349,True,53.9
d98a8dd3-b754-4db0-ab70-0e3422308543,50,2025-04-18,100,False,100 m Butterfly,Butterfly,Dean Fearn,Men,British Championships,Heat,53.64,2024_25,LC,53.47,53.47,current_season,100.31793529081729,False,53.9
3a792f51-d11d-45d7-9cc8-139ab3297dc5,50,2025-07-03,100,False,100 m Butterfly,Butterfly,Dean Fearn,Men,European Junior Championships,Semi-Final,52.66,2024_25,LC,53.47,53.47,current_season,98.48513184963531,True,53.9
c26fd7bf-22c3-4687-a727-33ae1680be7e,50,2025-07-03,100,False,100 m Butterfly,Butterfly,Dean Fearn,Men,European Junior Championships,Heat,53.05,2024_25,LC,52.66,52.66,current_season,100.74060007595898,False,53.9
b9769aa0-f56a-4bca-b6bf-138d50d5f1d2,50,2025-07-04,100,False,100 m Butterfly,Butterfly,Dean Fearn,Men,European Junior Championships,Final,52.64,2024_25,LC,52.66,52.66,current_season,99.96202050892519,True,53.9
1aa823aa-a500-4a35-86a4-87bbd4663777,50,2025-08-20,100,False,100 m Butterfly,Butterfly,Dean Fearn,Men,World Junior Championships,Semi-Final,52.55,2024_25,LC,52.64,52.64,current_season,99.82902735562308,True,53.9
74cc8ce5-19a8-42a4-8304-b2edb0ccc1fc,50,2025-08-20,100,False,100 m Butterfly,Butterfly,Dean Fearn,Men,World Junior Championships,Heat,52.88,2024_25,LC,52.55,52.55,current_season,100.62797335870602,False,53.9
d49d7eb7-ea4f-4d69-b093-55492ef29be3,50,2025-08-21,100,False,100 m Butterfly,Butterfly,Dean Fearn,Men,World Junior Championships,Final,52.33,2024_25,LC,52.55,52.55,current_season,99.58135109419601,True,53.9
e598a15a-2eb5-4049-bf45-c6cc64a5c501,50,2024-07-23,100,False,100 m Freestyle,Freestyle,Dean Fearn,Men,British Summer Championships,Heat,52.99,2023_24,LC,52.42,52.42,current_season,101.08737123235407,False,
3b32ce85-fc3d-484d-9e75-3d826f0b9aab,50,2024-03-10,200,False,200 m Backstroke,Backstroke,Dean Fearn,Men,Edinburgh International,Heat,126.74,2023_24,LC,126.78,126.78,current_season,99.96844928222116,True,
54ccca0d-f666-4f7b-b38f-a52233c100c2,50,2024-04-07,200,False,200 m Backstroke,Backstroke,Dean Fearn,Men,British Championships,Heat,124.68,2023_24,LC,126.74,126.74,current_season,98.37462521697965,True,
86fa8b95-210b-436b-9c80-068bb607e33b,50,2024-04-07,200,False,200 m Backstroke,Backstroke,Dean Fearn,Men,British Championships,C-Final,122.12,2023_24,LC,124.68,124.68,current_season,97.94674366377927,True,
6b5d65b5-a9c5-4369-ae40-5637805103f5,50,2024-07-26,200,False,200 m Backstroke,Backstroke,Dean Fearn,Men,British Summer Championships,Heat,126.33,2023_24,LC,122.12,122.12,current_season,103.4474287585981,False,
1bc9ab59-5d4f-4994-8313-da749440138f,50,2025-04-20,200,False,200 m Backstroke,Backstroke,Dean Fearn,Men,British Championships,C-Final,121.67,2024_25,LC,,122.12,prior_season,99.6315099901736,True,122.12
f0dfa507-d760-4b2b-be8e-c60f994b33e4,50,2025-04-20,200,False,200 m Backstroke,Backstroke,Dean Fearn,Men,British Championships,Heat,123.31,2024_25,LC,121.67,121.67,current_season,101.34790827648557,False,122.12
b5f17138-104f-4843-a58c-08713d5d83fc,50,2024-03-09,50,False,50 m Backstroke,Backstroke,Dean Fearn,Men,Edinburgh International,B-Final,26.58,2023_24,LC,26.58,26.58,current_season,100.0,False,
b7644756-82ff-4825-a1d4-bf13e02f5c97,50,2024-03-08,50,False,50 m Butterfly,Butterfly,Dean Fearn,Men,Edinburgh International,Final,24.54,2023_24,LC,24.36,24.36,current_season,100.73891625615762,False,
b9a4d54f-c081-4601-a6fc-f50f1a05e5c2,50,2024-03-08,50,False,50 m Butterfly,Butterfly,Dean Fearn,Men,Edinburgh International,Heat,24.68,2023_24,LC,24.36,24.36,current_season,101.31362889983579,False,
bc0df69c-f0da-4094-ae26-8c08d2ee8682,50,2024-07-06,50,False,50 m Butterfly,Butterfly,Dean Fearn,Men,European Junior Championships,Heat,24.39,2023_24,LC,24.36,24.36,current_season,100.1231527093596,False,
5a406fd0-f7fb-47ef-8b6f-833833aabec0,50,2024-07-26,50,False,50 m Butterfly,Butterfly,Dean Fearn,Men,British Summer Championships,Heat,24.57,2023_24,LC,24.36,24.36,current_season,100.86206896551724,False,
d52dcf1d-6dab-4136-ab11-e34f646f1ef6,50,2024-07-26,50,False,50 m Butterfly,Butterfly,Dean Fearn,Men,British Summer Championships,Final,24.29,2023_24,LC,24.36,24.36,current_season,99.71264367816092,True,
0fceaac2-cf87-46d8-9f1a-01bce2d77e79,50,2025-07-05,50,False,50 m Butterfly,Butterfly,Dean Fearn,Men,European Junior Championships,Heat,23.71,2024_25,LC,,24.29,prior_season,97.61218608480857,True,24.29
f223518d-dce8-4ac3-a12b-0b06ce6ae6b0,50,2025-07-05,50,False,50 m Butterfly,Butterfly,Dean Fearn,Men,European Junior Championships,Semi-Final,23.45,2024_25,LC,23.71,23.71,current_season,98.9034162800506,True,24.29
720baa67-0214-460b-b1dc-5dc82457901a,50,2025-07-06,50,False,50 m Butterfly,Butterfly,Dean Fearn,Men,European Junior Championships,Final,23.29,2024_25,LC,23.45,23.45,current_season,99.31769722814498,True,24.29
1a254c4e-a426-4f71-8306-7cedf9990b88,50,2025-07-25,50,False,50 m Butterfly,Butterfly,Dean Fearn,Men,British Summer Championships,Final,23.71,2024_25,LC,23.29,23.29,current_season,101.80334907685702,False,24.29
b830d419-b3d7-46ac-aaaf-34a6b3488561,50,2025-07-25,50,False,50 m Butterfly,Butterfly,Dean Fearn,Men,British Summer Championships,Heat,23.78,2024_25,LC,23.29,23.29,current_season,102.1039072563332,False,24.29
564e0995-27a0-41fa-96d6-7672425cef59,50,2025-08-22,50,False,50 m Butterfly,Butterfly,Dean Fearn,Men,World Junior Championships,Semi-Final,23.36,2024_25,LC,23.29,23.29,current_season,100.30055817947616,False,24.29
96e752aa-eebc-4e30-9f7e-94d5cbb426f5,50,2025-08-22,50,False,50 m Butterfly,Butterfly,Dean Fearn,Men,World Junior Championships,Heat,23.47,2024_25,LC,23.29,23.29,current_season,100.77286389008158,False,24.29
29ec815c-fb87-4e11-8768-5b2bd19e9b30,50,2025-08-23,50,False,50 m Butterfly,Butterfly,Dean Fearn,Men,World Junior Championships,Final,23.54,2024_25,LC,23.29,23.29,current_season,101.07342206955776,False,24.29
849f8a0c-6551-4ec9-b609-a74d7b85c1cf,50,2024-04-06,50,False,50 m Freestyle,Freestyle,Dean Fearn,Men,British Championships,C-Final,23.65,2023_24,LC,23.83,23.83,current_season,99.24464960134284,True,
dd6ecce0-4b0a-4d82-9c29-f1a65abf888a,50,2024-06-29,100,False,100 m Backstroke,Backstroke,Duncan Scott,Men,Scottish Nationals,Heat,57.36,2023_24,LC,56.49,56.49,current_season,101.54009559214019,False,
39c3d1da-6804-4e98-9a3b-aa3965af1897,50,2024-03-09,100,False,100 m Breaststroke,Breaststroke,Duncan Scott,Men,Edinburgh International,Heat,62.85,2023_24,LC,61.82,61.82,current_season,101.66612746683921,False,
b05700d5-5b74-4d8d-890c-7ea05c60a611,50,2025-06-26,100,False,100 m Breaststroke,Breaststroke,Duncan Scott,Men,Sette Colli,Heat,63.21,2024_25,LC,,61.82,prior_season,102.24846328049175,False,61.82
d6fd4812-ef5e-43ef-8eeb-ca7edbe4ef85,50,2024-03-10,100,False,100 m Butterfly,Butterfly,Duncan Scott,Men,Edinburgh International,Heat,54.73,2023_24,LC,,53.34,prior_season,102.60592425946756,False,53.34
e83245d1-c0a1-4cb4-853b-36f9efbc0968,50,2024-03-10,100,False,100 m Butterfly,Butterfly,Duncan Scott,Men,Edinburgh International,Final,53.35,2023_24,LC,54.73,54.73,current_season,97.47853097021743,True,53.34
d8f62dc5-0995-4556-a122-2cc6d3e4e582,50,2024-06-21,100,False,100 m Butterfly,Butterfly,Duncan Scott,Men,Sette Colli,Heat,52.71,2023_24,LC,53.35,53.35,current_season,98.80037488284911,True,53.34
1379c916-d518-4b46-ad9c-23c042a8035a,50,2025-02-23,100,False,100 m Butterfly,Butterfly,Duncan Scott,Men,Dave McCullagh Int LC,Final,53.7,2024_25,LC,,52.71,prior_season,101.87820147979511,False,52.71
9afede56-fdac-4cd7-8c22-88a73f3f9aae,50,2025-03-16,100,False,100 m Butterfly,Butterfly,Duncan Scott,Men,Edinburgh International,Final,53.4,2024_25,LC,53.7,53.7,current_season,99.4413407821229,True,52.71
e60fca3c-6afd-4209-b36b-6bcbfb513e76,50,2025-03-16,100,False,100 m Butterfly,Butterfly,Duncan Scott,Men,Edinburgh International,Heat,53.78,2024_25,LC,53.4,53.4,current_season,100.71161048689139,False,52.71
21717364-225a-4b24-bd80-e3ae21e1acad,50,2022-07-01,100,False,100 m Freestyle,Freestyle,Duncan Scott,Men,Scottish Nationals,Heat,49.25,2021_22,LC,50.23,50.23,current_season,98.048974716305,True,
e7eb3d55-421f-4473-aacb-2cc79f4a2c32,50,2022-07-01,100,False,100 m Freestyle,Freestyle,Duncan Scott,Men,Scottish Nationals,Final,48.95,2021_22,LC,49.25,49.25,current_season,99.39086294416244,True,
6d4e8605-90b0-4b68-a651-28be7ccc16f8,50,2022-07-31,100,False,100 m Freestyle,Freestyle,Duncan Scott,Men,Commonwealth Games,Heat,49.31,2021_22,LC,48.95,48.95,current_season,100.73544433094995,False,
e1ced89b-7ede-484d-8c01-3dc0028c48b0,50,2022-07-31,100,False,100 m Freestyle,Freestyle,Duncan Scott,Men,Commonwealth Games,Semi-Final,48.78,2021_22,LC,48.95,48.95,current_season,99.65270684371808,True,
16c45082-e996-4ea0-aa62-111afd6d7bca,50,2022-08-01,100,False,100 m Freestyle,Freestyle,Duncan Scott,Men,Commonwealth Games,Final,48.27,2021_22,LC,48.78,48.78,current_season,98.95448954489545,True,
0216ca30-7562-4da2-b252-ccacf78b7c25,50,2023-02-16,100,False,100 m Freestyle,Freestyle,Duncan Scott,Men,Time Trial,Time Trial,49.34,2022_23,LC,,48.27,prior_season,102.21669774186866,False,48.27
66cf91e5-43ac-4349-9a83-4371500cc9bd,50,2023-03-12,100,False,100 m Freestyle,Freestyle,Duncan Scott,Men,Edinburgh International,Heat,50.3,2022_23,LC,49.34,49.34,current_season,101.94568301580867,False,48.27
799f23ac-3b2c-4b55-97a8-416c7a21f8e2,50,2023-03-12,100,False,100 m Freestyle,Freestyle,Duncan Scott,Men,Edinburgh International,Final,50.45,2022_23,LC,49.34,49.34,current_season,102.24969598702877,False,48.27
04a7a46d-6906-4236-a76f-45e126e4da98,50,2023-04-06,100,False,100 m Freestyle,Freestyle,Duncan Scott,Men,British Championships,Final,48.0,2022_23,LC,49.34,49.34,current_season,97.28415079043373,True,48.27
5ce3ed59-3567-42a6-9b95-73c245cd2ec4,50,2023-04-06,100,False,100 m Freestyle,Freestyle,Duncan Scott,Men,British Championships,Heat,48.48,2022_23,LC,48.0,48.0,current_season,101.0,False,48.27
3db39b8e-c7b8-44bd-9f18-f209aac3f7c3,50,2023-05-28,100,False,100 m Freestyle,Freestyle,Duncan Scott,Men,Glasgow International,Final,49.35,2022_23,LC,48.0,48.0,current_season,102.8125,False,48.27
72121983-dc25-49d8-a67a-e8a6b20739df,50,2023-06-24,100,False,100 m Freestyle,Freestyle,Duncan Scott,Men,Sette Colli,Heat,49.15,2022_23,LC,48.0,48.0,current_season,102.39583333333333,False,48.27
c467eadb-3a21-4670-998a-d83e6d4279cc,50,2023-06-24,100,False,100 m Freestyle,Freestyle,Duncan Scott,Men,Sette Colli,Final,49.03,2022_23,LC,48.0,48.0,current_season,102.14583333333334,False,48.27
b0562f71-372f-4942-9a73-45368e9bd36f,50,2023-12-14,100,False,100 m Freestyle,Freestyle,Duncan Scott,Men,Time Trial,Heat,49.21,2023_24,LC,,48.0,prior_season,102.52083333333333,False,48.0
bc19a469-d388-4ee6-9cae-1e7839ce91ea,50,2023-12-14,100,False,100 m Freestyle,Freestyle,Duncan Scott,Men,Time Trial,Final,48.21,2023_24,LC,49.21,49.21,current_season,97.96789270473481,True,48.0
07ac8b4b-2d86-45d7-ad7b-46b32debef50,50,2024-03-10,100,False,100 m Freestyle,Freestyle,Duncan Scott,Men,Edinburgh International,Final,48.61,2023_24,LC,48.21,48.21,current_season,100.82970338104127,False,48.0
9df878d0-c4b9-4424-b891-50c1c3b65264,50,2024-03-10,100,False,100 m Freestyle,Freestyle,Duncan Scott,Men,Edinburgh International,Heat,49.49,2023_24,LC,48.21,48.21,current_season,102.65505081933209,False,48.0
ed8f7af6-832f-43fd-8dbb-d3da22ac2e42,50,2024-04-04,100,False,100 m Freestyle,Freestyle,Duncan Scott,Men,British Championships,Final,47.92,2023_24,LC,48.21,48.21,current_season,99.39846504874508,True,48.0
f548ccbf-f6be-4db8-97d3-7a96ae208d65,50,2024-04-04,100,False,100 m Freestyle,Freestyle,Duncan Scott,Men,British Championships,Heat,48.48,2023_24,LC,47.92,47.92,current_season,101.1686143572621,False,48.0
216fea7c-b9c8-4886-a7e9-fe7f90e93ef9,50,2024-05-26,100,False,100 m Freestyle,Freestyle,Duncan Scott,Men,AP International,Final,49.09,2023_24,LC,47.92,47.92,current_season,102.4415692821369,False,48.0
780421cd-e34e-4b3f-8815-2de72ddacb41,50,2024-05-26,100,False,100 m Freestyle,Freestyle,Duncan Scott,Men,AP International,Heat,49.23,2023_24,LC,47.92,47.92,current_season,102.73372287145241,False,48.0
b9a7c9f6-7b57-415b-8528-0ac407fef65a,50,2024-06-22,100,False,100 m Freestyle,Freestyle,Duncan Scott,Men,Sette Colli,Final,48.84,2023_24,LC,47.92,47.92,current_season,101.91986644407348,False,48.0
cae2f109-8a2a-4341-bf33-7fbcb62a3c20,50,2024-06-22,100,False,100 m Freestyle,Freestyle,Duncan Scott,Men,Sette Colli,Heat,48.9,2023_24,LC,47.92,47.92,current_season,102.04507512520868,False,48.0
1388637d-1888-40d2-a140-64d86ecc75bf,50,2024-06-28,100,False,100 m Freestyle,Freestyle,Duncan Scott,Men,Scottish Nationals,Final,48.88,2023_24,LC,47.92,47.92,current_season,102.0033388981636,False,48.0
571dd5e5-3836-48d0-9515-012c6e827aa1,50,2024-06-28,100,False,100 m Freestyle,Freestyle,Duncan Scott,Men,Scottish Nationals,Heat,50.92,2023_24,LC,47.92,47.92,current_season,106.26043405676127,False,48.0
093e8b35-d4eb-490b-bd81-e1815e4d680a,50,2025-02-21,100,False,100 m Freestyle,Freestyle,Duncan Scott,Men,Dave McCullagh Int LC,Final,49.47,2024_25,LC,,47.92,prior_season,103.23455759599331,False,47.92
c5de9d7b-0044-453b-b155-813e02bd87dc,50,2025-03-16,100,False,100 m Freestyle,Freestyle,Duncan Scott,Men,Edinburgh International,Final,49.31,2024_25,LC,49.47,49.47,current_season,99.67657165959169,True,47.92
f584be6c-ebef-4652-840f-7b85cc0fff80,50,2025-03-16,100,False,100 m Freestyle,Freestyle,Duncan Scott,Men,Edinburgh International,Heat,49.73,2024_25,LC,49.31,49.31,current_season,100.85175420807137,False,47.92
f4f75985-6364-4ef4-a992-a0c05dbc31ae,50,2025-05-22,100,False,100 m Freestyle,Freestyle,Duncan Scott,Men,Mare Nostrum Barcelona,Final,49.28,2024_25,LC,49.31,49.31,current_season,99.93916041370919,True,47.92
df8d47a7-33bc-447b-bfdf-ee00ec997813,50,2022-07-01,200,False,200 m Butterfly,Butterfly,Duncan Scott,Men,Scottish Nationals,Final,119.77,2021_22,LC,122.47,122.47,current_season,97.79537846003102,True,
18e7b476-9acc-4ffd-a31f-a644806afc00,50,2022-07-31,200,False,200 m Butterfly,Butterfly,Duncan Scott,Men,Commonwealth Games,Final,116.89,2021_22,LC,119.77,119.77,current_season,97.59539116640228,True,
87b96bbc-089e-4e41-9fb9-ee7ca6ab876d,50,2022-07-31,200,False,200 m Butterfly,Butterfly,Duncan Scott,Men,Commonwealth Games,Heat,117.48,2021_22,LC,116.89,116.89,current_season,100.50474805372573,False,
539b6ec1-eae5-40ce-8a4c-a50b8272f2ee,50,2023-02-26,200,False,200 m Butterfly,Butterfly,Duncan Scott,Men,BUCS Championships,Heat,121.96,2022_23,LC,,116.89,prior_season,104.337411241338,False,116.89
6cdea255-0e03-4fb1-a5ad-10e4db919054,50,2023-03-11,200,False,200 m Butterfly,Butterfly,Duncan Scott,Men,Edinburgh International,Heat,124.87,2022_23,LC,121.96,121.96,current_season,102.38602820596918,False,116.89
6f091010-3685-40ee-9e96-358fae036549,50,2025-03-15,200,False,200 m Butterfly,Butterfly,Duncan Scott,Men,Edinburgh International,Final,118.53,2024_25,LC,121.03,121.03,current_season,97.93439643063702,True,
cfa707f5-7008-49e1-af10-a1d0752eb9e5,50,2025-04-16,200,False,200 m Butterfly,Butterfly,Duncan Scott,Men,British Championships,Final,114.89,2024_25,LC,118.53,118.53,current_season,96.92904749852357,True,
ec0beb59-4cfa-42b0-8704-1168ea139f14,50,2025-04-16,200,False,200 m Butterfly,Butterfly,Duncan Scott,Men,British Championships,Heat,118.85,2024_25,LC,114.89,114.89,current_season,103.44677517625553,False,
509854e8-2a9b-4e84-98a3-b9f9f0b067cd,50,2025-06-27,200,False,200 m Butterfly,Butterfly,Duncan Scott,Men,Sette Colli,Heat,117.5,2024_25,LC,114.89,114.89,current_season,102.27173818435024,False,
d82de975-5cac-419d-9cce-0cccbbc26dc3,50,2025-06-27,200,False,200 m Butterfly,Butterfly,Duncan Scott,Men,Sette Colli,Final,116.71,2024_25,LC,114.89,114.89,current_season,101.58412394464268,False,
85e6c576-5c20-4a19-8d66-fb4aaf47c706,50,2022-03-11,200,False,200 m Freestyle,Freestyle,Duncan Scott,Men,Edinburgh International,Heat,108.31,2021_22,LC,106.89,106.89,current_season,101.32846851903827,False,
d4568a39-ea82-419d-b0ce-7f6000b6677f,50,2022-03-11,200,False,200 m Freestyle,Freestyle,Duncan Scott,Men,Edinburgh International,Final,108.74,2021_22,LC,106.89,106.89,current_season,101.7307512395921,False,
3e743d27-e0a3-4828-adf3-6f1c8dc5a35b,50,2022-03-24,200,False,200 m Freestyle,Freestyle,Duncan Scott,Men,Time Trial,Final,107.05,2021_22,LC,106.89,106.89,current_season,100.14968659369445,False,
0b71437d-5a6e-4bbe-8b49-83020c231ee5,50,2022-04-10,200,False,200 m Freestyle,Freestyle,Duncan Scott,Men,British Championships,Heat,107.22,2021_22,LC,106.89,106.89,current_season,100.3087285994948,False,
5670e740-111f-4abe-90d5-65a1d5f91d87,50,2022-04-10,200,False,200 m Freestyle,Freestyle,Duncan Scott,Men,British Championships,Final,105.54,2021_22,LC,106.89,106.89,current_season,98.73701936570306,True,
98bac923-fe8c-4331-a5e5-65b9f4b3745c,50,2022-07-14,200,False,200 m Freestyle,Freestyle,Duncan Scott,Men,Time Trial,Time Trial,106.33,2021_22,LC,105.54,105.54,current_season,100.74853136251659,False,
149cec9b-45bf-4000-b25f-34e449fc41e3,50,2022-07-30,200,False,200 m Freestyle,Freestyle,Duncan Scott,Men,Commonwealth Games,Final,105.02,2021_22,LC,105.54,105.54,current_season,99.50729581201439,True,
6c3a94de-60b9-4948-951e-e236058aeee2,50,2022-07-30,200,False,200 m Freestyle,Freestyle,Duncan Scott,Men,Commonwealth Games,Heat,107.16,2021_22,LC,105.02,105.02,current_season,102.03770710340888,False,
9594b5fb-ece6-4570-a5b4-6c55c37fbdb1,50,2023-02-16,200,False,200 m Freestyle,Freestyle,Duncan Scott,Men,Time Trial,Time Trial,106.78,2022_23,LC,,105.02,prior_season,101.67587126261665,False,105.02
be4236f8-e244-4ba7-86aa-a5f2acb33310,50,2023-02-25,200,False,200 m Freestyle,Freestyle,Duncan Scott,Men,BUCS Championships,Heat,108.15,2022_23,LC,106.78,106.78,current_season,101.28301179996255,False,105.02
96a859a1-915d-47c8-9f51-3032455ecb21,50,2023-03-10,200,False,200 m Freestyle,Freestyle,Duncan Scott,Men,Edinburgh International,Final,109.03,2022_23,LC,106.78,106.78,current_season,102.1071361678217,False,105.02
9f124d5e-c727-4257-a55e-043490153ee7,50,2023-03-10,200,False,200 m Freestyle,Freestyle,Duncan Scott,Men,Edinburgh International,Heat,110.88,2022_23,LC,106.78,106.78,current_season,103.83967035025286,False,105.02
2e93f16a-0724-4818-b9bd-7d64817611c2,50,2023-04-09,200,False,200 m Freestyle,Freestyle,Duncan Scott,Men,British Championships,Heat,108.52,2022_23,LC,106.78,106.78,current_season,101.62951863644878,False,105.02
32f80032-bce6-4c80-be19-7d17c4504834,50,2023-04-09,200,False,200 m Freestyle,Freestyle,Duncan Scott,Men,British Championships,Final,105.9,2022_23,LC,106.78,106.78,current_season,99.17587563214086,True,105.02
e0ef809b-45af-42a9-841b-acf4cd0e9e99,50,2023-05-27,200,False,200 m Freestyle,Freestyle,Duncan Scott,Men,Glasgow International,Final,107.93,2022_23,LC,105.9,105.9,current_season,101.91690273843248,False,105.02
7983aa4d-acc0-45d9-82a4-cb8d60299a90,50,2023-07-01,200,False,200 m Freestyle,Freestyle,Duncan Scott,Men,Scottish Nationals,Heat,111.07,2022_23,LC,105.9,105.9,current_season,104.88196411709158,False,105.02
b0e545cf-c67b-4d9b-94c0-b8b131aa79a8,50,2023-07-01,200,False,200 m Freestyle,Freestyle,Duncan Scott,Men,Scottish Nationals,Final,107.24,2022_23,LC,105.9,105.9,current_season,101.26534466477808,False,105.02
7a020ed9-b243-42dc-82f7-9385c650fdbf,50,2023-12-15,200,False,200 m Freestyle,Freestyle,Duncan Scott,Men,Time Trial,Heat,107.14,2023_24,LC,,105.9,prior_season,101.17091595845136,False,105.9
090e62c2-cb86-48bf-8fc6-0ab99d640763,50,2024-02-12,200,False,200 m Freestyle,Freestyle,Duncan Scott,Men,World Championships,Semi-Final,106.24,2023_24,LC,107.14,107.14,current_season,99.15997759940265,True,105.9
426858db-75d6-4287-bd3c-1c8e027f2d5d,50,2024-02-12,200,False,200 m Freestyle,Freestyle,Duncan Scott,Men,World Championships,Heat,106.09,2023_24,LC,106.24,106.24,current_season,99.85881024096386,True,105.9
2513f479-f713-4629-b76c-6f84e6db75e0,50,2024-02-13,200,False,200 m Freestyle,Freestyle,Duncan Scott,Men,World Championships,Final,105.86,2023_24,LC,106.09,106.09,current_season,99.78320294089923,True,105.9
26b5e476-d627-4ed9-94c7-972c8194ff1b,50,2024-03-08,200,False,200 m Freestyle,Freestyle,Duncan Scott,Men,Edinburgh International,Heat,110.72,2023_24,LC,105.86,105.86,current_season,104.59096920460986,False,105.9
837f7310-515d-454f-b902-0724ba3810ab,50,2024-03-08,200,False,200 m Freestyle,Freestyle,Duncan Scott,Men,Edinburgh International,Final,106.14,2023_24,LC,105.86,105.86,current_season,100.26450028339315,False,105.9
924102a4-4a39-4dac-a306-ecbfa91498df,50,2024-04-07,200,False,200 m Freestyle,Freestyle,Duncan Scott,Men,British Championships,Final,104.75,2023_24,LC,105.86,105.86,current_season,98.95144530511996,True,105.9
f951d10a-f8fd-439d-bab8-8548b5bbb760,50,2024-04-07,200,False,200 m Freestyle,Freestyle,Duncan Scott,Men,British Championships,Heat,107.18,2023_24,LC,104.75,104.75,current_season,102.31980906921241,False,105.9
0630e9f5-b36e-4d63-8262-d42eb840a2bc,50,2024-05-27,200,False,200 m Freestyle,Freestyle,Duncan Scott,Men,AP International,Heat,110.13,2023_24,LC,104.75,104.75,current_season,105.1360381861575,False,105.9
1c06e173-c426-4d9e-9c82-0a0a6da56666,50,2024-05-27,200,False,200 m Freestyle,Freestyle,Duncan Scott,Men,AP International,Final,106.7,2023_24,LC,104.75,104.75,current_season,101.86157517899761,False,105.9
653f69c0-3bd9-4792-921a-e8aa655e747b,50,2024-06-23,200,False,200 m Freestyle,Freestyle,Duncan Scott,Men,Sette Colli,Final,106.63,2023_24,LC,104.75,104.75,current_season,101.79474940334129,False,105.9
c7b5599d-260a-441d-a6c1-ef21ef90ae80,50,2024-06-23,200,False,200 m Freestyle,Freestyle,Duncan Scott,Men,Sette Colli,Heat,107.3,2023_24,LC,104.75,104.75,current_season,102.43436754176611,False,105.9
e8771238-79cd-45df-bf15-2ff7128885f9,50,2024-06-29,200,False,200 m Freestyle,Freestyle,Duncan Scott,Men,Scottish Nationals,Heat,109.52,2023_24,LC,104.75,104.75,current_season,104.55369928400955,False,105.9
f94ba442-d9da-471b-8b74-0716a909dc93,50,2024-06-29,200,False,200 m Freestyle,Freestyle,Duncan Scott,Men,Scottish Nationals,Final,107.7,2023_24,LC,104.75,104.75,current_season,102.8162291169451,False,105.9
10e3cd5a-024f-446a-b472-54776b07ce7f,50,2024-07-28,200,False,200 m Freestyle,Freestyle,Duncan Scott,Men,Olympic Games,Heat,106.34,2023_24,LC,104.75,104.75,current_season,101.51789976133652,False,105.9
214ec751-fdc4-49b7-8455-1a717567a02d,50,2024-07-28,200,False,200 m Freestyle,Freestyle,Duncan Scott,Men,Olympic Games,Semi-Final,104.94,2023_24,LC,104.75,104.75,current_season,100.18138424821001,False,105.9
4a71e758-4e35-424d-b4f1-15f4bf3cf9dc,50,2024-07-29,200,False,200 m Freestyle,Freestyle,Duncan Scott,Men,Olympic Games,Final,104.87,2023_24,LC,104.75,104.75,current_season,100.11455847255371,False,105.9
411f63ff-04a6-4bc9-949a-d89920d2de4d,50,2025-02-22,200,False,200 m Freestyle,Freestyle,Duncan Scott,Men,Dave McCullagh Int LC,Final,107.99,2024_25,LC,,104.75,prior_season,103.09307875894989,False,104.75
cc99d0ea-7c44-4995-b18b-7a548ec1f631,50,2025-03-27,200,False,200 m Freestyle,Freestyle,Duncan Scott,Men,Time Trial,Time Trial,106.62,2024_25,LC,107.99,107.99,current_season,98.7313640151866,True,104.75
3bdf1ef2-f2de-4302-a4fc-9391731eb001,50,2025-04-20,200,False,200 m Freestyle,Freestyle,Duncan Scott,Men,British Championships,Heat,107.31,2024_25,LC,106.62,106.62,current_season,100.64715813168262,False,104.75
8924c9e0-f20a-4ccf-9f23-4b6f099083cb,50,2025-04-20,200,False,200 m Freestyle,Freestyle,Duncan Scott,Men,British Championships,Final,105.08,2024_25,LC,106.62,106.62,current_season,98.55561808291127,True,104.75
1775104a-ea34-400d-bc9a-95704bcce77c,50,2025-05-21,200,False,200 m Freestyle,Freestyle,Duncan Scott,Men,Mare Nostrum Barcelona,Final,107.35,2024_25,LC,105.08,105.08,current_season,102.1602588503997,False,104.75
124e01f0-cb6a-4a24-bf86-727f90d19100,50,2025-05-26,200,False,200 m Freestyle,Freestyle,Duncan Scott,Men,AP International,Heat,107.89,2024_25,LC,105.08,105.08,current_season,102.6741530262657,False,104.75
4e2c94af-f54f-45c2-b3d6-91596f6a1237,50,2025-05-26,200,False,200 m Freestyle,Freestyle,Duncan Scott,Men,AP International,Final,106.15,2024_25,LC,105.08,105.08,current_season,101.01827179291969,False,104.75
69e08f07-6f9d-4d50-8215-61f9a71c656a,50,2022-03-11,200,False,200 m IM,Medley,Duncan Scott,Men,Edinburgh International,Heat,123.4,2021_22,LC,118.42,118.42,current_season,104.20537071440637,False,
e4391295-39ac-4999-9a39-187fa1d8e866,50,2022-03-11,200,False,200 m IM,Medley,Duncan Scott,Men,Edinburgh International,Final,119.35,2021_22,LC,118.42,118.42,current_season,100.78534031413614,False,
b6e6347b-78ab-4b3c-8aee-f37a070a7540,50,2022-03-22,200,False,200 m IM,Medley,Duncan Scott,Men,Time Trial,Final,118.06,2021_22,LC,118.42,118.42,current_season,99.69599729775376,True,
399bee8b-41aa-44e6-8894-629800ce0a8b,50,2022-04-09,200,False,200 m IM,Medley,Duncan Scott,Men,British Championships,Heat,121.99,2021_22,LC,118.06,118.06,current_season,103.32881585634424,False,
f94bde68-1c5b-4a30-9278-2aba17ffc02a,50,2022-04-09,200,False,200 m IM,Medley,Duncan Scott,Men,British Championships,Final,116.08,2021_22,LC,118.06,118.06,current_season,98.32288666779603,True,
576f9ef1-3b04-4803-ab99-3f07f67b8156,50,2022-08-03,200,False,200 m IM,Medley,Duncan Scott,Men,Commonwealth Games,Heat,120.41,2021_22,LC,116.08,116.08,current_season,103.7301860785665,False,
ce65b00b-8b4a-4721-951b-f8ef1560047f,50,2022-08-03,200,False,200 m IM,Medley,Duncan Scott,Men,Commonwealth Games,Final,116.88,2021_22,LC,116.08,116.08,current_season,100.68917987594762,False,
129da67d-1930-4f0c-b6cb-109d5e06a3b8,50,2023-03-10,200,False,200 m IM,Medley,Duncan Scott,Men,Edinburgh International,Final,121.01,2022_23,LC,,116.08,prior_season,104.24707098552723,False,116.08
fec739ca-91c6-46db-ab7b-10ecee153e5c,50,2023-03-10,200,False,200 m IM,Medley,Duncan Scott,Men,Edinburgh International,Heat,124.07,2022_23,LC,121.01,121.01,current_season,102.52871663498884,False,116.08
4edbb44d-41c7-406a-a7f0-7750c2bd86f8,50,2023-04-08,200,False,200 m IM,Medley,Duncan Scott,Men,British Championships,Final,116.72,2022_23,LC,121.01,121.01,current_season,96.45483844310388,True,116.08
59cd8e5e-2966-46e4-8f8b-861ca8cb601d,50,2023-04-08,200,False,200 m IM,Medley,Duncan Scott,Men,British Championships,Heat,121.31,2022_23,LC,116.72,116.72,current_season,103.93248800548321,False,116.08
6edf630e-2f0a-4c15-9864-288859f678e6,50,2023-05-26,200,False,200 m IM,Medley,Duncan Scott,Men,Glasgow International,Final,119.08,2022_23,LC,116.72,116.72,current_season,102.02193283070595,False,116.08
e28f757e-82bb-4a1b-a9b6-be18b2416b79,50,2023-06-08,200,False,200 m IM,Medley,Duncan Scott,Men,Time Trial,Time Trial,119.02,2022_23,LC,116.72,116.72,current_season,101.97052775873885,False,116.08
2bffaa63-8637-4978-95ba-e0e1ebeeab83,50,2023-06-25,200,False,200 m IM,Medley,Duncan Scott,Men,Sette Colli,Final,118.83,2022_23,LC,116.72,116.72,current_season,101.80774503084305,False,116.08
7a8ce2e7-8def-4e4f-a3a3-05fa66e978d2,50,2023-06-25,200,False,200 m IM,Medley,Duncan Scott,Men,Sette Colli,Heat,120.67,2022_23,LC,116.72,116.72,current_season,103.38416723783415,False,116.08
e75e700f-f20a-4fd9-8dd6-f28e95dbc579,50,2023-06-30,200,False,200 m IM,Medley,Duncan Scott,Men,Scottish Nationals,Heat,128.41,2022_23,LC,116.72,116.72,current_season,110.01542152159011,False,116.08
f4d9444d-b64e-40ed-9bba-ad13d03fe824,50,2023-06-30,200,False,200 m IM,Medley,Duncan Scott,Men,Scottish Nationals,Final,119.93,2022_23,LC,116.72,116.72,current_season,102.7501713502399,False,116.08
21462c98-d7b2-4dae-ab4d-445c6fa4b73e,50,2023-07-26,200,False,200 m IM,Medley,Duncan Scott,Men,World Championships,Heat,117.76,2022_23,LC,116.72,116.72,current_season,100.89102124742975,False,116.08
92d9dfd9-b7d4-44cb-b5ca-860dbe35a730,50,2023-07-26,200,False,200 m IM,Medley,Duncan Scott,Men,World Championships,Semi-Final,116.5,2022_23,LC,116.72,116.72,current_season,99.81151473612063,True,116.08
4fac592a-48b2-457c-a9c8-31ca9b8d1661,50,2023-07-27,200,False,200 m IM,Medley,Duncan Scott,Men,World Championships,Final,115.95,2022_23,LC,116.5,116.5,current_season,99.52789699570815,True,116.08
5c712fe4-d3cb-4ee9-aa01-d74b797058e1,50,2023-12-14,200,False,200 m IM,Medley,Duncan Scott,Men,Time Trial,Final,117.16,2023_24,LC,,115.95,prior_season,101.04355325571366,False,115.95
dc35dac3-448e-4758-951d-1042fbc1138e,50,2023-12-14,200,False,200 m IM,Medley,Duncan Scott,Men,Time Trial,Heat,120.59,2023_24,LC,117.16,117.16,current_season,102.92762034824172,False,115.95
2e22ffae-3c34-45f1-a65e-b4bb74182dcc,50,2024-02-14,200,False,200 m IM,Medley,Duncan Scott,Men,World Championships,Heat,119.91,2023_24,LC,117.16,117.16,current_season,102.34721748036873,False,115.95
c1d351a3-539a-4393-a4c2-bc2a82e6aea3,50,2024-02-14,200,False,200 m IM,Medley,Duncan Scott,Men,World Championships,Semi-Final,117.83,2023_24,LC,117.16,117.16,current_season,100.57186753158074,False,115.95
7c6c0f4b-8285-4b9b-8b92-66b75492a880,50,2024-02-15,200,False,200 m IM,Medley,Duncan Scott,Men,World Championships,Final,117.75,2023_24,LC,117.16,117.16,current_season,100.50358484124276,False,115.95
03bba7cd-307d-47cc-a056-c887c3debe5a,50,2024-03-08,200,False,200 m IM,Medley,Duncan Scott,Men,Edinburgh International,Final,117.73,2023_24,LC,117.16,117.16,current_season,100.48651416865826,False,115.95
cc73a7c4-6006-482e-908a-2b5718f71ba2,50,2024-03-08,200,False,200 m IM,Medley,Duncan Scott,Men,Edinburgh International,Heat,124.0,2023_24,LC,117.16,117.16,current_season,105.83817002389895,False,115.95
16563ecc-50d3-4065-a5ff-1e795187e963,50,2024-04-05,200,False,200 m IM,Medley,Duncan Scott,Men,British Championships,Final,115.91,2023_24,LC,117.16,117.16,current_season,98.93308296346876,True,115.95
dbc251e3-5f5b-4476-bf07-f8a7b957e71e,50,2024-04-05,200,False,200 m IM,Medley,Duncan Scott,Men,British Championships,Heat,118.88,2023_24,LC,115.91,115.91,current_season,102.56233284444826,False,115.95
8678e80b-d376-42cc-828e-a765e67efa29,50,2024-05-26,200,False,200 m IM,Medley,Duncan Scott,Men,AP International,Final,118.18,2023_24,LC,115.91,115.91,current_season,101.95841601242344,False,115.95
b9340b2a-7e50-4f93-a6b9-df475d668f6a,50,2024-05-26,200,False,200 m IM,Medley,Duncan Scott,Men,AP International,Heat,124.27,2023_24,LC,115.91,115.91,current_season,107.21249245103961,False,115.95
54174dfe-59bd-451d-a34a-427c36bfbb5b,50,2024-06-28,200,False,200 m IM,Medley,Duncan Scott,Men,Scottish Nationals,Final,117.95,2023_24,LC,115.91,115.91,current_season,101.75998619618669,False,115.95
729d9058-af71-4f6e-a3b5-9d290de9cabe,50,2024-06-28,200,False,200 m IM,Medley,Duncan Scott,Men,Scottish Nationals,Heat,129.92,2023_24,LC,115.91,115.91,current_season,112.08696402381157,False,115.95
02581930-cfcc-42cc-b993-1d3ad584ec09,50,2024-08-01,200,False,200 m IM,Medley,Duncan Scott,Men,Olympic Games,Semi-Final,116.49,2023_24,LC,115.91,115.91,current_season,100.50038823224916,False,115.95
db5b9c00-65cd-4c81-9d39-755bc31f7b68,50,2024-08-01,200,False,200 m IM,Medley,Duncan Scott,Men,Olympic Games,Heat,117.77,2023_24,LC,115.91,115.91,current_season,101.60469329652318,False,115.95
b7f93270-a5a9-4623-a1c0-addcf06c4248,50,2024-08-02,200,False,200 m IM,Medley,Duncan Scott,Men,Olympic Games,Final,115.31,2023_24,LC,115.91,115.91,current_season,99.48235700112157,True,115.95
a05af0f1-3c04-45ee-be66-7dde49092540,50,2025-02-23,200,False,200 m IM,Medley,Duncan Scott,Men,Dave McCullagh Int LC,Final,120.25,2024_25,LC,,115.31,prior_season,104.28410372040587,False,115.31
9b6175df-59a6-4932-b72e-1174088ff40b,50,2025-03-14,200,False,200 m IM,Medley,Duncan Scott,Men,Edinburgh International,Heat,122.23,2024_25,LC,120.25,120.25,current_season,101.64656964656965,False,115.31
bcec5775-da1e-4920-b56d-7fe657f493fa,50,2025-03-14,200,False,200 m IM,Medley,Duncan Scott,Men,Edinburgh International,Final,118.97,2024_25,LC,120.25,120.25,current_season,98.93555093555094,True,115.31
09a5d7ec-6efc-4b67-bd5d-15d9c2787c8b,50,2025-04-18,200,False,200 m IM,Medley,Duncan Scott,Men,British Championships,Final,116.44,2024_25,LC,118.97,118.97,current_season,97.87341346557956,True,115.31
3518fa21-e044-416f-aacc-09a2cda6e77f,50,2025-04-18,200,False,200 m IM,Medley,Duncan Scott,Men,British Championships,Heat,119.99,2024_25,LC,116.44,116.44,current_season,103.04878048780488,False,115.31
b36209af-bfef-4a49-a90a-7784b3bad7e8,50,2025-05-25,200,False,200 m IM,Medley,Duncan Scott,Men,AP International,Heat,120.43,2024_25,LC,116.44,116.44,current_season,103.42665750601168,False,115.31
c6567729-d397-49c7-b5a2-7c396886320e,50,2025-05-25,200,False,200 m IM,Medley,Duncan Scott,Men,AP International,Final,118.52,2024_25,LC,116.44,116.44,current_season,101.78632772243215,False,115.31
861f9fe1-2a9b-463a-9c32-7356bf16719b,50,2025-06-28,200,False,200 m IM,Medley,Duncan Scott,Men,Sette Colli,Heat,119.92,2024_25,LC,116.44,116.44,current_season,102.9886636894538,False,115.31
fed5fa99-7f0d-4a06-84a2-a19968981bea,50,2025-06-28,200,False,200 m IM,Medley,Duncan Scott,Men,Sette Colli,Final,119.65,2024_25,LC,116.44,116.44,current_season,102.75678461009963,False,115.31
ab29f35e-ea8d-4db5-8869-31dc081ac75f,50,2025-07-30,200,False,200 m IM,Medley,Duncan Scott,Men,World Championships,Heat,118.0,2024_25,LC,116.44,116.44,current_season,101.33974579182411,False,115.31
ed69329c-fa57-461f-9b25-b4a4326928de,50,2025-07-30,200,False,200 m IM,Medley,Duncan Scott,Men,World Championships,Semi-Final,115.51,2024_25,LC,116.44,116.44,current_season,99.20130539333563,True,115.31
3182d685-403c-4171-8de9-953fc0a4c5e7,50,2025-07-31,200,False,200 m IM,Medley,Duncan Scott,Men,World Championships,Final,116.32,2024_25,LC,115.51,115.51,current_season,100.70123798805297,False,115.31
b709057e-2b3e-4ff6-be3c-e38c35e6f679,50,2022-03-12,400,False,400 m IM,Medley,Duncan Scott,Men,Edinburgh International,Final,255.44,2021_22,LC,268.99,268.99,current_season,94.96263801628314,True,
03449f25-8d46-4999-bd73-b2bd28ca78ef,50,2022-04-07,400,False,400 m IM,Medley,Duncan Scott,Men,British Championships,Final,249.18,2021_22,LC,255.44,255.44,current_season,97.54932665205138,True,
b6c9cc8d-5b47-4e80-b28e-57d5b922a02a,50,2022-04-07,400,False,400 m IM,Medley,Duncan Scott,Men,British Championships,Heat,257.51,2021_22,LC,249.18,249.18,current_season,103.34296492495385,False,
58bc8673-d775-4801-b98d-359a46623b1a,50,2022-07-02,400,False,400 m IM,Medley,Duncan Scott,Men,Scottish Nationals,Heat,267.48,2021_22,LC,249.18,249.18,current_season,107.34408861064291,False,
5f9be838-bf24-49f2-8a03-bb378484fb70,50,2022-07-02,400,False,400 m IM,Medley,Duncan Scott,Men,Scottish Nationals,Final,257.05,2021_22,LC,249.18,249.18,current_season,103.15835941889398,False,
21346709-414d-4ba4-bd0b-a4d53eb13fd4,50,2022-07-30,400,False,400 m IM,Medley,Duncan Scott,Men,Commonwealth Games,Final,251.27,2021_22,LC,249.18,249.18,current_season,100.83875110361988,False,
a984a970-b85c-4d6a-9c98-73f66f47e6e2,50,2022-07-30,400,False,400 m IM,Medley,Duncan Scott,Men,Commonwealth Games,Heat,260.92,2021_22,LC,249.18,249.18,current_season,104.71145356770207,False,
473b02b3-f6c5-4509-8f78-d681fa625f57,50,2023-02-25,400,False,400 m IM,Medley,Duncan Scott,Men,BUCS Championships,Final,260.44,2022_23,LC,,249.18,prior_season,104.51882173529174,False,249.18
c607622e-e7b8-42da-b544-c84b8fc72a61,50,2023-03-11,400,False,400 m IM,Medley,Duncan Scott,Men,Edinburgh International,Heat,259.94,2022_23,LC,260.44,260.44,current_season,99.80801720165873,True,249.18
de0d6aea-7fac-44f5-b16b-08e807ef2175,50,2022-06-16,50,False,50 m Breaststroke,Breaststroke,Duncan Scott,Men,Time Trial,Final,29.05,2021_22,LC,28.75,28.75,current_season,101.04347826086956,False,
bad06094-6477-4c5c-9077-47ab06cc4f01,50,2024-03-09,50,False,50 m Freestyle,Freestyle,Duncan Scott,Men,Edinburgh International,Final,22.41,2023_24,LC,22.68,22.68,current_season,98.80952380952381,True,
3d8ef7f1-850f-4007-ae04-58a2e8e3a342,50,2022-04-08,100,False,100 m Butterfly,Butterfly,Evan Jones,Men,British Championships,B-Final,54.36,2021_22,LC,54.57,54.57,current_season,99.61517317207257,True,
5727d39f-f0b3-487d-bd26-3ce8c9516997,50,2022-08-01,100,False,100 m Butterfly,Butterfly,Evan Jones,Men,Commonwealth Games,Heat,54.06,2021_22,LC,54.36,54.36,current_season,99.44812362030906,True,
1a103565-8306-4f5b-9658-2fc82baf9a55,50,2023-02-16,100,False,100 m Butterfly,Butterfly,Evan Jones,Men,Time Trial,Time Trial,54.14,2022_23,LC,,54.06,prior_season,100.1479837217906,False,54.06
1ef42996-0cdd-43f0-9faa-e098e8b69521,50,2023-03-12,100,False,100 m Butterfly,Butterfly,Evan Jones,Men,Edinburgh International,Heat,56.44,2022_23,LC,54.14,54.14,current_season,104.2482452899889,False,54.06
9888a6c1-73bb-4ea2-9ba6-f261ce6a7eea,50,2023-06-23,100,False,100 m Butterfly,Butterfly,Evan Jones,Men,Sette Colli,Heat,54.48,2022_23,LC,54.14,54.14,current_season,100.62800147765051,False,54.06
0dfd331a-f43d-439f-b2e1-8ca5e4be7951,50,2023-12-14,100,False,100 m Butterfly,Butterfly,Evan Jones,Men,Time Trial,Heat,54.91,2023_24,LC,,54.14,prior_season,101.4222386405615,False,54.14
871bc590-e9f7-4b42-ba9e-b66f62e9c682,50,2023-12-14,100,False,100 m Butterfly,Butterfly,Evan Jones,Men,Time Trial,Final,54.01,2023_24,LC,54.91,54.91,current_season,98.36095428883628,True,54.14
0980070c-6530-44d0-9c41-d8d8d3807b5b,50,2024-03-10,100,False,100 m Butterfly,Butterfly,Evan Jones,Men,Edinburgh International,Heat,55.46,2023_24,LC,54.01,54.01,current_season,102.68468802073691,False,54.14
d3ba77ce-c2bf-4025-9b22-8d8c7ab12fcf,50,2024-03-10,100,False,100 m Butterfly,Butterfly,Evan Jones,Men,Edinburgh International,B-Final,54.01,2023_24,LC,54.01,54.01,current_season,100.0,False,54.14
230f142a-b299-4904-ae7f-c7b91ca301b4,50,2024-05-25,100,False,100 m Butterfly,Butterfly,Evan Jones,Men,AP International,Final,53.7,2023_24,LC,54.01,54.01,current_season,99.42603221625626,True,54.14
4184cffa-f0de-41d1-9694-f4b785534f65,50,2024-05-25,100,False,100 m Butterfly,Butterfly,Evan Jones,Men,AP International,Heat,53.82,2023_24,LC,53.7,53.7,current_season,100.22346368715083,False,54.14
7e89cd3d-f44d-457d-96f9-e0e1473f4645,50,2024-06-21,100,False,100 m Butterfly,Butterfly,Evan Jones,Men,Sette Colli,Heat,53.95,2023_24,LC,53.7,53.7,current_season,100.46554934823091,False,54.14
376d7347-f15e-445e-8897-01e266e233b2,50,2024-06-30,100,False,100 m Butterfly,Butterfly,Evan Jones,Men,Scottish Nationals,Heat,54.53,2023_24,LC,53.7,53.7,current_season,101.54562383612662,False,54.14
d9805bfc-456e-4407-8764-acf27467a94b,50,2024-06-30,100,False,100 m Butterfly,Butterfly,Evan Jones,Men,Scottish Nationals,Final,53.48,2023_24,LC,53.7,53.7,current_season,99.59031657355678,True,54.14
7298242f-65d0-49ae-ab6f-8e1279c848bd,50,2025-03-16,100,False,100 m Butterfly,Butterfly,Evan Jones,Men,Edinburgh International,Heat,54.38,2024_25,LC,,53.48,prior_season,101.68287210172029,False,53.48
b606bf5a-2429-4093-ad9b-83f144c02f59,50,2025-03-16,100,False,100 m Butterfly,Butterfly,Evan Jones,Men,Edinburgh International,B-Final,53.53,2024_25,LC,54.38,54.38,current_season,98.4369253401986,True,53.48
6b69c6c9-072e-4716-ae7e-704163e9e585,50,2025-05-24,100,False,100 m Butterfly,Butterfly,Evan Jones,Men,AP International,Final,53.3,2024_25,LC,53.53,53.53,current_season,99.57033439192975,True,53.48
f2d4fa1e-a0a1-40ab-bf81-2642d4d7cd2d,50,2025-05-24,100,False,100 m Butterfly,Butterfly,Evan Jones,Men,AP International,Heat,53.81,2024_25,LC,53.3,53.3,current_season,100.95684803001876,False,53.48
0deaf256-9724-44a8-8e2c-859a47511cf5,50,2025-06-26,100,False,100 m Butterfly,Butterfly,Evan Jones,Men,Sette Colli,Heat,53.8,2024_25,LC,53.3,53.3,current_season,100.93808630393997,False,53.48
1ad8aa76-c71a-42dd-8e1d-ae8ff97b59f2,50,2023-03-12,100,False,100 m Freestyle,Freestyle,Evan Jones,Men,Edinburgh International,Heat,50.92,2022_23,LC,,52.5,prior_season,96.99047619047619,True,52.5
37985694-b5fd-4b1c-819d-0d978733dee5,50,2023-03-12,100,False,100 m Freestyle,Freestyle,Evan Jones,Men,Edinburgh International,Final,50.31,2022_23,LC,50.92,50.92,current_season,98.80204241948154,True,52.5
334cceff-ac14-4fbe-87b0-f8d8ff313fa9,50,2023-03-21,100,False,100 m Freestyle,Freestyle,Evan Jones,Men,Time Trial,Time Trial,50.47,2022_23,LC,50.31,50.31,current_season,100.31802822500495,False,52.5
1bfb45de-35af-42b0-a6af-410113557006,50,2023-04-06,100,False,100 m Freestyle,Freestyle,Evan Jones,Men,British Championships,Heat,49.52,2022_23,LC,50.31,50.31,current_season,98.42973563903796,True,52.5
bea4800d-bb94-4e26-bc66-cf3596082a1c,50,2023-04-06,100,False,100 m Freestyle,Freestyle,Evan Jones,Men,British Championships,B-Final,49.58,2022_23,LC,49.52,49.52,current_season,100.12116316639741,False,52.5
a9089e5e-bd78-451f-be3e-f6c7148969e1,50,2023-05-28,100,False,100 m Freestyle,Freestyle,Evan Jones,Men,Glasgow International,Final,50.51,2022_23,LC,49.52,49.52,current_season,101.99919224555734,False,52.5
f4564a57-be2e-46ef-9b04-39f97d11f768,50,2023-06-24,100,False,100 m Freestyle,Freestyle,Evan Jones,Men,Sette Colli,Heat,50.42,2022_23,LC,49.52,49.52,current_season,101.81744749596122,False,52.5
6f6a70b4-d89f-479e-85a2-4e8af70080d2,50,2023-07-25,100,False,100 m Freestyle,Freestyle,Evan Jones,Men,British Summer Championships,Final,50.64,2022_23,LC,49.52,49.52,current_season,102.26171243941842,False,52.5
b091c5a9-459d-42be-87fd-24b325e0cd25,50,2023-07-25,100,False,100 m Freestyle,Freestyle,Evan Jones,Men,British Summer Championships,Heat,50.47,2022_23,LC,49.52,49.52,current_season,101.9184168012924,False,52.5
904214c2-78de-41db-9386-c8ed09d8d734,50,2023-12-15,100,False,100 m Freestyle,Freestyle,Evan Jones,Men,Time Trial,Heat,50.53,2023_24,LC,,49.52,prior_season,102.03957996768982,False,49.52
2b9156be-76f1-4e1d-9f47-8b0b38d0b81a,50,2024-02-24,100,False,100 m Freestyle,Freestyle,Evan Jones,Men,BUCS Championships,Heat,50.95,2023_24,LC,50.53,50.53,current_season,100.83118939244014,False,49.52
50bd673c-a180-4c10-94f7-f4e4fa1c88e3,50,2024-02-24,100,False,100 m Freestyle,Freestyle,Evan Jones,Men,BUCS Championships,Final,50.89,2023_24,LC,50.53,50.53,current_season,100.71244805066297,False,49.52
043a4cb3-8d4d-439d-bbd5-f6e9aca8ac81,50,2024-03-10,100,False,100 m Freestyle,Freestyle,Evan Jones,Men,Edinburgh International,Heat,51.49,2023_24,LC,50.53,50.53,current_season,101.8998614684346,False,49.52
2113bd8a-14f2-438e-a0d5-f726c165327e,50,2024-03-10,100,False,100 m Freestyle,Freestyle,Evan Jones,Men,Edinburgh International,B-Final,50.65,2023_24,LC,50.53,50.53,current_season,100.23748268355432,False,49.52
d92f5450-2015-4382-9d0e-0b32e3a00c6c,50,2024-04-04,100,False,100 m Freestyle,Freestyle,Evan Jones,Men,British Championships,B-Final,49.95,2023_24,LC,50.53,50.53,current_season,98.85216702948743,True,49.52
db7aa8dd-9a87-4cc4-9cff-a80b52407365,50,2024-04-04,100,False,100 m Freestyle,Freestyle,Evan Jones,Men,British Championships,Heat,49.96,2023_24,LC,49.95,49.95,current_season,100.02002002002001,False,49.52
0ef568e7-a33d-45b6-9cd4-5b0b26309037,50,2025-03-16,100,False,100 m Freestyle,Freestyle,Evan Jones,Men,Edinburgh International,Heat,50.62,2024_25,LC,,49.95,prior_season,101.34134134134133,False,49.95
4f308f3f-693e-4727-864a-fe2ffe828e70,50,2025-04-17,100,False,100 m Freestyle,Freestyle,Evan Jones,Men,British Championships,B-Final,49.1,2024_25,LC,50.62,50.62,current_season,96.99723429474517,True,49.95
86f2f75b-e6ed-415c-8547-1730976158d2,50,2025-04-17,100,False,100 m Freestyle,Freestyle,Evan Jones,Men,British Championships,Heat,49.84,2024_25,LC,49.1,49.1,current_season,101.50712830957231,False,49.95
7873eea8-8c3c-4a30-93e4-559d1ffca499,50,2025-06-27,100,False,100 m Freestyle,Freestyle,Evan Jones,Men,Sette Colli,Heat,50.29,2024_25,LC,49.1,49.1,current_season,102.42362525458249,False,49.95
f3bbf43f-7255-49aa-815a-bed55dda56f5,50,2022-04-10,200,False,200 m Freestyle,Freestyle,Evan Jones,Men,British Championships,C-Final,110.69,2021_22,LC,112.4,112.4,current_season,98.47864768683273,True,
60f87c9b-5e91-459b-b0fd-18d38adfe2bf,50,2022-07-05,200,False,200 m Freestyle,Freestyle,Evan Jones,Men,European Junior Championships,Semi-Final,109.8,2021_22,LC,110.69,110.69,current_season,99.19595266058361,True,
709ce980-809c-45e1-9a84-b7e34b6e49ff,50,2022-07-05,200,False,200 m Freestyle,Freestyle,Evan Jones,Men,European Junior Championships,Heat,111.67,2021_22,LC,109.8,109.8,current_season,101.70309653916212,False,
34cadc96-5e5b-4892-bc71-64e37ba49434,50,2022-07-06,200,False,200 m Freestyle,Freestyle,Evan Jones,Men,European Junior Championships,Final,110.24,2021_22,LC,109.8,109.8,current_season,100.40072859744991,False,
00721f02-0a18-4031-bdc8-bdad872a41b2,50,2022-07-30,200,False,200 m Freestyle,Freestyle,Evan Jones,Men,Commonwealth Games,Heat,109.0,2021_22,LC,109.8,109.8,current_season,99.27140255009108,True,
d0f09c6e-0a80-4824-b99b-bb4cde23de12,50,2023-02-16,200,False,200 m Freestyle,Freestyle,Evan Jones,Men,Time Trial,Time Trial,109.26,2022_23,LC,,109.0,prior_season,100.23853211009175,False,109.0
89667562-f866-4bed-83bf-a09b31719f92,50,2023-02-25,200,False,200 m Freestyle,Freestyle,Evan Jones,Men,BUCS Championships,Final,109.5,2022_23,LC,109.26,109.26,current_season,100.21965952773202,False,109.0
0d756839-afaf-4c5c-bc2f-1e47a9e3a08b,50,2023-03-10,200,False,200 m Freestyle,Freestyle,Evan Jones,Men,Edinburgh International,B-Final,111.26,2022_23,LC,109.26,109.26,current_season,101.83049606443346,False,109.0
8c0712f1-6a7a-4103-adb8-1d8ba854b860,50,2023-03-10,200,False,200 m Freestyle,Freestyle,Evan Jones,Men,Edinburgh International,Heat,111.54,2022_23,LC,109.26,109.26,current_season,102.08676551345415,False,109.0
2b360863-4fe4-4fc5-9845-5965d9c3ae36,50,2023-04-09,200,False,200 m Freestyle,Freestyle,Evan Jones,Men,British Championships,B-Final,108.24,2022_23,LC,109.26,109.26,current_season,99.06644700713892,True,109.0
dfd6f4f9-8213-43e7-96e0-3b47bf61a04d,50,2023-04-09,200,False,200 m Freestyle,Freestyle,Evan Jones,Men,British Championships,Heat,109.45,2022_23,LC,108.24,108.24,current_season,101.1178861788618,False,109.0
5137971d-2ee8-48cc-ade6-c5da67bc6027,50,2023-05-27,200,False,200 m Freestyle,Freestyle,Evan Jones,Men,Glasgow International,Final,110.53,2022_23,LC,108.24,108.24,current_season,102.11566888396158,False,109.0
637143ab-eb27-41d4-b98c-09891b20b59b,50,2023-07-01,200,False,200 m Freestyle,Freestyle,Evan Jones,Men,Scottish Nationals,Final,110.09,2022_23,LC,108.24,108.24,current_season,101.70916481892091,False,109.0
c8f81911-d581-4c0c-97d7-df1e54fcc7f2,50,2023-07-01,200,False,200 m Freestyle,Freestyle,Evan Jones,Men,Scottish Nationals,Heat,113.49,2022_23,LC,108.24,108.24,current_season,104.85033259423504,False,109.0
6bf30ce8-a5d2-4d19-8120-93aab12bf3f2,50,2023-08-11,200,False,200 m Freestyle,Freestyle,Evan Jones,Men,European U23 Championships,Final,108.73,2022_23,LC,108.24,108.24,current_season,100.45269770879528,False,109.0
784120bd-b044-4935-9697-d63a487597d7,50,2023-08-11,200,False,200 m Freestyle,Freestyle,Evan Jones,Men,European U23 Championships,Heat,108.8,2022_23,LC,108.24,108.24,current_season,100.51736881005174,False,109.0
fadfb958-7e72-49ed-9c83-24475190d819,50,2024-02-15,200,False,200 m Freestyle,Freestyle,Evan Jones,Men,Time Trial,Time Trial,110.11,2023_24,LC,,108.24,prior_season,101.72764227642277,False,108.24
b5fa615f-a263-4030-8a08-7c6a53e0d868,50,2024-02-23,200,False,200 m Freestyle,Freestyle,Evan Jones,Men,BUCS Championships,Heat,112.74,2023_24,LC,110.11,110.11,current_season,102.38852057033876,False,108.24
e2c11eba-1151-4c5c-b7ae-c481e5022208,50,2024-02-23,200,False,200 m Freestyle,Freestyle,Evan Jones,Men,BUCS Championships,Final,110.35,2023_24,LC,110.11,110.11,current_season,100.21796385432748,False,108.24
6969ee8d-be14-4afa-9850-84e6d390df5f,50,2024-03-08,200,False,200 m Freestyle,Freestyle,Evan Jones,Men,Edinburgh International,B-Final,109.7,2023_24,LC,110.11,110.11,current_season,99.62764508219054,True,108.24
8089970c-9635-48dc-ab6a-e746884e4c54,50,2024-03-08,200,False,200 m Freestyle,Freestyle,Evan Jones,Men,Edinburgh International,Heat,112.54,2023_24,LC,109.7,109.7,current_season,102.58887876025524,False,108.24
b5aedf7b-b3b5-4419-abbb-78cad74f146d,50,2024-04-07,200,False,200 m Freestyle,Freestyle,Evan Jones,Men,British Championships,Heat,109.01,2023_24,LC,109.7,109.7,current_season,99.37101185050136,True,108.24
dd215e72-117b-436f-adee-7b6e9317ff70,50,2024-04-07,200,False,200 m Freestyle,Freestyle,Evan Jones,Men,British Championships,B-Final,109.4,2023_24,LC,109.01,109.01,current_season,100.35776534262912,False,108.24
43a65248-6a5b-444a-bc17-df2f3e7582a1,50,2024-05-27,200,False,200 m Freestyle,Freestyle,Evan Jones,Men,AP International,Heat,111.93,2023_24,LC,109.01,109.01,current_season,102.67865333455646,False,108.24
83a3c028-5618-4046-88e5-9710baa7b427,50,2024-05-27,200,False,200 m Freestyle,Freestyle,Evan Jones,Men,AP International,Final,110.18,2023_24,LC,109.01,109.01,current_season,101.07329602788735,False,108.24
2ef36226-00f4-4841-a3b5-f4af036c65c8,50,2024-06-29,200,False,200 m Freestyle,Freestyle,Evan Jones,Men,Scottish Nationals,Heat,111.85,2023_24,LC,109.01,109.01,current_season,102.60526557196587,False,108.24
423dac12-b39d-4efd-a29d-037f782ff104,50,2024-06-29,200,False,200 m Freestyle,Freestyle,Evan Jones,Men,Scottish Nationals,Final,109.2,2023_24,LC,109.01,109.01,current_season,100.17429593615263,False,108.24
2ff4bcfe-c4a9-4f2f-8eef-c26d73e2a306,50,2025-03-14,200,False,200 m Freestyle,Freestyle,Evan Jones,Men,Edinburgh International,Heat,110.74,2024_25,LC,,109.01,prior_season,101.58701036602145,False,109.01
73211cc0-3d9a-43f9-81f6-19d8b40d42fc,50,2025-03-14,200,False,200 m Freestyle,Freestyle,Evan Jones,Men,Edinburgh International,B-Final,109.63,2024_25,LC,110.74,110.74,current_season,98.99765215820841,True,109.01
118c56a3-1464-4b3d-815d-ff1a0acaa2c0,50,2025-04-20,200,False,200 m Freestyle,Freestyle,Evan Jones,Men,British Championships,Final,107.66,2024_25,LC,109.63,109.63,current_season,98.20304661132901,True,109.01
6758a5bd-0229-4217-8754-14320c4c5c17,50,2025-04-20,200,False,200 m Freestyle,Freestyle,Evan Jones,Men,British Championships,Heat,107.48,2024_25,LC,107.66,107.66,current_season,99.83280698495264,True,109.01
1f4469d6-8151-4255-8ac9-be1157c0f1a2,50,2025-05-26,200,False,200 m Freestyle,Freestyle,Evan Jones,Men,AP International,Heat,109.74,2024_25,LC,107.48,107.48,current_season,102.10271678451804,False,109.01
dfc3f796-05d4-47a8-81df-d1b7841857de,50,2025-05-26,200,False,200 m Freestyle,Freestyle,Evan Jones,Men,AP International,Final,108.59,2024_25,LC,107.48,107.48,current_season,101.03275027912169,False,109.01
79847600-5dbe-4e42-a4d0-2b9cc563de50,50,2025-06-28,200,False,200 m Freestyle,Freestyle,Evan Jones,Men,Sette Colli,Heat,109.47,2024_25,LC,107.48,107.48,current_season,101.85150725716412,False,109.01
dc0e4f51-af59-476b-9d6d-d245ecdae9d9,50,2025-06-28,200,False,200 m Freestyle,Freestyle,Evan Jones,Men,Sette Colli,B-Final,109.34,2024_25,LC,107.48,107.48,current_season,101.7305545217715,False,109.01
c3975771-d473-42bf-97ba-609d74a1da47,50,2022-04-09,200,False,200 m IM,Medley,Evan Jones,Men,British Championships,Heat,124.54,2021_22,LC,123.14,123.14,current_season,101.13691732986845,False,
05bd7804-19d7-45a2-b151-59639351e959,50,2022-07-06,200,False,200 m IM,Medley,Evan Jones,Men,European Junior Championships,Heat,125.97,2021_22,LC,123.14,123.14,current_season,102.29819717394835,False,
60f61d54-9dbd-434b-8abd-c932befce82c,50,2022-08-03,200,False,200 m IM,Medley,Evan Jones,Men,Commonwealth Games,Heat,121.79,2021_22,LC,123.14,123.14,current_season,98.90368686048402,True,
9b035c8a-8106-47e8-89c2-52ac839b5519,50,2023-02-26,200,False,200 m IM,Medley,Evan Jones,Men,BUCS Championships,Final,122.37,2022_23,LC,,121.79,prior_season,100.47622957549879,False,121.79
7eda4ef5-57d2-4608-a73e-14eafac32dc5,50,2023-03-10,200,False,200 m IM,Medley,Evan Jones,Men,Edinburgh International,Final,124.14,2022_23,LC,122.37,122.37,current_season,101.44643294925227,False,121.79
8ba8301e-edba-4773-a8f0-65ce7e49e0f9,50,2023-03-10,200,False,200 m IM,Medley,Evan Jones,Men,Edinburgh International,Heat,126.08,2022_23,LC,122.37,122.37,current_season,103.03178883713329,False,121.79
1ce24218-0265-4b1a-9761-76a0724d571b,50,2023-03-21,200,False,200 m IM,Medley,Evan Jones,Men,Time Trial,Time Trial,122.58,2022_23,LC,122.37,122.37,current_season,100.17161068889433,False,121.79
0a991e62-4508-4590-a37f-2bd07ccf6475,50,2023-04-08,200,False,200 m IM,Medley,Evan Jones,Men,British Championships,Final,121.54,2022_23,LC,122.37,122.37,current_season,99.32172918198904,True,121.79
f447c837-67bf-4501-a2a3-104159b79149,50,2023-04-08,200,False,200 m IM,Medley,Evan Jones,Men,British Championships,Heat,122.71,2022_23,LC,121.54,121.54,current_season,100.96264604245515,False,121.79
d461e126-706b-4e95-821f-1f9d0ab5f5a5,50,2023-05-26,200,False,200 m IM,Medley,Evan Jones,Men,Glasgow International,Final,123.72,2022_23,LC,121.54,121.54,current_season,101.79364818166859,False,121.79
05be0969-db8d-47b8-bd0a-21a5bcc4c236,50,2023-06-08,200,False,200 m IM,Medley,Evan Jones,Men,Time Trial,Time Trial,123.24,2022_23,LC,121.54,121.54,current_season,101.39871647194339,False,121.79
c8ad8690-e374-4f2f-ab7e-e1ef1b3d5f72,50,2023-06-25,200,False,200 m IM,Medley,Evan Jones,Men,Sette Colli,Heat,124.98,2022_23,LC,121.54,121.54,current_season,102.83034391969721,False,121.79
089844aa-fec7-4084-9a2d-c342661c12dc,50,2023-06-30,200,False,200 m IM,Medley,Evan Jones,Men,Scottish Nationals,Heat,126.62,2022_23,LC,121.54,121.54,current_season,104.17969392792497,False,121.79
0df3699d-9104-4e36-a799-8a849f80e223,50,2023-06-30,200,False,200 m IM,Medley,Evan Jones,Men,Scottish Nationals,Final,124.08,2022_23,LC,121.54,121.54,current_season,102.08984696396249,False,121.79
2de16ba9-c0fe-41f9-bfc3-019a0a5770c1,50,2023-08-13,200,False,200 m IM,Medley,Evan Jones,Men,European U23 Championships,Final,121.5,2022_23,LC,121.54,121.54,current_season,99.96708902418956,True,121.79
4860238e-4eef-4fe5-b653-24ee898f5047,50,2023-08-13,200,False,200 m IM,Medley,Evan Jones,Men,European U23 Championships,Heat,122.21,2022_23,LC,121.5,121.5,current_season,100.58436213991769,False,121.79
41faaf75-52ff-4f5d-a6f0-28b463be6f73,50,2024-02-23,200,False,200 m IM,Medley,Evan Jones,Men,BUCS Championships,Heat,128.85,2023_24,LC,,121.5,prior_season,106.04938271604938,False,121.5
480947c5-d490-43b1-af52-4db88b10f2b8,50,2024-02-23,200,False,200 m IM,Medley,Evan Jones,Men,BUCS Championships,Final,121.98,2023_24,LC,128.85,128.85,current_season,94.66821885913855,True,121.5
01edaa3f-5985-4a80-ab94-a7f7d05e716d,50,2024-03-08,200,False,200 m IM,Medley,Evan Jones,Men,Edinburgh International,Final,122.76,2023_24,LC,121.98,121.98,current_season,100.63944909001476,False,121.5
5a50acc9-0feb-4c02-8f24-33bad68cc716,50,2024-03-08,200,False,200 m IM,Medley,Evan Jones,Men,Edinburgh International,Heat,125.72,2023_24,LC,121.98,121.98,current_season,103.06607640596819,False,121.5
22b04037-0061-43a9-933d-1c7d3f0310fd,50,2024-04-05,200,False,200 m IM,Medley,Evan Jones,Men,British Championships,Final,120.31,2023_24,LC,121.98,121.98,current_season,98.63092310214789,True,121.5
af215f3f-89dd-4028-a512-318a46a0ec16,50,2024-04-05,200,False,200 m IM,Medley,Evan Jones,Men,British Championships,Heat,120.69,2023_24,LC,120.31,120.31,current_season,100.31585071897598,False,121.5
7c1cedae-e745-4759-ba07-0a8b78be1a65,50,2024-05-26,200,False,200 m IM,Medley,Evan Jones,Men,AP International,Heat,126.04,2023_24,LC,120.31,120.31,current_season,104.76269636771673,False,121.5
d88f52ad-a599-41d7-9c5c-5520a8ebb7ec,50,2024-05-26,200,False,200 m IM,Medley,Evan Jones,Men,AP International,Final,123.69,2023_24,LC,120.31,120.31,current_season,102.80940902668108,False,121.5
6f3b3bb4-65a0-4a29-aaf6-c31bb450ae4b,50,2024-06-23,200,False,200 m IM,Medley,Evan Jones,Men,Sette Colli,B-Final,120.72,2023_24,LC,120.31,120.31,current_season,100.34078630205303,False,121.5
5adb5aa7-ab18-4d1c-9d39-57385ce7c226,50,2024-06-28,200,False,200 m IM,Medley,Evan Jones,Men,Scottish Nationals,Final,120.03,2023_24,LC,120.31,120.31,current_season,99.76726789128085,True,121.5
b5851dd6-4400-4f96-80f3-c1a0d9d0cc18,50,2024-06-28,200,False,200 m IM,Medley,Evan Jones,Men,Scottish Nationals,Heat,125.3,2023_24,LC,120.03,120.03,current_season,104.39056902441055,False,121.5
c30d7746-5bf7-4965-9aae-b4d0817e9c54,50,2025-02-14,200,False,200 m IM,Medley,Evan Jones,Men,BUCS Championships,Heat,125.75,2024_25,LC,,120.03,prior_season,104.76547529784222,False,120.03
514719aa-3851-48c6-bef3-9df63ec4c469,50,2025-04-18,200,False,200 m IM,Medley,Evan Jones,Men,British Championships,Final,119.21,2024_25,LC,125.75,125.75,current_season,94.79920477137176,True,120.03
b6e855d4-4939-45ea-85cf-3ccf3f412d69,50,2025-04-18,200,False,200 m IM,Medley,Evan Jones,Men,British Championships,Heat,120.96,2024_25,LC,119.21,119.21,current_season,101.46799765120376,False,120.03
82aaf42b-e4ed-4b44-80d7-c160d9ac885a,50,2025-05-25,200,False,200 m IM,Medley,Evan Jones,Men,AP International,Heat,122.3,2024_25,LC,119.21,119.21,current_season,102.5920644241255,False,120.03
a89dedf9-6755-4dca-9276-31b018069b64,50,2025-05-25,200,False,200 m IM,Medley,Evan Jones,Men,AP International,Final,121.81,2024_25,LC,119.21,119.21,current_season,102.18102508178846,False,120.03
469f06a7-112d-403e-9254-fee9625b8c96,50,2023-04-04,400,False,400 m Freestyle,Freestyle,Evan Jones,Men,British Championships,Final,236.2,2022_23,LC,235.91,235.91,current_season,100.12292823534399,False,
b6ca1cce-c8d6-4165-b75f-309afbd36227,50,2022-04-07,400,False,400 m IM,Medley,Evan Jones,Men,British Championships,Heat,266.18,2021_22,LC,264.57,264.57,current_season,100.6085346033186,False,
1e76e593-04b9-4e2a-bf96-6e2c1424e63b,50,2022-07-08,400,False,400 m IM,Medley,Evan Jones,Men,European Junior Championships,Final,265.76,2021_22,LC,264.57,264.57,current_season,100.44978644593112,False,
3e25bb69-6646-4654-89c6-cafb92776d00,50,2022-07-08,400,False,400 m IM,Medley,Evan Jones,Men,European Junior Championships,Heat,265.58,2021_22,LC,264.57,264.57,current_season,100.3817515213365,False,
460b7869-2a76-41d6-8195-9c02eea07f03,50,2023-03-11,400,False,400 m IM,Medley,Evan Jones,Men,Edinburgh International,Final,264.41,2022_23,LC,,264.57,prior_season,99.93952451147146,True,264.57
7e709117-1ae6-45dc-954e-b03f0d97394d,50,2023-07-01,400,False,400 m IM,Medley,Evan Jones,Men,Scottish Nationals,Heat,270.68,2022_23,LC,264.41,264.41,current_season,102.37131727241784,False,264.57
16feb728-5a93-4737-88c3-730cb37bc6f3,50,2024-03-09,400,False,400 m IM,Medley,Evan Jones,Men,Edinburgh International,Heat,274.13,2023_24,LC,,264.41,prior_season,103.6761090730305,False,264.41
1e78eac3-3d83-41ab-9347-1e7ef1e4fa7a,50,2024-03-09,400,False,400 m IM,Medley,Evan Jones,Men,Edinburgh International,Final,264.74,2023_24,LC,274.13,274.13,current_season,96.57461788202679,True,264.41
3a3aa8ab-806a-4b74-90bc-24e404c4b140,50,2025-03-15,50,False,50 m Freestyle,Freestyle,Evan Jones,Men,Edinburgh International,Heat,23.32,2024_25,LC,,23.55,prior_season,99.02335456475583,True,23.55
a097e48c-5c66-46fb-85ae-8bcf4d38213e,50,2022-04-08,100,False,100 m Freestyle,Freestyle,Evelyn Davis,Women,British Championships,Final,55.49,2021_22,LC,56.0,56.0,current_season,99.08928571428571,True,
3c9fc778-df62-4e8f-bc83-cf905d903c12,50,2022-05-29,100,False,100 m Freestyle,Freestyle,Evelyn Davis,Women,Glasgow International,Final,56.02,2021_22,LC,55.49,55.49,current_season,100.95512704991891,False,
94949bce-183b-4a24-98b7-58a282ef1340,50,2022-05-29,100,False,100 m Freestyle,Freestyle,Evelyn Davis,Women,Glasgow International,Heat,56.35,2021_22,LC,55.49,55.49,current_season,101.54982879798162,False,
a86dbddb-67c2-4ea6-aac1-5e73860c44eb,50,2022-08-01,100,False,100 m Freestyle,Freestyle,Evelyn Davis,Women,Commonwealth Games,Heat,56.89,2021_22,LC,55.49,55.49,current_season,102.52297711299332,False,
f0ab6381-9c38-4f13-a9c5-57c6385c5861,50,2022-08-01,100,False,100 m Freestyle,Freestyle,Evelyn Davis,Women,Commonwealth Games,Semi-Final,56.35,2021_22,LC,55.49,55.49,current_season,101.54982879798162,False,
2254e6af-a14a-4928-8e80-fa270c446ade,50,2023-02-16,100,False,100 m Freestyle,Freestyle,Evelyn Davis,Women,Time Trial,Time Trial,55.84,2022_23,LC,,55.49,prior_season,100.63074427824834,False,55.49
97bb44eb-867f-4695-979d-a5d8d796bd21,50,2023-02-26,100,False,100 m Freestyle,Freestyle,Evelyn Davis,Women,BUCS Championships,Final,55.54,2022_23,LC,55.84,55.84,current_season,99.46275071633237,True,55.49
7ca73e07-af0f-481c-8e3d-6c6023438175,50,2023-03-12,100,False,100 m Freestyle,Freestyle,Evelyn Davis,Women,Edinburgh International,Heat,56.42,2022_23,LC,55.54,55.54,current_season,101.58444364422039,False,55.49
c4ef148d-d6dd-4301-926f-5883bb08a8ee,50,2023-03-12,100,False,100 m Freestyle,Freestyle,Evelyn Davis,Women,Edinburgh International,B-Final,56.46,2022_23,LC,55.54,55.54,current_season,101.65646380986676,False,55.49
bb4ab6bd-6da4-46e7-b2ee-691842249202,50,2023-03-21,100,False,100 m Freestyle,Freestyle,Evelyn Davis,Women,Time Trial,Time Trial,56.46,2022_23,LC,55.54,55.54,current_season,101.65646380986676,False,55.49
13249c23-7745-4d96-8c82-0beb04efbd16,50,2023-04-07,100,False,100 m Freestyle,Freestyle,Evelyn Davis,Women,British Championships,Final,55.15,2022_23,LC,55.54,55.54,current_season,99.29780338494778,True,55.49
930c9b2b-581a-4d23-ac71-bd615398f721,50,2023-04-07,100,False,100 m Freestyle,Freestyle,Evelyn Davis,Women,British Championships,Heat,55.29,2022_23,LC,55.15,55.15,current_season,100.2538531278332,False,55.49
dc21aef3-2797-44ce-8bfe-89c9e3917666,50,2023-06-08,100,False,100 m Freestyle,Freestyle,Evelyn Davis,Women,Time Trial,Time Trial,56.3,2022_23,LC,55.15,55.15,current_season,102.08522212148685,False,55.49
09bac1eb-63fe-4867-9fca-1e1c6386c86f,50,2023-06-30,100,False,100 m Freestyle,Freestyle,Evelyn Davis,Women,Scottish Nationals,Heat,57.03,2022_23,LC,55.15,55.15,current_season,103.40888485947417,False,55.49
7c983486-01d8-4b0b-a5e0-047c110a18d3,50,2023-06-30,100,False,100 m Freestyle,Freestyle,Evelyn Davis,Women,Scottish Nationals,Final,57.02,2022_23,LC,55.15,55.15,current_season,103.39075249320038,False,55.49
84f51eb9-a715-4e4a-b5cf-497306db71a8,50,2023-08-13,100,False,100 m Freestyle,Freestyle,Evelyn Davis,Women,European U23 Championships,Heat,55.63,2022_23,LC,55.15,55.15,current_season,100.87035358114234,False,55.49
c4854a74-9726-4645-a110-e3fa5e320aa7,50,2023-08-13,100,False,100 m Freestyle,Freestyle,Evelyn Davis,Women,European U23 Championships,Final,55.21,2022_23,LC,55.15,55.15,current_season,100.10879419764281,False,55.49
cab9214d-737b-43fd-8c43-ad119c3e3d4b,50,2023-12-14,100,False,100 m Freestyle,Freestyle,Evelyn Davis,Women,Time Trial,Final,56.09,2023_24,LC,,55.15,prior_season,101.70444242973709,False,55.15
ceaf3ac3-bb7d-45f7-992b-b26ad5326390,50,2023-12-14,100,False,100 m Freestyle,Freestyle,Evelyn Davis,Women,Time Trial,Heat,56.49,2023_24,LC,56.09,56.09,current_season,100.71313959707612,False,55.15
5618e6c4-4f0e-47c0-ab5b-1ebd1b54f17f,50,2024-01-19,100,False,100 m Freestyle,Freestyle,Evelyn Davis,Women,Challenge International de Geneve,Final,56.35,2023_24,LC,56.09,56.09,current_season,100.46354073809948,False,55.15
15e2b49f-4286-4cd5-b956-a50441efbf21,50,2024-02-24,100,False,100 m Freestyle,Freestyle,Evelyn Davis,Women,BUCS Championships,Final,55.84,2023_24,LC,56.09,56.09,current_season,99.55428775182742,True,55.15
2589f6d3-1497-430e-ad42-034cb97d3150,50,2024-02-24,100,False,100 m Freestyle,Freestyle,Evelyn Davis,Women,BUCS Championships,Heat,56.32,2023_24,LC,55.84,55.84,current_season,100.85959885386819,False,55.15
7bc5defb-f7fc-4c1a-9ce0-e510b05e9282,50,2024-03-10,100,False,100 m Freestyle,Freestyle,Evelyn Davis,Women,Edinburgh International,Final,55.71,2023_24,LC,55.84,55.84,current_season,99.76719197707736,True,55.15
9e10322b-5054-4203-8b4b-1c171af7eb6f,50,2024-03-10,100,False,100 m Freestyle,Freestyle,Evelyn Davis,Women,Edinburgh International,Heat,55.81,2023_24,LC,55.71,55.71,current_season,100.17950098725544,False,55.15
2a6119bf-d660-4cd7-8a79-b38498434f82,50,2024-04-07,100,False,100 m Freestyle,Freestyle,Evelyn Davis,Women,British Championships,Final,55.25,2023_24,LC,55.71,55.71,current_season,99.17429545862501,True,55.15
2ca64f24-b1aa-47c8-95ea-0e591884a5d1,50,2024-04-07,100,False,100 m Freestyle,Freestyle,Evelyn Davis,Women,British Championships,Heat,55.51,2023_24,LC,55.25,55.25,current_season,100.47058823529412,False,55.15
79d4cbac-b623-4147-a083-1c2f06182cfc,50,2024-05-27,100,False,100 m Freestyle,Freestyle,Evelyn Davis,Women,AP International,Final,56.37,2023_24,LC,55.25,55.25,current_season,102.02714932126698,False,55.15
e53fe59d-3c08-4d84-ab0a-e26901db0205,50,2024-05-27,100,False,100 m Freestyle,Freestyle,Evelyn Davis,Women,AP International,Heat,56.12,2023_24,LC,55.25,55.25,current_season,101.57466063348414,False,55.15
d761746b-b80f-4756-bc76-c8de7465f9ad,50,2024-06-22,100,False,100 m Freestyle,Freestyle,Evelyn Davis,Women,Sette Colli,Heat,56.44,2023_24,LC,55.25,55.25,current_season,102.15384615384615,False,55.15
0e066004-f369-49a8-a42d-e4dff1626155,50,2024-06-28,100,False,100 m Freestyle,Freestyle,Evelyn Davis,Women,Scottish Nationals,Heat,56.63,2023_24,LC,55.25,55.25,current_season,102.49773755656109,False,55.15
d424c6a6-2a7d-43d7-8514-64544893310e,50,2024-06-28,100,False,100 m Freestyle,Freestyle,Evelyn Davis,Women,Scottish Nationals,Final,56.2,2023_24,LC,55.25,55.25,current_season,101.71945701357468,False,55.15
63ac2a4f-2ff5-4fa3-b4d7-c832b92bcf98,50,2025-02-15,100,False,100 m Freestyle,Freestyle,Evelyn Davis,Women,BUCS Championships,Final,55.63,2024_25,LC,,55.25,prior_season,100.68778280542988,False,55.25
131ef244-2e5c-4496-aa2a-993f84245df0,50,2025-03-16,100,False,100 m Freestyle,Freestyle,Evelyn Davis,Women,Edinburgh International,Heat,55.78,2024_25,LC,55.63,55.63,current_season,100.26963868416321,False,55.25
f4c9313e-67ba-4a90-b44c-a37796a1a1e0,50,2025-03-16,100,False,100 m Freestyle,Freestyle,Evelyn Davis,Women,Edinburgh International,Final,55.58,2024_25,LC,55.63,55.63,current_season,99.91012043861225,True,55.25
0f21ecb2-27f6-43ab-9282-67c1adb4293b,50,2025-04-20,100,False,100 m Freestyle,Freestyle,Evelyn Davis,Women,British Championships,Final,54.75,2024_25,LC,55.58,55.58,current_season,98.50665707088882,True,55.25
80b7e629-c497-486f-ab68-42f678dab346,50,2025-04-20,100,False,100 m Freestyle,Freestyle,Evelyn Davis,Women,British Championships,Heat,55.09,2024_25,LC,54.75,54.75,current_season,100.62100456621006,False,55.25
583f368f-635e-44cd-bdeb-8dd1c68553ef,50,2025-05-26,100,False,100 m Freestyle,Freestyle,Evelyn Davis,Women,AP International,Final,55.49,2024_25,LC,54.75,54.75,current_season,101.35159817351598,False,55.25
a0bc84e2-8bcc-4d02-bae8-d4a302914a01,50,2025-05-26,100,False,100 m Freestyle,Freestyle,Evelyn Davis,Women,AP International,Heat,55.68,2024_25,LC,54.75,54.75,current_season,101.6986301369863,False,55.25
b1e81b9a-9cf9-4790-bc8f-b7d365a1c8ed,50,2025-06-28,100,False,100 m Freestyle,Freestyle,Evelyn Davis,Women,European U23 Championships,Heat,55.19,2024_25,LC,54.75,54.75,current_season,100.80365296803653,False,55.25
d76df11c-fa38-464a-9d55-fac1d6a3cbea,50,2025-06-28,100,False,100 m Freestyle,Freestyle,Evelyn Davis,Women,European U23 Championships,Final,54.97,2024_25,LC,54.75,54.75,current_season,100.40182648401826,False,55.25
0625d863-75d3-4ed6-b0b4-41f7968a44d7,50,2025-07-24,100,False,100 m Freestyle,Freestyle,Evelyn Davis,Women,British Summer Championships,Heat,55.34,2024_25,LC,54.75,54.75,current_season,101.07762557077626,False,55.25
f8c2941d-9547-444d-8ed9-381d771a3537,50,2025-07-24,100,False,100 m Freestyle,Freestyle,Evelyn Davis,Women,British Summer Championships,Final,54.94,2024_25,LC,54.75,54.75,current_season,100.34703196347033,False,55.25
c6864470-d66d-46c7-bbd9-173152f815ba,50,2022-04-05,200,False,200 m Freestyle,Freestyle,Evelyn Davis,Women,British Championships,C-Final,124.54,2021_22,LC,124.95,124.95,current_season,99.671868747499,True,
6ac292f4-f7f4-427c-8153-29a847eb8084,50,2022-05-28,200,False,200 m Freestyle,Freestyle,Evelyn Davis,Women,Glasgow International,Final,125.78,2021_22,LC,124.54,124.54,current_season,100.99566404368075,False,
e393dded-9c17-45f0-8a35-4a75671a0823,50,2023-02-16,200,False,200 m Freestyle,Freestyle,Evelyn Davis,Women,Time Trial,Time Trial,124.41,2022_23,LC,,124.54,prior_season,99.8956158663883,True,124.54
5e0a9aa9-2753-4252-b157-fbfde2e9a7b3,50,2023-02-25,200,False,200 m Freestyle,Freestyle,Evelyn Davis,Women,BUCS Championships,Heat,124.39,2022_23,LC,124.41,124.41,current_season,99.98392412185517,True,124.54
c592c2d8-58a2-458f-b886-427a6e5f57c7,50,2023-02-25,200,False,200 m Freestyle,Freestyle,Evelyn Davis,Women,BUCS Championships,Final,121.34,2022_23,LC,124.39,124.39,current_season,97.5480344079106,True,124.54
b8d0f4b2-3227-442b-bc62-cd08d162a7c6,50,2023-03-11,200,False,200 m Freestyle,Freestyle,Evelyn Davis,Women,Edinburgh International,Heat,123.73,2022_23,LC,121.34,121.34,current_season,101.96967199604417,False,124.54
9f27eb2f-9f35-4652-a90d-04888d8eacb6,50,2023-04-04,200,False,200 m Freestyle,Freestyle,Evelyn Davis,Women,British Championships,Heat,121.17,2022_23,LC,121.34,121.34,current_season,99.85989780781276,True,124.54
ecdddbe6-d3a7-4de2-a937-cd4418950950,50,2023-04-04,200,False,200 m Freestyle,Freestyle,Evelyn Davis,Women,British Championships,B-Final,120.4,2022_23,LC,121.17,121.17,current_season,99.36452917388793,True,124.54
a5d5e8b5-67cb-4025-aea4-6a040f63753d,50,2023-06-23,200,False,200 m Freestyle,Freestyle,Evelyn Davis,Women,Sette Colli,Heat,122.54,2022_23,LC,120.4,120.4,current_season,101.77740863787375,False,124.54
8657f4e9-9072-4ad8-a08b-2a4ae8afa0c5,50,2023-07-01,200,False,200 m Freestyle,Freestyle,Evelyn Davis,Women,Scottish Nationals,Final,125.28,2022_23,LC,120.4,120.4,current_season,104.0531561461794,False,124.54
e90a6d1f-b49f-43a3-b582-be877f027ab4,50,2023-07-01,200,False,200 m Freestyle,Freestyle,Evelyn Davis,Women,Scottish Nationals,Heat,127.15,2022_23,LC,120.4,120.4,current_season,105.6063122923588,False,124.54
6e606d68-69d1-4988-b7b9-671a1a08cda0,50,2023-07-26,200,False,200 m Freestyle,Freestyle,Evelyn Davis,Women,British Summer Championships,Heat,124.41,2022_23,LC,120.4,120.4,current_season,103.33056478405315,False,124.54
d363c87f-92da-4061-aee6-4ab115852767,50,2023-07-26,200,False,200 m Freestyle,Freestyle,Evelyn Davis,Women,British Summer Championships,Final,121.64,2022_23,LC,120.4,120.4,current_season,101.02990033222592,False,124.54
8a79ccdf-83ea-4cbe-967d-833fb09dcd21,50,2023-08-11,200,False,200 m Freestyle,Freestyle,Evelyn Davis,Women,European U23 Championships,Heat,121.52,2022_23,LC,120.4,120.4,current_season,100.93023255813954,False,124.54
e6374273-d3ad-422d-aed1-82e3d14b900e,50,2023-08-11,200,False,200 m Freestyle,Freestyle,Evelyn Davis,Women,European U23 Championships,Final,120.61,2022_23,LC,120.4,120.4,current_season,100.17441860465115,False,124.54
e092fe1b-a5eb-4dac-a78b-56de18807945,50,2023-12-15,200,False,200 m Freestyle,Freestyle,Evelyn Davis,Women,Time Trial,Heat,124.73,2023_24,LC,,120.4,prior_season,103.59634551495016,False,120.4
240db446-0916-4f29-ae14-935c35c985b5,50,2024-02-23,200,False,200 m Freestyle,Freestyle,Evelyn Davis,Women,BUCS Championships,Heat,125.03,2023_24,LC,124.73,124.73,current_season,100.24051952216789,False,120.4
838b8dce-a6cb-43ce-8c29-23627892c331,50,2024-02-23,200,False,200 m Freestyle,Freestyle,Evelyn Davis,Women,BUCS Championships,Final,123.72,2023_24,LC,124.73,124.73,current_season,99.19025094203478,True,120.4
c60019f0-2ab2-4f50-95f7-a299822dc1e3,50,2024-03-09,200,False,200 m Freestyle,Freestyle,Evelyn Davis,Women,Edinburgh International,Heat,125.56,2023_24,LC,123.72,123.72,current_season,101.48722922728743,False,120.4
57d7d989-7329-41aa-9a63-7d4baf3669e6,50,2024-04-02,200,False,200 m Freestyle,Freestyle,Evelyn Davis,Women,British Championships,B-Final,121.33,2023_24,LC,123.72,123.72,current_season,98.06821855803427,True,120.4
edc4a4ab-1de7-40fd-bdf5-45085fd2ed05,50,2024-04-02,200,False,200 m Freestyle,Freestyle,Evelyn Davis,Women,British Championships,Heat,122.96,2023_24,LC,121.33,121.33,current_season,101.34344350119508,False,120.4
4f3635f5-980b-44c0-8db6-e6e3a186e7f2,50,2024-05-26,200,False,200 m Freestyle,Freestyle,Evelyn Davis,Women,AP International,Final,124.09,2023_24,LC,121.33,121.33,current_season,102.27478776889475,False,120.4
5fa83bb6-3330-4cbd-b8a3-b2e13ea18b48,50,2024-05-26,200,False,200 m Freestyle,Freestyle,Evelyn Davis,Women,AP International,Heat,123.58,2023_24,LC,121.33,121.33,current_season,101.85444655072942,False,120.4
5108f2b5-4180-4ddb-9c48-72ed00f845bf,50,2024-06-21,200,False,200 m Freestyle,Freestyle,Evelyn Davis,Women,Sette Colli,Heat,124.21,2023_24,LC,121.33,121.33,current_season,102.37369158493365,False,120.4
8d4c1374-003a-4415-af6d-1e9296793f7a,50,2025-02-14,200,False,200 m Freestyle,Freestyle,Evelyn Davis,Women,BUCS Championships,Final,122.28,2024_25,LC,,121.33,prior_season,100.78298854364132,False,121.33
7d5dbc19-4958-44fa-a225-b967c8907a17,50,2025-03-15,200,False,200 m Freestyle,Freestyle,Evelyn Davis,Women,Edinburgh International,Heat,122.48,2024_25,LC,122.28,122.28,current_season,100.16355904481517,False,121.33
f3a2b754-8f21-4ca8-a024-b2c8cdcfad54,50,2025-03-15,200,False,200 m Freestyle,Freestyle,Evelyn Davis,Women,Edinburgh International,B-Final,122.27,2024_25,LC,122.28,122.28,current_season,99.99182204775924,True,121.33
0fe77d28-396c-43a3-b352-15a3ea1fd791,50,2025-04-15,200,False,200 m Freestyle,Freestyle,Evelyn Davis,Women,British Championships,Heat,120.72,2024_25,LC,122.27,122.27,current_season,98.73231373190481,True,121.33
4d316ee0-d085-4b10-8f7f-aa1d52d45e9d,50,2025-04-15,200,False,200 m Freestyle,Freestyle,Evelyn Davis,Women,British Championships,B-Final,120.75,2024_25,LC,120.72,120.72,current_season,100.0248508946322,False,121.33
de68965d-20ef-4cee-8d67-5dbdd2b0d7fc,50,2025-05-25,200,False,200 m Freestyle,Freestyle,Evelyn Davis,Women,AP International,Heat,123.1,2024_25,LC,120.72,120.72,current_season,101.9715043074884,False,121.33
ea6b426e-540b-47c8-bee2-60ec7cf41a6e,50,2025-05-25,200,False,200 m Freestyle,Freestyle,Evelyn Davis,Women,AP International,B-Final,121.81,2024_25,LC,120.72,120.72,current_season,100.90291583830351,False,121.33
6172a67c-0aed-47d1-a8f9-165df8ec83d2,50,2022-04-07,50,False,50 m Freestyle,Freestyle,Evelyn Davis,Women,British Championships,Heat,25.64,2021_22,LC,25.39,25.39,current_season,100.98463962189838,False,
bf66440f-b4b6-4ea9-91c6-a204f895a49c,50,2022-05-27,50,False,50 m Freestyle,Freestyle,Evelyn Davis,Women,Glasgow International,Final,25.97,2021_22,LC,25.39,25.39,current_season,102.28436392280425,False,
eddac174-be64-4669-9293-04288331e9ad,50,2022-05-27,50,False,50 m Freestyle,Freestyle,Evelyn Davis,Women,Glasgow International,Heat,25.88,2021_22,LC,25.39,25.39,current_season,101.92989365892082,False,
11207f6e-9d52-4a53-8770-a728f681b568,50,2022-07-30,50,False,50 m Freestyle,Freestyle,Evelyn Davis,Women,Commonwealth Games,Heat,26.01,2021_22,LC,25.39,25.39,current_season,102.44190626230801,False,
b547e3d3-f00c-4bc9-ace2-9479ee468333,50,2022-07-30,50,False,50 m Freestyle,Freestyle,Evelyn Davis,Women,Commonwealth Games,Semi-Final,25.96,2021_22,LC,25.39,25.39,current_season,102.24497833792832,False,
3152f834-3747-498e-b19b-72a00512555c,50,2023-02-25,50,False,50 m Freestyle,Freestyle,Evelyn Davis,Women,BUCS Championships,Final,26.18,2022_23,LC,,25.39,prior_season,103.11146120519889,False,25.39
4fc587c5-3655-487b-bd2d-c004e27d97a4,50,2023-03-10,50,False,50 m Freestyle,Freestyle,Evelyn Davis,Women,Edinburgh International,Heat,26.28,2022_23,LC,26.18,26.18,current_season,100.38197097020627,False,25.39
ab0808ca-219a-4dd8-9cfd-4a0dae3c340a,50,2023-03-10,50,False,50 m Freestyle,Freestyle,Evelyn Davis,Women,Edinburgh International,B-Final,26.74,2022_23,LC,26.18,26.18,current_season,102.13903743315507,False,25.39
cb02e436-0408-4270-9d38-9870c0ef3ad2,50,2023-04-06,50,False,50 m Freestyle,Freestyle,Evelyn Davis,Women,British Championships,B-Final,25.69,2022_23,LC,26.18,26.18,current_season,98.1283422459893,True,25.39
d13f8702-72f3-4425-8837-e48713f90ada,50,2023-04-06,50,False,50 m Freestyle,Freestyle,Evelyn Davis,Women,British Championships,Heat,25.85,2022_23,LC,25.69,25.69,current_season,100.62281043207473,False,25.39
8a05847b-a6f0-4d03-b8b9-3464ca5fc29b,50,2023-05-27,50,False,50 m Freestyle,Freestyle,Evelyn Davis,Women,Glasgow International,Final,26.22,2022_23,LC,25.69,25.69,current_season,102.06305955624755,False,25.39
9e28990b-af0d-4212-a962-93830f182c80,50,2023-06-25,50,False,50 m Freestyle,Freestyle,Evelyn Davis,Women,Sette Colli,Heat,26.47,2022_23,LC,25.69,25.69,current_season,103.03620085636433,False,25.39
853d1457-a519-4913-9eb1-cad85917ac8c,50,2023-07-25,50,False,50 m Freestyle,Freestyle,Evelyn Davis,Women,British Summer Championships,Heat,25.89,2022_23,LC,25.69,25.69,current_season,100.77851304009342,False,25.39
d4ab72a6-de2b-4df2-8b74-699016a2836a,50,2023-07-25,50,False,50 m Freestyle,Freestyle,Evelyn Davis,Women,British Summer Championships,Final,25.59,2022_23,LC,25.69,25.69,current_season,99.61074347995329,True,25.39
42cde2fe-2290-4111-88e1-c1880eab3a70,50,2023-08-12,50,False,50 m Freestyle,Freestyle,Evelyn Davis,Women,European U23 Championships,Heat,25.83,2022_23,LC,25.59,25.59,current_season,100.93786635404453,False,25.39
d90959e8-582f-4804-be22-d1fc14ec189e,50,2024-01-20,50,False,50 m Freestyle,Freestyle,Evelyn Davis,Women,Challenge International de Geneve,Semi-Final,25.87,2023_24,LC,,25.59,prior_season,101.09417741305198,False,25.59
04095ef7-7df0-4804-8637-4028d5faae1c,50,2024-02-25,50,False,50 m Freestyle,Freestyle,Evelyn Davis,Women,BUCS Championships,Heat,26.37,2023_24,LC,25.87,25.87,current_season,101.93274062620796,False,25.59
f830ee50-25d0-4826-92e3-1c9f6a14def1,50,2024-02-25,50,False,50 m Freestyle,Freestyle,Evelyn Davis,Women,BUCS Championships,Final,26.08,2023_24,LC,25.87,25.87,current_season,100.81175106300732,False,25.59
4a96162e-9a0d-4c30-8279-a8e8ec3b3250,50,2024-03-08,50,False,50 m Freestyle,Freestyle,Evelyn Davis,Women,Edinburgh International,Final,25.88,2023_24,LC,25.87,25.87,current_season,100.03865481252414,False,25.59
6ba0ce45-a532-460b-96af-77c4b90c7e2a,50,2024-03-08,50,False,50 m Freestyle,Freestyle,Evelyn Davis,Women,Edinburgh International,Heat,26.25,2023_24,LC,25.87,25.87,current_season,101.46888287591804,False,25.59
8c7c5cef-2682-4241-ae70-1b40ccab7404,50,2024-04-04,50,False,50 m Freestyle,Freestyle,Evelyn Davis,Women,British Championships,B-Final,26.04,2023_24,LC,25.87,25.87,current_season,100.65713181291069,False,25.59
bd440c95-d4f4-403f-97fa-846dda8164db,50,2024-04-04,50,False,50 m Freestyle,Freestyle,Evelyn Davis,Women,British Championships,Heat,25.96,2023_24,LC,25.87,25.87,current_season,100.34789331271743,False,25.59
8219f89d-cd0a-4974-b426-2b1beedbd92c,50,2024-05-25,50,False,50 m Freestyle,Freestyle,Evelyn Davis,Women,AP International,Heat,26.06,2023_24,LC,25.87,25.87,current_season,100.73444143795902,False,25.59
ccc1fdab-3bdc-4ae2-b257-ddd8108fd9f9,50,2024-05-25,50,False,50 m Freestyle,Freestyle,Evelyn Davis,Women,AP International,B-Final,26.14,2023_24,LC,25.87,25.87,current_season,101.04367993815231,False,25.59
d97e8a44-0fb6-40bf-bfbf-189f3bb31d0f,50,2024-06-23,50,False,50 m Freestyle,Freestyle,Evelyn Davis,Women,Sette Colli,Heat,26.2,2023_24,LC,25.87,25.87,current_season,101.27560881329725,False,25.59
3867399f-eb33-4696-92c6-5ecaecdb6ce2,50,2024-06-30,50,False,50 m Freestyle,Freestyle,Evelyn Davis,Women,Scottish Nationals,Heat,26.55,2023_24,LC,25.87,25.87,current_season,102.62852725164282,False,25.59
8ab68d03-5967-494d-94e4-2fc6172797d9,50,2024-06-30,50,False,50 m Freestyle,Freestyle,Evelyn Davis,Women,Scottish Nationals,Final,26.1,2023_24,LC,25.87,25.87,current_season,100.88906068805565,False,25.59
b4f8a886-6d5b-4090-b05c-1b9ab010237a,50,2025-02-16,50,False,50 m Freestyle,Freestyle,Evelyn Davis,Women,BUCS Championships,Final,25.6,2024_25,LC,,25.87,prior_season,98.9563200618477,True,25.87
9f509579-9314-4800-a7fd-d32e48e3565d,50,2025-03-14,50,False,50 m Freestyle,Freestyle,Evelyn Davis,Women,Edinburgh International,Heat,25.82,2024_25,LC,25.6,25.6,current_season,100.859375,False,25.87
c5f91d8a-4fb9-44b9-8544-be067086428e,50,2025-03-14,50,False,50 m Freestyle,Freestyle,Evelyn Davis,Women,Edinburgh International,B-Final,25.85,2024_25,LC,25.6,25.6,current_season,100.9765625,False,25.87
9e827707-5290-4e12-9c7d-11c8d5c0328b,50,2025-05-24,50,False,50 m Freestyle,Freestyle,Evelyn Davis,Women,AP International,Heat,25.88,2024_25,LC,25.6,25.6,current_season,101.09374999999999,False,25.87
5b5202e6-c264-49dd-963b-d8f8bc2ebfad,50,2025-07-22,50,False,50 m Freestyle,Freestyle,Evelyn Davis,Women,British Summer Championships,Heat,25.76,2024_25,LC,25.6,25.6,current_season,100.62500000000001,False,25.87
3d899bdf-239c-4f3d-8c65-87e0f4ad8979,50,2025-03-16,200,False,200 m Backstroke,Backstroke,Finlay Davies,Men,Edinburgh International,Heat,128.85,2024_25,LC,128.72,128.72,current_season,100.10099440646363,False,
7985a697-6c15-4ece-920b-3eba1c9010b2,50,2025-04-20,200,False,200 m Backstroke,Backstroke,Finlay Davies,Men,British Championships,Heat,125.57,2024_25,LC,128.72,128.72,current_season,97.55282784338097,True,
d8cf1798-6982-4efc-a889-a68d172623cb,50,2025-04-20,200,False,200 m Backstroke,Backstroke,Finlay Davies,Men,British Championships,B-Final,127.09,2024_25,LC,125.57,125.57,current_season,101.2104802102413,False,
dab5fa6d-47b6-4515-9d6d-cffe5f6c99d2,50,2025-06-29,200,False,200 m Backstroke,Backstroke,Finlay Davies,Men,Scottish Nationals,Final,126.98,2024_25,LC,125.57,125.57,current_season,101.1228796687107,False,
1aa4ca00-aefb-476f-a25c-0e4fd75448e2,50,2025-07-25,200,False,200 m Backstroke,Backstroke,Finlay Davies,Men,British Summer Championships,Heat,125.53,2024_25,LC,125.57,125.57,current_season,99.96814525762524,True,
25b20083-5db8-4648-b0e7-98376f010e96,50,2025-07-25,200,False,200 m Backstroke,Backstroke,Finlay Davies,Men,British Summer Championships,Final,124.36,2024_25,LC,125.53,125.53,current_season,99.06795188401179,True,
43133f7a-c096-4f4a-99b0-8c0ecd080940,50,2025-03-14,200,False,200 m IM,Medley,Finlay Davies,Men,Edinburgh International,Heat,129.64,2024_25,LC,127.7,127.7,current_season,101.51918559122943,False,
7e5a9b1d-54e8-49b4-b878-a4a8176bcdad,50,2025-04-18,200,False,200 m IM,Medley,Finlay Davies,Men,British Championships,Heat,125.32,2024_25,LC,127.7,127.7,current_season,98.13625685199686,True,
b180de96-9096-48b7-80f1-c814e9963615,50,2025-04-18,200,False,200 m IM,Medley,Finlay Davies,Men,British Championships,B-Final,124.99,2024_25,LC,125.32,125.32,current_season,99.73667411426747,True,
5bfb074c-d46d-414f-b73e-27e19efae160,50,2025-05-22,200,False,200 m IM,Medley,Finlay Davies,Men,Time Trial,Time Trial,126.22,2024_25,LC,124.99,124.99,current_season,100.98407872629811,False,
32305082-fdb4-4ac6-897e-7ba5899d29ff,50,2025-07-24,200,False,200 m IM,Medley,Finlay Davies,Men,British Summer Championships,Final,124.99,2024_25,LC,124.99,124.99,current_season,100.0,False,
d1872946-8be1-42eb-94e2-f8a6ee0fe1aa,50,2025-07-24,200,False,200 m IM,Medley,Finlay Davies,Men,British Summer Championships,Heat,125.97,2024_25,LC,124.99,124.99,current_season,100.784062725018,False,
85c0f7a5-ae9b-4d01-8a3e-780ef626bda4,50,2025-04-16,400,False,400 m IM,Medley,Finlay Davies,Men,British Championships,B-Final,268.44,2024_25,LC,277.48,277.48,current_season,96.7421075392821,True,
b4a8694b-1036-4299-ae22-d4bb09cd784b,50,2025-04-16,400,False,400 m IM,Medley,Finlay Davies,Men,British Championships,Heat,269.73,2024_25,LC,268.44,268.44,current_season,100.48055431381316,False,
c252bc88-f2b3-4725-a4ce-9a8219057407,50,2025-06-28,400,False,400 m IM,Medley,Finlay Davies,Men,Scottish Nationals,Final,271.6,2024_25,LC,268.44,268.44,current_season,101.17717180748028,False,
ca4e8ce0-084d-41e6-993c-68cee44e80a1,50,2025-07-22,400,False,400 m IM,Medley,Finlay Davies,Men,British Summer Championships,Heat,271.04,2024_25,LC,268.44,268.44,current_season,100.96855908210402,False,
e1c282f4-eddb-4740-833a-7919505e22d5,50,2022-02-24,100,False,100 m Freestyle,Freestyle,Freya Anderson,Women,Dave McCullagh Int LC,Heat,55.18,2021_22,LC,55.16,55.16,current_season,100.03625815808557,False,
7c09c87b-364c-4c9a-b2ac-46e3d7e1f544,50,2022-03-13,100,False,100 m Freestyle,Freestyle,Freya Anderson,Women,Edinburgh International,Final,54.55,2021_22,LC,55.16,55.16,current_season,98.89412617839014,True,
b10410d1-5cb9-414a-aa2d-2b0e3881514f,50,2022-03-13,100,False,100 m Freestyle,Freestyle,Freya Anderson,Women,Edinburgh International,Heat,55.13,2021_22,LC,54.55,54.55,current_season,101.06324472960588,False,
e8719efe-3187-4970-9ad6-950db5f8e7a8,50,2022-04-08,100,False,100 m Freestyle,Freestyle,Freya Anderson,Women,British Championships,Heat,55.05,2021_22,LC,54.55,54.55,current_season,100.916590284143,False,
f73776eb-d634-4905-9e9c-be84f7c5a34a,50,2022-04-08,100,False,100 m Freestyle,Freestyle,Freya Anderson,Women,British Championships,Final,53.92,2021_22,LC,54.55,54.55,current_season,98.84509624197985,True,
175c70e6-da3f-4b9f-9c16-feeb6a8b8aff,50,2022-06-22,100,False,100 m Freestyle,Freestyle,Freya Anderson,Women,World Championships,Semi-Final,54.19,2021_22,LC,53.92,53.92,current_season,100.50074183976261,False,
ce378432-0ebe-445f-a25b-2dc43aac0d3b,50,2022-06-22,100,False,100 m Freestyle,Freestyle,Freya Anderson,Women,World Championships,Heat,54.4,2021_22,LC,53.92,53.92,current_season,100.89020771513353,False,
4ce96f3d-a392-42bf-b3c0-9bcd9d1cd61c,50,2022-08-01,100,False,100 m Freestyle,Freestyle,Freya Anderson,Women,Commonwealth Games,Heat,54.83,2021_22,LC,53.92,53.92,current_season,101.68768545994065,False,
c69a1ce4-f836-41b6-9292-d33df2b50c8e,50,2022-08-01,100,False,100 m Freestyle,Freestyle,Freya Anderson,Women,Commonwealth Games,Semi-Final,54.15,2021_22,LC,53.92,53.92,current_season,100.42655786350147,False,
a6194473-fb44-49b9-89c0-180ec3a07036,50,2022-08-02,100,False,100 m Freestyle,Freestyle,Freya Anderson,Women,Commonwealth Games,Final,54.0,2021_22,LC,53.92,53.92,current_season,100.14836795252225,False,
094c4526-2efb-484b-87a5-5105c6df72da,50,2022-08-11,100,False,100 m Freestyle,Freestyle,Freya Anderson,Women,European Championships,Heat,54.73,2021_22,LC,53.92,53.92,current_season,101.50222551928782,False,
ed7c1891-f18b-4638-aebd-27b9d96047b8,50,2022-08-11,100,False,100 m Freestyle,Freestyle,Freya Anderson,Women,European Championships,Semi-Final,54.33,2021_22,LC,53.92,53.92,current_season,100.76038575667656,False,
faf77180-af5d-4c06-a88a-c4a08bcf153c,50,2022-08-12,100,False,100 m Freestyle,Freestyle,Freya Anderson,Women,European Championships,Final,53.63,2021_22,LC,53.92,53.92,current_season,99.46216617210682,True,
588abe1e-bcef-48fa-9c30-9f64ccd27bf2,50,2022-12-03,100,False,100 m Freestyle,Freestyle,Freya Anderson,Women,Rotterdam Qualification Meet,Heat,55.39,2022_23,LC,,53.63,prior_season,103.28174529181429,False,53.63
6bf51d50-5dfd-48bd-8470-f98bf2c8f83c,50,2022-12-03,100,False,100 m Freestyle,Freestyle,Freya Anderson,Women,Rotterdam Qualification Meet,Final,54.71,2022_23,LC,55.39,55.39,current_season,98.77234157790214,True,53.63
8162c804-f5c9-461b-8ca6-26158f0332a9,50,2023-03-12,100,False,100 m Freestyle,Freestyle,Freya Anderson,Women,Edinburgh International,Final,55.5,2022_23,LC,54.71,54.71,current_season,101.44397733503929,False,53.63
9c73d0b4-c80b-4f9f-8e4b-b72d939dcfc9,50,2023-03-12,100,False,100 m Freestyle,Freestyle,Freya Anderson,Women,Edinburgh International,Heat,55.57,2022_23,LC,54.71,54.71,current_season,101.57192469384024,False,53.63
71c90392-6e76-4029-abbe-05ee01a04544,50,2023-04-07,100,False,100 m Freestyle,Freestyle,Freya Anderson,Women,British Championships,Heat,54.63,2022_23,LC,54.71,54.71,current_season,99.85377444708463,True,53.63
f4bccb9f-3318-443b-96e0-b0d10ade3bf4,50,2023-04-07,100,False,100 m Freestyle,Freestyle,Freya Anderson,Women,British Championships,Final,53.48,2022_23,LC,54.63,54.63,current_season,97.8949295259015,True,53.63
352aca81-998e-45d2-b11e-feeec11414fd,50,2023-06-24,100,False,100 m Freestyle,Freestyle,Freya Anderson,Women,Sette Colli,Heat,54.81,2022_23,LC,53.48,53.48,current_season,102.48691099476441,False,53.63
57c28b9a-956b-4e72-b51f-2fab66e4c87c,50,2023-06-24,100,False,100 m Freestyle,Freestyle,Freya Anderson,Women,Sette Colli,Final,55.37,2022_23,LC,53.48,53.48,current_season,103.53403141361257,False,53.63
67e1b11d-1f21-4251-84d9-559eb3ffd61c,50,2024-04-07,100,False,100 m Freestyle,Freestyle,Freya Anderson,Women,British Championships,Heat,55.01,2023_24,LC,,53.48,prior_season,102.86088257292445,False,53.48
831ce7ca-76e8-4d2f-97a1-39e9c459535f,50,2024-04-07,100,False,100 m Freestyle,Freestyle,Freya Anderson,Women,British Championships,Final,54.59,2023_24,LC,55.01,55.01,current_season,99.23650245409927,True,53.48
1d3b1643-b1bf-4725-b973-f804d8c704f8,50,2024-06-22,100,False,100 m Freestyle,Freestyle,Freya Anderson,Women,Sette Colli,B-Final,54.67,2023_24,LC,54.59,54.59,current_season,100.1465469866276,False,53.48
3aa1df55-7e48-4617-a6a4-e823a030b992,50,2024-06-22,100,False,100 m Freestyle,Freestyle,Freya Anderson,Women,Sette Colli,Heat,55.07,2023_24,LC,54.59,54.59,current_season,100.87928191976552,False,53.48
1721dbfa-95f2-4ddb-b13e-4cac9512ae2b,50,2025-03-16,100,False,100 m Freestyle,Freestyle,Freya Anderson,Women,Edinburgh International,Heat,55.5,2024_25,LC,,54.59,prior_season,101.6669719728888,False,54.59
2041a9c4-5cbd-464d-b3d9-4aea09a1d7ed,50,2025-03-16,100,False,100 m Freestyle,Freestyle,Freya Anderson,Women,Edinburgh International,Final,55.08,2024_25,LC,55.5,55.5,current_season,99.24324324324324,True,54.59
0464e3fc-33aa-4b14-a337-8ade903cfade,50,2025-04-20,100,False,100 m Freestyle,Freestyle,Freya Anderson,Women,British Championships,Heat,54.37,2024_25,LC,55.08,55.08,current_season,98.71096586782862,True,54.59
52091b84-fc04-4beb-8e8b-74d4686d26b6,50,2025-04-20,100,False,100 m Freestyle,Freestyle,Freya Anderson,Women,British Championships,Final,54.09,2024_25,LC,54.37,54.37,current_season,99.48501011587273,True,54.59
6ce551d8-fa60-44f5-9bbe-29ca5f711a2d,50,2025-05-26,100,False,100 m Freestyle,Freestyle,Freya Anderson,Women,AP International,Final,55.13,2024_25,LC,54.09,54.09,current_season,101.92272139027547,False,54.59
814d6779-dc6f-4b2f-90ba-9fe262602128,50,2025-05-26,100,False,100 m Freestyle,Freestyle,Freya Anderson,Women,AP International,Heat,55.24,2024_25,LC,54.09,54.09,current_season,102.12608615270844,False,54.59
8d47ba2b-8ff1-4b55-af3d-2389b42791de,50,2025-06-27,100,False,100 m Freestyle,Freestyle,Freya Anderson,Women,Sette Colli,Final,54.64,2024_25,LC,54.09,54.09,current_season,101.0168238121649,False,54.59
dc61782f-8411-42f6-9f59-59c029cfd65f,50,2025-06-27,100,False,100 m Freestyle,Freestyle,Freya Anderson,Women,Sette Colli,Heat,54.95,2024_25,LC,54.09,54.09,current_season,101.58994268811242,False,54.59
558d7873-e7ae-4717-ae7c-809830862b11,50,2025-07-31,100,False,100 m Freestyle,Freestyle,Freya Anderson,Women,World Championships,Heat,54.39,2024_25,LC,54.09,54.09,current_season,100.55463117027176,False,54.59
e856b141-6250-408c-b72e-e34f6367443b,50,2025-07-31,100,False,100 m Freestyle,Freestyle,Freya Anderson,Women,World Championships,Semi-Final,54.49,2024_25,LC,54.09,54.09,current_season,100.73950822702902,False,54.59
c1bffbc0-f49d-4a40-ace4-af23d15fd63c,50,2022-02-25,200,False,200 m Freestyle,Freestyle,Freya Anderson,Women,Dave McCullagh Int LC,Final,119.66,2021_22,LC,124.11,124.11,current_season,96.41447103376038,True,
5135d6d8-77e8-4632-bb15-782f076a6b49,50,2022-03-12,200,False,200 m Freestyle,Freestyle,Freya Anderson,Women,Edinburgh International,Final,118.42,2021_22,LC,119.66,119.66,current_season,98.9637305699482,True,
cf355ac9-f56f-4237-bae1-c1afc3235aae,50,2022-03-12,200,False,200 m Freestyle,Freestyle,Freya Anderson,Women,Edinburgh International,Heat,120.07,2021_22,LC,118.42,118.42,current_season,101.39334571862861,False,
624486e5-1347-4838-b094-58d2d9e50c1f,50,2022-04-05,200,False,200 m Freestyle,Freestyle,Freya Anderson,Women,British Championships,Final,117.63,2021_22,LC,118.42,118.42,current_season,99.33288295895963,True,
b5539baf-bf39-431b-8ed0-b43909eb615e,50,2022-04-05,200,False,200 m Freestyle,Freestyle,Freya Anderson,Women,British Championships,Heat,118.88,2021_22,LC,117.63,117.63,current_season,101.0626540848423,False,
0d297dd7-9fc0-41f1-b1a3-927381ec15fc,50,2022-06-20,200,False,200 m Freestyle,Freestyle,Freya Anderson,Women,World Championships,Heat,117.53,2021_22,LC,117.63,117.63,current_season,99.91498767321262,True,
271565fb-0e39-422c-a414-c6c39ec1c856,50,2022-06-20,200,False,200 m Freestyle,Freestyle,Freya Anderson,Women,World Championships,Semi-Final,116.05,2021_22,LC,117.53,117.53,current_season,98.74074704330809,True,
6ed635cc-bf53-4144-8148-114f701ac413,50,2022-06-21,200,False,200 m Freestyle,Freestyle,Freya Anderson,Women,World Championships,Final,116.61,2021_22,LC,116.05,116.05,current_season,100.48255062473072,False,
358aa579-61e4-4cdc-ad00-b29d86885df5,50,2022-07-29,200,False,200 m Freestyle,Freestyle,Freya Anderson,Women,Commonwealth Games,Final,116.83,2021_22,LC,116.05,116.05,current_season,100.67212408444637,False,
ea002e4d-3de0-4254-ab8a-70e64af2fede,50,2022-07-29,200,False,200 m Freestyle,Freestyle,Freya Anderson,Women,Commonwealth Games,Heat,117.59,2021_22,LC,116.05,116.05,current_season,101.3270142180095,False,
310208a2-3392-4d17-a834-19ac7300f1f3,50,2022-08-13,200,False,200 m Freestyle,Freestyle,Freya Anderson,Women,European Championships,Heat,120.14,2021_22,LC,116.05,116.05,current_season,103.52434295562259,False,
b12c6de9-74d0-4b76-9795-3e9167b5ecb4,50,2022-08-13,200,False,200 m Freestyle,Freestyle,Freya Anderson,Women,European Championships,Semi-Final,117.76,2021_22,LC,116.05,116.05,current_season,101.47350280051704,False,
e4a78153-94da-47d5-a6c5-2b296b6919ee,50,2022-08-14,200,False,200 m Freestyle,Freestyle,Freya Anderson,Women,European Championships,Final,116.52,2021_22,LC,116.05,116.05,current_season,100.40499784575614,False,
8da58251-8631-4274-a7a8-531b0ef290d3,50,2022-12-01,200,False,200 m Freestyle,Freestyle,Freya Anderson,Women,Rotterdam Qualification Meet,Final,117.33,2022_23,LC,,116.05,prior_season,101.10297285652736,False,116.05
d0407230-f123-43e7-8940-7db9b339ee2d,50,2022-12-01,200,False,200 m Freestyle,Freestyle,Freya Anderson,Women,Rotterdam Qualification Meet,Heat,121.82,2022_23,LC,117.33,117.33,current_season,103.8268132617404,False,116.05
71d87331-c903-40fb-bc0f-1ac94940a81d,50,2023-03-11,200,False,200 m Freestyle,Freestyle,Freya Anderson,Women,Edinburgh International,Final,118.65,2022_23,LC,117.33,117.33,current_season,101.12503196113526,False,116.05
be4d5bbb-d109-4f77-bb85-0a86e5550a75,50,2023-03-11,200,False,200 m Freestyle,Freestyle,Freya Anderson,Women,Edinburgh International,Heat,119.25,2022_23,LC,117.33,117.33,current_season,101.63641012528765,False,116.05
b9e0d796-b845-417c-96f8-64bd1eb37866,50,2023-04-04,200,False,200 m Freestyle,Freestyle,Freya Anderson,Women,British Championships,Heat,118.06,2022_23,LC,117.33,117.33,current_season,100.62217676638541,False,116.05
bc4b8b1c-ce5b-481b-a4a4-30adffdaa13d,50,2023-04-04,200,False,200 m Freestyle,Freestyle,Freya Anderson,Women,British Championships,Final,115.89,2022_23,LC,117.33,117.33,current_season,98.77269240603427,True,116.05
7a470729-e8ce-4f89-907b-3b1ad6b7c69b,50,2023-06-23,200,False,200 m Freestyle,Freestyle,Freya Anderson,Women,Sette Colli,Heat,119.22,2022_23,LC,115.89,115.89,current_season,102.87341444473208,False,116.05
842ad8e8-5238-47bb-8089-b07e2d1c6c8f,50,2023-06-23,200,False,200 m Freestyle,Freestyle,Freya Anderson,Women,Sette Colli,Final,119.14,2022_23,LC,115.89,115.89,current_season,102.80438346708085,False,116.05
1418cf55-a8a0-442a-8089-ebd067b1d629,50,2023-07-25,200,False,200 m Freestyle,Freestyle,Freya Anderson,Women,World Championships,Semi-Final,115.85,2022_23,LC,115.89,115.89,current_season,99.96548451117438,True,116.05
71d058cf-f5a2-4c96-8d11-84204906e35f,50,2023-07-25,200,False,200 m Freestyle,Freestyle,Freya Anderson,Women,World Championships,Heat,117.12,2022_23,LC,115.85,115.85,current_season,101.09624514458353,False,116.05
8fc552d9-ff77-43a0-a349-cbea160ee1dd,50,2023-07-26,200,False,200 m Freestyle,Freestyle,Freya Anderson,Women,World Championships,Final,116.33,2022_23,LC,115.85,115.85,current_season,100.41432887354338,False,116.05
21652cd1-99f2-4f8b-b95f-b296b97b8b82,50,2024-06-21,200,False,200 m Freestyle,Freestyle,Freya Anderson,Women,Sette Colli,Heat,118.87,2023_24,LC,,115.85,prior_season,102.60681916271042,False,115.85
7313f152-d488-4252-83e8-c938abcf851e,50,2024-06-21,200,False,200 m Freestyle,Freestyle,Freya Anderson,Women,Sette Colli,Final,118.28,2023_24,LC,118.87,118.87,current_season,99.50365945991419,True,115.85
ccdce12e-a509-4d36-8bda-c47a898dc3b6,50,2025-03-15,200,False,200 m Freestyle,Freestyle,Freya Anderson,Women,Edinburgh International,Heat,120.2,2024_25,LC,,118.28,prior_season,101.62326682448428,False,118.28
ee4b47a6-899c-4604-999c-49ec1d9347cb,50,2025-03-15,200,False,200 m Freestyle,Freestyle,Freya Anderson,Women,Edinburgh International,Final,118.87,2024_25,LC,120.2,120.2,current_season,98.89351081530782,True,118.28
0955926d-12ba-47df-ab67-50ffbfd5c52e,50,2025-04-15,200,False,200 m Freestyle,Freestyle,Freya Anderson,Women,British Championships,Heat,120.47,2024_25,LC,118.87,118.87,current_season,101.34600824430049,False,118.28
bab8adea-81ed-4e74-b779-c7ccf2eb88f7,50,2025-04-15,200,False,200 m Freestyle,Freestyle,Freya Anderson,Women,British Championships,B-Final,119.45,2024_25,LC,118.87,118.87,current_season,100.48792798855892,False,118.28
eb28536f-fbf5-4fe0-97de-671d0bf45ae6,50,2025-05-25,200,False,200 m Freestyle,Freestyle,Freya Anderson,Women,AP International,Final,119.4,2024_25,LC,118.87,118.87,current_season,100.44586523092454,False,118.28
f4d42a7e-5093-4bc7-95a8-4159c1a9b42a,50,2025-05-25,200,False,200 m Freestyle,Freestyle,Freya Anderson,Women,AP International,Heat,120.46,2024_25,LC,118.87,118.87,current_season,101.3375956927736,False,118.28
be73a643-5899-4ae2-adb9-becad4e3106a,50,2025-06-26,200,False,200 m Freestyle,Freestyle,Freya Anderson,Women,Sette Colli,Heat,120.78,2024_25,LC,118.87,118.87,current_season,101.60679734163371,False,118.28
ef4df29a-30e9-4b0d-a7a8-1bcc0debb2e6,50,2025-06-26,200,False,200 m Freestyle,Freestyle,Freya Anderson,Women,Sette Colli,B-Final,121.11,2024_25,LC,118.87,118.87,current_season,101.88441154202069,False,118.28
dac04eb4-527e-4f87-86fb-da65074b8fe4,50,2022-02-26,400,False,400 m Freestyle,Freestyle,Freya Anderson,Women,Dave McCullagh Int LC,Heat,260.52,2021_22,LC,255.27,255.27,current_season,102.05664590433656,False,
b70d6a17-44f3-4fa7-9f6c-760b4b99e406,50,2022-03-11,400,False,400 m Freestyle,Freestyle,Freya Anderson,Women,Edinburgh International,Final,252.3,2021_22,LC,255.27,255.27,current_season,98.83652603126102,True,
1c4bd205-451b-4e2c-ac28-05a8e95538a3,50,2022-04-09,400,False,400 m Freestyle,Freestyle,Freya Anderson,Women,British Championships,Final,248.46,2021_22,LC,252.3,252.3,current_season,98.47800237812129,True,
7680f20a-09cf-4ab8-a01f-8114c7854791,50,2022-04-09,400,False,400 m Freestyle,Freestyle,Freya Anderson,Women,British Championships,Heat,255.05,2021_22,LC,248.46,248.46,current_season,102.65233840457218,False,
84b2e3c9-b771-49eb-b048-1ef6e917d106,50,2022-06-18,400,False,400 m Freestyle,Freestyle,Freya Anderson,Women,World Championships,Heat,251.82,2021_22,LC,248.46,248.46,current_season,101.35233035498672,False,
6976b0f7-1c3c-45f7-8423-5feeeb5284ff,50,2022-12-04,50,False,50 m Freestyle,Freestyle,Freya Anderson,Women,Rotterdam Qualification Meet,Final,25.58,2022_23,LC,25.61,25.61,current_season,99.88285825849277,True,
4d8d4343-8a12-467d-b279-e77055342de0,50,2023-03-10,50,False,50 m Freestyle,Freestyle,Freya Anderson,Women,Edinburgh International,Round of 16,25.68,2022_23,LC,25.58,25.58,current_season,100.39093041438625,False,
a7b4f12f-04b5-4848-9013-ab0468fa5e7f,50,2023-03-10,50,False,50 m Freestyle,Freestyle,Freya Anderson,Women,Edinburgh International,Heat,25.81,2022_23,LC,25.58,25.58,current_season,100.89913995308835,False,
8650a570-f6e5-4d93-9ebb-aaea890acf23,50,2025-06-28,50,False,50 m Freestyle,Freestyle,Freya Anderson,Women,Sette Colli,Heat,25.59,2024_25,LC,25.49,25.49,current_season,100.39231071008238,False,
97b7f819-ab6e-4abb-89e5-26f913bec6f7,50,2024-05-27,100,False,100 m Backstroke,Backstroke,George Smith,Men,AP International,Heat,60.63,2023_24,LC,61.04,61.04,current_season,99.32830930537352,True,
1a4196a5-3f43-4619-a591-0c746be65500,50,2023-02-26,100,False,100 m Breaststroke,Breaststroke,George Smith,Men,BUCS Championships,Final,62.83,2022_23,LC,63.54,63.54,current_season,98.88259364180044,True,
a30e7640-9905-4c42-b516-86b6922d88e4,50,2023-02-26,100,False,100 m Breaststroke,Breaststroke,George Smith,Men,BUCS Championships,Heat,63.73,2022_23,LC,62.83,62.83,current_season,101.43243673404424,False,
cefe63c0-2f16-4bb2-9aa4-1fc0bf8fbe97,50,2023-03-11,100,False,100 m Breaststroke,Breaststroke,George Smith,Men,Edinburgh International,Heat,63.76,2022_23,LC,62.83,62.83,current_season,101.48018462517905,False,
eeeed1d3-82ed-49ac-9bc1-ba410cc178dc,50,2023-03-21,100,False,100 m Breaststroke,Breaststroke,George Smith,Men,Time Trial,Time Trial,62.48,2022_23,LC,62.83,62.83,current_season,99.4429412700939,True,
032b15b9-dba3-4955-9581-5305f1534c1a,50,2023-04-04,100,False,100 m Breaststroke,Breaststroke,George Smith,Men,British Championships,Final,62.1,2022_23,LC,62.48,62.48,current_season,99.39180537772087,True,
759bf116-2b0d-4e29-97bf-b4cf82819932,50,2023-04-04,100,False,100 m Breaststroke,Breaststroke,George Smith,Men,British Championships,Heat,62.29,2022_23,LC,62.1,62.1,current_season,100.30595813204508,False,
b6b52e7a-3571-4fb1-8cae-6dc8cfd7506e,50,2023-05-27,100,False,100 m Breaststroke,Breaststroke,George Smith,Men,Glasgow International,Final,63.55,2022_23,LC,62.1,62.1,current_season,102.33494363929145,False,
453a1497-8628-4285-ba91-e7b5a8e1fe4b,50,2023-06-23,100,False,100 m Breaststroke,Breaststroke,George Smith,Men,Sette Colli,Heat,63.56,2022_23,LC,62.1,62.1,current_season,102.35104669887278,False,
7ae0bfb9-1f11-452e-b00a-1df08ba3f717,50,2023-06-30,100,False,100 m Breaststroke,Breaststroke,George Smith,Men,Scottish Nationals,Final,63.87,2022_23,LC,62.1,62.1,current_season,102.85024154589371,False,
e5915566-6784-40ca-a6de-007ae3fb9725,50,2023-06-30,100,False,100 m Breaststroke,Breaststroke,George Smith,Men,Scottish Nationals,Heat,65.61,2022_23,LC,62.1,62.1,current_season,105.65217391304347,False,
5b42d6c5-3392-411f-ae65-0e18d6073658,50,2023-07-23,100,False,100 m Breaststroke,Breaststroke,George Smith,Men,British Summer Championships,Final,62.25,2022_23,LC,62.1,62.1,current_season,100.2415458937198,False,
708ca0d6-fa7c-472d-87eb-363d6df5ce0c,50,2023-07-23,100,False,100 m Breaststroke,Breaststroke,George Smith,Men,British Summer Championships,Heat,63.13,2022_23,LC,62.1,62.1,current_season,101.65861513687602,False,
0e32efe8-355d-4557-9441-fc2cfa091e14,50,2023-12-15,100,False,100 m Breaststroke,Breaststroke,George Smith,Men,Time Trial,Heat,62.66,2023_24,LC,,62.1,prior_season,100.90177133655394,False,62.1
2fe1a9ff-7e8d-4079-b949-c6ea52c55fa6,50,2024-01-21,100,False,100 m Breaststroke,Breaststroke,George Smith,Men,Challenge International de Geneve,Final,64.31,2023_24,LC,62.66,62.66,current_season,102.63325885732526,False,62.1
5be36827-c526-42b3-b82b-f8e6dbc5a0ab,50,2024-03-09,100,False,100 m Breaststroke,Breaststroke,George Smith,Men,Edinburgh International,B-Final,63.48,2023_24,LC,62.66,62.66,current_season,101.3086498563677,False,62.1
95ad1151-1a3a-4c72-b921-513ced791907,50,2024-03-09,100,False,100 m Breaststroke,Breaststroke,George Smith,Men,Edinburgh International,Heat,64.39,2023_24,LC,62.66,62.66,current_season,102.76093201404406,False,62.1
1148a1bd-c86f-4885-be40-22c7a6856031,50,2024-04-02,100,False,100 m Breaststroke,Breaststroke,George Smith,Men,British Championships,B-Final,62.54,2023_24,LC,62.66,62.66,current_season,99.8084902649218,True,62.1
a19229d6-7a1f-40af-9aef-02d6b4ec96c3,50,2024-04-02,100,False,100 m Breaststroke,Breaststroke,George Smith,Men,British Championships,Heat,62.42,2023_24,LC,62.54,62.54,current_season,99.80812280140711,True,62.1
f252adc7-4eda-46e0-a108-27541a3ebfed,50,2022-07-07,200,False,200 m Breaststroke,Breaststroke,George Smith,Men,European Junior Championships,Semi-Final,134.86,2021_22,LC,136.09,136.09,current_season,99.0961863472702,True,
fbae239d-5f5d-4c97-b0d3-92fad8344e84,50,2022-07-08,200,False,200 m Breaststroke,Breaststroke,George Smith,Men,European Junior Championships,Final,133.79,2021_22,LC,134.86,134.86,current_season,99.20658460625833,True,
9bd976b3-e083-428e-beb3-1a5d2e2501d8,50,2023-02-16,200,False,200 m Breaststroke,Breaststroke,George Smith,Men,Time Trial,Time Trial,134.95,2022_23,LC,,133.79,prior_season,100.86703042080873,False,133.79
8a89a582-9d9f-427d-ac4e-6bf47e9442a8,50,2023-02-25,200,False,200 m Breaststroke,Breaststroke,George Smith,Men,BUCS Championships,Heat,137.54,2022_23,LC,134.95,134.95,current_season,101.91922934420157,False,133.79
922ac978-c12a-4d10-8e4e-e42f2f2db488,50,2023-02-25,200,False,200 m Breaststroke,Breaststroke,George Smith,Men,BUCS Championships,Final,133.94,2022_23,LC,134.95,134.95,current_season,99.25157465728049,True,133.79
a5516f3d-13df-4da1-8822-f7d5aa6a51ea,50,2023-03-10,200,False,200 m Breaststroke,Breaststroke,George Smith,Men,Edinburgh International,Final,134.66,2022_23,LC,133.94,133.94,current_season,100.53755412871435,False,133.79
cc159f0a-334f-4541-8073-c029337e325a,50,2023-03-10,200,False,200 m Breaststroke,Breaststroke,George Smith,Men,Edinburgh International,Heat,136.29,2022_23,LC,133.94,133.94,current_season,101.75451694788711,False,133.79
58fa2e05-cd4a-4aa5-9237-49d2b954032a,50,2023-03-21,200,False,200 m Breaststroke,Breaststroke,George Smith,Men,Time Trial,Time Trial,134.41,2022_23,LC,133.94,133.94,current_season,100.35090338957741,False,133.79
1648692f-4d7f-4750-9984-b49d8999a08f,50,2023-04-07,200,False,200 m Breaststroke,Breaststroke,George Smith,Men,British Championships,Heat,134.22,2022_23,LC,133.94,133.94,current_season,100.20904882783337,False,133.79
406945d6-3529-4d8d-b5fb-f6df38672c96,50,2023-04-07,200,False,200 m Breaststroke,Breaststroke,George Smith,Men,British Championships,Final,133.1,2022_23,LC,133.94,133.94,current_season,99.37285351649993,True,133.79
de6880cb-1222-4606-8ba7-5599e2059c43,50,2023-05-28,200,False,200 m Breaststroke,Breaststroke,George Smith,Men,Glasgow International,Final,136.07,2022_23,LC,133.1,133.1,current_season,102.23140495867769,False,133.79
b97dade9-c480-439e-91e6-e0b19bcfe8d2,50,2023-06-08,200,False,200 m Breaststroke,Breaststroke,George Smith,Men,Time Trial,Time Trial,135.36,2022_23,LC,133.1,133.1,current_season,101.69797145003758,False,133.79
7d9c7dc4-cdf8-43bf-a06f-2da9ea6c3871,50,2023-06-25,200,False,200 m Breaststroke,Breaststroke,George Smith,Men,Sette Colli,B-Final,135.97,2022_23,LC,133.1,133.1,current_season,102.15627347858754,False,133.79
c11ad276-890a-4da2-aaaf-190e79a178fc,50,2023-06-25,200,False,200 m Breaststroke,Breaststroke,George Smith,Men,Sette Colli,Heat,136.63,2022_23,LC,133.1,133.1,current_season,102.65214124718256,False,133.79
ba3e1610-5dcf-4344-9d13-f64f18f43830,50,2023-07-01,200,False,200 m Breaststroke,Breaststroke,George Smith,Men,Scottish Nationals,Final,136.36,2022_23,LC,133.1,133.1,current_season,102.44928625093917,False,133.79
e6def9c3-cd96-48fe-83fc-11ac647a8fd0,50,2023-07-01,200,False,200 m Breaststroke,Breaststroke,George Smith,Men,Scottish Nationals,Heat,138.4,2022_23,LC,133.1,133.1,current_season,103.98196844477836,False,133.79
00efb105-91d1-4e7b-a383-16b7d93d4227,50,2023-07-26,200,False,200 m Breaststroke,Breaststroke,George Smith,Men,British Summer Championships,Final,132.56,2022_23,LC,133.1,133.1,current_season,99.59429000751315,True,133.79
2845f4ea-866b-46f3-90c8-ba833ca42d98,50,2023-07-26,200,False,200 m Breaststroke,Breaststroke,George Smith,Men,British Summer Championships,Heat,135.4,2022_23,LC,132.56,132.56,current_season,102.14242607121304,False,133.79
27dc634c-9157-4e6c-a336-e95d9b21e57f,50,2023-12-14,200,False,200 m Breaststroke,Breaststroke,George Smith,Men,Time Trial,Final,134.8,2023_24,LC,,132.56,prior_season,101.68980084490042,False,132.56
ac22e7e3-1354-44fd-91a6-7163a5343463,50,2023-12-14,200,False,200 m Breaststroke,Breaststroke,George Smith,Men,Time Trial,Heat,137.27,2023_24,LC,134.8,134.8,current_season,101.83234421364986,False,132.56
5113fcbd-0b4e-4282-8c72-9e1f745e61b3,50,2024-02-25,200,False,200 m Breaststroke,Breaststroke,George Smith,Men,BUCS Championships,Final,135.58,2023_24,LC,134.8,134.8,current_season,100.57863501483679,False,132.56
db64854f-6089-4ff7-b9c9-a23e7527efc5,50,2024-02-25,200,False,200 m Breaststroke,Breaststroke,George Smith,Men,BUCS Championships,Heat,137.3,2023_24,LC,134.8,134.8,current_season,101.8545994065282,False,132.56
0258e66b-86a4-478b-bc32-16159d0c6812,50,2024-03-08,200,False,200 m Breaststroke,Breaststroke,George Smith,Men,Edinburgh International,Heat,137.7,2023_24,LC,134.8,134.8,current_season,102.15133531157268,False,132.56
d4ad6dac-0a71-4954-9a72-6a00fc2bb812,50,2024-03-08,200,False,200 m Breaststroke,Breaststroke,George Smith,Men,Edinburgh International,Final,134.75,2023_24,LC,134.8,134.8,current_season,99.96290801186942,True,132.56
6240a684-9013-48bb-8eab-a2915f38235d,50,2024-04-06,200,False,200 m Breaststroke,Breaststroke,George Smith,Men,British Championships,Heat,134.7,2023_24,LC,134.75,134.75,current_season,99.96289424860852,True,132.56
98fde5d8-6d41-439a-a8d8-85039d433f31,50,2024-04-06,200,False,200 m Breaststroke,Breaststroke,George Smith,Men,British Championships,Final,132.79,2023_24,LC,134.7,134.7,current_season,98.58203414996288,True,132.56
bda75f11-7ed9-4a96-a9d0-9cb8015c82c7,50,2024-06-23,200,False,200 m Breaststroke,Breaststroke,George Smith,Men,Sette Colli,Final,133.04,2023_24,LC,132.79,132.79,current_season,100.18826718879434,False,132.56
d71f30d6-3424-4f38-ba55-90a83b980bfb,50,2024-06-23,200,False,200 m Breaststroke,Breaststroke,George Smith,Men,Sette Colli,Heat,133.65,2023_24,LC,132.79,132.79,current_season,100.64763912945254,False,132.56
ba802433-43a3-433a-acc3-8ee76b75b81d,50,2025-02-16,200,False,200 m Breaststroke,Breaststroke,George Smith,Men,BUCS Championships,Final,133.39,2024_25,LC,,132.79,prior_season,100.4518412531064,False,132.79
de6cb3fd-47fc-4824-890b-3267da38d811,50,2025-03-14,200,False,200 m Breaststroke,Breaststroke,George Smith,Men,Edinburgh International,Heat,139.74,2024_25,LC,133.39,133.39,current_season,104.76047679736114,False,132.79
eeb99e17-63d9-4cff-8f10-75117ab1e1f2,50,2025-03-14,200,False,200 m Breaststroke,Breaststroke,George Smith,Men,Edinburgh International,B-Final,135.27,2024_25,LC,133.39,133.39,current_season,101.40940100457307,False,132.79
442634ac-d5ed-45c5-8b3d-b2239997def4,50,2025-04-19,200,False,200 m Breaststroke,Breaststroke,George Smith,Men,British Championships,Final,132.67,2024_25,LC,133.39,133.39,current_season,99.46022940250394,True,132.79
f48f10fe-fecb-45fe-86cf-42dddea9e24f,50,2025-04-19,200,False,200 m Breaststroke,Breaststroke,George Smith,Men,British Championships,Heat,134.21,2024_25,LC,132.67,132.67,current_season,101.16077485490315,False,132.79
83ecd526-b51d-41ce-ab39-7da0dac4cded,50,2025-05-26,200,False,200 m Breaststroke,Breaststroke,George Smith,Men,AP International,Final,134.52,2024_25,LC,132.67,132.67,current_season,101.39443732569535,False,132.79
a2425f0a-b2c3-4112-a363-cb33d6bb25ab,50,2025-05-26,200,False,200 m Breaststroke,Breaststroke,George Smith,Men,AP International,Heat,135.54,2024_25,LC,132.67,132.67,current_season,102.16326222959222,False,132.79
3694f135-9d9e-453c-b24c-0cc97ac8ccab,50,2025-07-23,200,False,200 m Breaststroke,Breaststroke,George Smith,Men,British Summer Championships,Final,130.76,2024_25,LC,132.67,132.67,current_season,98.56033767995778,True,132.79
d52c7da7-804a-4790-8310-a0d48bd59ff2,50,2025-07-23,200,False,200 m Breaststroke,Breaststroke,George Smith,Men,British Summer Championships,Heat,134.49,2024_25,LC,130.76,130.76,current_season,102.85255429795046,False,132.79
f07eb0fb-607f-4f25-9f4c-7e8da0fde15d,50,2023-04-09,200,False,200 m Freestyle,Freestyle,George Smith,Men,British Championships,B-Final,110.53,2022_23,LC,110.14,110.14,current_season,100.35409478845105,False,
073ff983-757d-4e63-9261-8dbb0a04a92a,50,2024-01-20,200,False,200 m Freestyle,Freestyle,George Smith,Men,Challenge International de Geneve,Final,111.64,2023_24,LC,,110.14,prior_season,101.36190303250407,False,110.14
cde084b2-7009-4867-904c-cc1627b7ca05,50,2024-04-07,200,False,200 m Freestyle,Freestyle,George Smith,Men,British Championships,Heat,109.32,2023_24,LC,111.64,111.64,current_season,97.92189179505553,True,110.14
d1d2e792-a8af-45ed-8169-09aa34e1ea84,50,2024-04-07,200,False,200 m Freestyle,Freestyle,George Smith,Men,British Championships,B-Final,109.23,2023_24,LC,109.32,109.32,current_season,99.91767288693744,True,110.14
9bb3fd53-7dfc-4fab-823e-d1de376c4ea0,50,2025-04-20,200,False,200 m Freestyle,Freestyle,George Smith,Men,British Championships,Heat,110.83,2024_25,LC,,109.23,prior_season,101.46479904788062,False,109.23
d355a85a-ec5d-4efd-8c6e-ba63f87f7183,50,2025-07-20,200,False,200 m Freestyle,Freestyle,George Smith,Men,British Summer Championships,Final,109.02,2024_25,LC,110.83,110.83,current_season,98.3668681764865,True,109.23
055f0fe3-a0d0-4c9b-a022-c460902a004e,50,2022-07-06,200,False,200 m IM,Medley,George Smith,Men,European Junior Championships,Heat,124.11,2021_22,LC,124.54,124.54,current_season,99.65472940420747,True,
9c5234c5-bbf8-4b40-b3e6-18b26dc248d6,50,2022-07-06,200,False,200 m IM,Medley,George Smith,Men,European Junior Championships,Semi-Final,122.82,2021_22,LC,124.11,124.11,current_season,98.96059946821367,True,
d36ef52b-f2e2-4300-b384-f46ffcdf0dbe,50,2022-07-07,200,False,200 m IM,Medley,George Smith,Men,European Junior Championships,Final,123.78,2021_22,LC,122.82,122.82,current_season,100.78163165608207,False,
8fb61661-071c-42aa-a031-8d08f3310b37,50,2023-03-10,200,False,200 m IM,Medley,George Smith,Men,Edinburgh International,Heat,126.39,2022_23,LC,,122.82,prior_season,102.90669272105521,False,122.82
0da01d60-6f24-40ae-9b12-3c1e222491e7,50,2023-04-08,200,False,200 m IM,Medley,George Smith,Men,British Championships,Final,121.52,2022_23,LC,126.39,126.39,current_season,96.14684706068518,True,122.82
156299c0-c6c0-4152-ac86-0963d2661423,50,2023-04-08,200,False,200 m IM,Medley,George Smith,Men,British Championships,Heat,123.45,2022_23,LC,121.52,121.52,current_season,101.58821593153391,False,122.82
ca460e2a-ec4d-42f9-9f97-2f02e55b10bc,50,2023-06-25,200,False,200 m IM,Medley,George Smith,Men,Sette Colli,Heat,125.97,2022_23,LC,121.52,121.52,current_season,103.66194865042793,False,122.82
6900e0d5-ebf8-4427-9d61-f73fa9c88798,50,2023-06-30,200,False,200 m IM,Medley,George Smith,Men,Scottish Nationals,Heat,128.45,2022_23,LC,121.52,121.52,current_season,105.70276497695852,False,122.82
a4b205d0-7458-4420-a292-d9d9e3742f24,50,2023-06-30,200,False,200 m IM,Medley,George Smith,Men,Scottish Nationals,Final,126.12,2022_23,LC,121.52,121.52,current_season,103.78538512179065,False,122.82
18ec9381-5af0-4c71-9b4b-de7e0d7ec4ed,50,2023-07-27,200,False,200 m IM,Medley,George Smith,Men,British Summer Championships,Final,121.32,2022_23,LC,121.52,121.52,current_season,99.83541803818301,True,122.82
f46046c8-906c-4b03-9d11-e0382ebb5bde,50,2023-07-27,200,False,200 m IM,Medley,George Smith,Men,British Summer Championships,Heat,124.16,2022_23,LC,121.32,121.32,current_season,102.34091658424003,False,122.82
699aca65-b74a-4027-82bc-4536f2327b1d,50,2024-01-20,200,False,200 m IM,Medley,George Smith,Men,Challenge International de Geneve,Final,124.68,2023_24,LC,,121.32,prior_season,102.76953511374877,False,121.32
5608904e-a823-4cc8-9b08-5db3b9c839d1,50,2024-02-23,200,False,200 m IM,Medley,George Smith,Men,BUCS Championships,Heat,127.03,2023_24,LC,124.68,124.68,current_season,101.88482515239012,False,121.32
bacc425f-619b-40d0-94ae-5e71a986a495,50,2024-02-23,200,False,200 m IM,Medley,George Smith,Men,BUCS Championships,Final,123.84,2023_24,LC,124.68,124.68,current_season,99.32627526467758,True,121.32
c0609eb6-8047-4016-a165-06ca3be754c8,50,2024-05-26,200,False,200 m IM,Medley,George Smith,Men,AP International,Heat,127.65,2023_24,LC,123.84,123.84,current_season,103.07655038759691,False,121.32
5386f681-b192-4ed0-8fe8-910966ce671a,50,2024-06-28,200,False,200 m IM,Medley,George Smith,Men,Scottish Nationals,Heat,125.52,2023_24,LC,123.84,123.84,current_season,101.35658914728683,False,121.32
9d9366a9-c670-4b2f-9282-a0da01ec4307,50,2024-06-28,200,False,200 m IM,Medley,George Smith,Men,Scottish Nationals,Final,120.77,2023_24,LC,123.84,123.84,current_season,97.52099483204134,True,121.32
a6dcea1a-cd98-411d-9ea1-b8aa2c657e00,50,2025-02-14,200,False,200 m IM,Medley,George Smith,Men,BUCS Championships,Final,123.29,2024_25,LC,,120.77,prior_season,102.08661091330629,False,120.77
a07741c5-8a1b-4175-9c5c-2eb7a980b50c,50,2025-03-14,200,False,200 m IM,Medley,George Smith,Men,Edinburgh International,Heat,131.02,2024_25,LC,123.29,123.29,current_season,106.26977045989132,False,120.77
2abe011e-d15e-4b75-a889-bf69cdb03baf,50,2025-05-25,200,False,200 m IM,Medley,George Smith,Men,AP International,Final,123.07,2024_25,LC,123.29,123.29,current_season,99.82155892610916,True,120.77
a6b034a2-711a-4a48-a891-41646b07ad24,50,2025-05-25,200,False,200 m IM,Medley,George Smith,Men,AP International,Heat,124.77,2024_25,LC,123.07,123.07,current_season,101.38132769968311,False,120.77
72b7418b-5a59-4d18-a14c-3508ae43c716,50,2025-06-28,200,False,200 m IM,Medley,George Smith,Men,European U23 Championships,Heat,121.23,2024_25,LC,123.07,123.07,current_season,98.50491590151947,True,120.77
b32c2ec5-70f4-45f3-91e7-64b441c19785,50,2025-06-28,200,False,200 m IM,Medley,George Smith,Men,European U23 Championships,Final,121.41,2024_25,LC,121.23,121.23,current_season,100.14847809948033,False,120.77
7d4fc7a1-82a0-43d8-a8d8-1b7cb5fb8130,50,2024-06-30,400,False,400 m Freestyle,Freestyle,George Smith,Men,Scottish Nationals,Heat,241.91,2023_24,LC,238.29,238.29,current_season,101.51915732930463,False,
ddc76c9c-4a96-4af5-a0b2-1e8a5b69db5c,50,2024-06-30,400,False,400 m Freestyle,Freestyle,George Smith,Men,Scottish Nationals,Final,231.2,2023_24,LC,238.29,238.29,current_season,97.0246338495111,True,
e8180804-3dd4-4690-942f-4f174e339108,50,2025-03-16,400,False,400 m Freestyle,Freestyle,George Smith,Men,Edinburgh International,Heat,246.86,2024_25,LC,,231.2,prior_season,106.7733564013841,False,231.2
2285cfca-807e-41a8-91b5-701782dc7bef,50,2022-04-07,400,False,400 m IM,Medley,George Smith,Men,British Championships,B-Final,266.31,2021_22,LC,276.74,276.74,current_season,96.23111946231118,True,
29c0710d-ebc6-4bdf-b4aa-b53b05d5a669,50,2024-03-09,400,False,400 m IM,Medley,George Smith,Men,Edinburgh International,Final,262.43,2023_24,LC,264.13,264.13,current_season,99.35637754136222,True,
68c54901-9a9c-4a4e-9833-1de64d20999f,50,2024-03-09,400,False,400 m IM,Medley,George Smith,Men,Edinburgh International,Heat,273.39,2023_24,LC,262.43,262.43,current_season,104.1763517890485,False,
168830e0-fa86-4988-8ff2-3eedab8bc545,50,2024-04-04,400,False,400 m IM,Medley,George Smith,Men,British Championships,Heat,262.99,2023_24,LC,262.43,262.43,current_season,100.21339023739664,False,
6e8c5a7b-d5e3-4d90-843e-38b87351f16b,50,2024-04-04,400,False,400 m IM,Medley,George Smith,Men,British Championships,Final,257.31,2023_24,LC,262.43,262.43,current_season,98.04900354380216,True,
0b0a6952-0dcb-4011-9844-485d19b889a3,50,2024-05-25,400,False,400 m IM,Medley,George Smith,Men,AP International,Final,270.91,2023_24,LC,257.31,257.31,current_season,105.28545334421516,False,
2d27fb2b-1a47-4f95-b923-0b3243d23f15,50,2024-05-25,400,False,400 m IM,Medley,George Smith,Men,AP International,Heat,275.83,2023_24,LC,257.31,257.31,current_season,107.19754381874003,False,
c31eefb1-9ada-4964-9ea1-3a798d3382f9,50,2024-06-22,400,False,400 m IM,Medley,George Smith,Men,Sette Colli,Heat,264.92,2023_24,LC,257.31,257.31,current_season,102.95752205510863,False,
f4364175-b50e-4e72-9726-8e359c56403f,50,2024-06-22,400,False,400 m IM,Medley,George Smith,Men,Sette Colli,B-Final,256.6,2023_24,LC,257.31,257.31,current_season,99.72406824452995,True,
3fe8c68f-afb5-49e1-b7dc-be4e93f5b2fc,50,2024-06-29,400,False,400 m IM,Medley,George Smith,Men,Scottish Nationals,Final,260.93,2023_24,LC,256.6,256.6,current_season,101.68745128604833,False,
f7806e94-bdd4-4f2f-aab8-f3cad950f70b,50,2024-06-29,400,False,400 m IM,Medley,George Smith,Men,Scottish Nationals,Heat,280.86,2023_24,LC,256.6,256.6,current_season,109.45440374123147,False,
a9c4fa13-9780-484c-bd5a-1e62365ac64b,50,2025-02-15,400,False,400 m IM,Medley,George Smith,Men,BUCS Championships,Final,265.64,2024_25,LC,,256.6,prior_season,103.52299298519094,False,256.6
40d8f7c2-ecff-4d04-bb76-1bddab3703bc,50,2025-03-15,400,False,400 m IM,Medley,George Smith,Men,Edinburgh International,Heat,277.26,2024_25,LC,265.64,265.64,current_season,104.37434121367264,False,256.6
9f12e073-d19a-46c1-947b-c5cdfc18264f,50,2025-03-15,400,False,400 m IM,Medley,George Smith,Men,Edinburgh International,B-Final,267.91,2024_25,LC,265.64,265.64,current_season,100.85453997891885,False,256.6
192bcfb2-d0a1-4ee1-b31a-03b437244fe1,50,2025-04-16,400,False,400 m IM,Medley,George Smith,Men,British Championships,Heat,264.33,2024_25,LC,265.64,265.64,current_season,99.50685137780455,True,256.6
dace1742-063e-4cf1-a4f8-afe837199bdf,50,2025-04-16,400,False,400 m IM,Medley,George Smith,Men,British Championships,Final,258.48,2024_25,LC,264.33,264.33,current_season,97.78685733741915,True,256.6
44d31f2e-3556-4bf2-b20e-6dc29d87543f,50,2025-05-24,400,False,400 m IM,Medley,George Smith,Men,AP International,Heat,272.55,2024_25,LC,258.48,258.48,current_season,105.44336118848653,False,256.6
61a3f467-f00c-436c-ab6a-f4b837cef2de,50,2025-05-24,400,False,400 m IM,Medley,George Smith,Men,AP International,Final,264.52,2024_25,LC,258.48,258.48,current_season,102.33673785205816,False,256.6
50d79495-5840-4df4-be87-f202727eb07c,50,2025-06-27,400,False,400 m IM,Medley,George Smith,Men,European U23 Championships,Final,257.12,2024_25,LC,258.48,258.48,current_season,99.47384710615907,True,256.6
870264b8-f432-4be9-9f94-ae8df46c8388,50,2025-07-22,400,False,400 m IM,Medley,George Smith,Men,British Summer Championships,Heat,264.89,2024_25,LC,257.12,257.12,current_season,103.02193528313627,False,256.6
eaa0025f-f20a-4483-b881-bb9b13822e33,50,2025-07-22,400,False,400 m IM,Medley,George Smith,Men,British Summer Championships,Final,258.26,2024_25,LC,257.12,257.12,current_season,100.44337274424393,False,256.6
c3a57e91-e701-4292-a39f-cf0015e111ff,50,2022-04-06,100,False,100 m Backstroke,Backstroke,Holly McGill,Women,British Championships,C-Final,63.0,2021_22,LC,63.73,63.73,current_season,98.8545426016005,True,
2f1c05d7-fdc6-49a7-a20e-475c26dafdf2,50,2022-05-29,100,False,100 m Backstroke,Backstroke,Holly McGill,Women,Glasgow International,Heat,64.57,2021_22,LC,63.0,63.0,current_season,102.49206349206348,False,
8c6f8f55-8d55-4b74-956f-c727b989b54e,50,2022-05-29,100,False,100 m Backstroke,Backstroke,Holly McGill,Women,Glasgow International,Final,64.56,2021_22,LC,63.0,63.0,current_season,102.47619047619048,False,
2375ced2-faf1-43d5-bf7e-f95b2137436f,50,2022-07-30,100,False,100 m Backstroke,Backstroke,Holly McGill,Women,Commonwealth Games,Semi-Final,62.54,2021_22,LC,63.0,63.0,current_season,99.26984126984127,True,
cc70f879-bfa7-4308-a445-474606684794,50,2022-07-30,100,False,100 m Backstroke,Backstroke,Holly McGill,Women,Commonwealth Games,Heat,62.41,2021_22,LC,62.54,62.54,current_season,99.79213303485768,True,
3990d56a-f081-42c6-81aa-9258157e1445,50,2023-03-10,100,False,100 m Backstroke,Backstroke,Holly McGill,Women,Edinburgh International,Heat,63.19,2022_23,LC,,62.41,prior_season,101.24979971158467,False,62.41
89915932-b208-4df0-abbf-b145d12b3882,50,2023-03-10,100,False,100 m Backstroke,Backstroke,Holly McGill,Women,Edinburgh International,B-Final,64.26,2022_23,LC,63.19,63.19,current_season,101.69330590283275,False,62.41
14275946-46a5-42d1-a20c-838888ff873e,50,2023-04-05,100,False,100 m Backstroke,Backstroke,Holly McGill,Women,British Championships,B-Final,62.86,2022_23,LC,63.19,63.19,current_season,99.47776546921982,True,62.41
8f1a7ecb-0bf8-4b22-8dd9-eafa2585413e,50,2023-04-05,100,False,100 m Backstroke,Backstroke,Holly McGill,Women,British Championships,Heat,63.14,2022_23,LC,62.86,62.86,current_season,100.44543429844097,False,62.41
f168ae4e-2f10-497a-8779-9ff6a0d03158,50,2023-12-02,100,False,100 m Backstroke,Backstroke,Holly McGill,Women,Rotterdam Qualification Meet,B-Final,63.86,2023_24,LC,,62.86,prior_season,101.59083678014636,False,62.86
f1dd764b-4945-4c31-ba40-2b169f32bc0f,50,2023-12-02,100,False,100 m Backstroke,Backstroke,Holly McGill,Women,Rotterdam Qualification Meet,Heat,63.4,2023_24,LC,63.86,63.86,current_season,99.27967428750392,True,62.86
fad7e2e7-c15c-400b-aeda-3087dacbf97b,50,2023-12-15,100,False,100 m Backstroke,Backstroke,Holly McGill,Women,Time Trial,Heat,63.55,2023_24,LC,63.4,63.4,current_season,100.23659305993691,False,62.86
b85edb37-b4bf-4caa-9bd2-8966c029ac46,50,2024-01-21,100,False,100 m Backstroke,Backstroke,Holly McGill,Women,Challenge International de Geneve,Final,63.44,2023_24,LC,63.4,63.4,current_season,100.06309148264985,False,62.86
abae1081-520f-45ad-843f-c231ae61fc3a,50,2024-02-23,100,False,100 m Backstroke,Backstroke,Holly McGill,Women,BUCS Championships,Final,62.58,2023_24,LC,63.4,63.4,current_season,98.70662460567823,True,62.86
f37bf4b5-d81f-4b23-a3e6-d25301b14c23,50,2024-02-23,100,False,100 m Backstroke,Backstroke,Holly McGill,Women,BUCS Championships,Heat,63.6,2023_24,LC,62.58,62.58,current_season,101.62991371045062,False,62.86
b7d37e0d-1da0-4606-8c2d-8bac9aa4b4ff,50,2024-03-08,100,False,100 m Backstroke,Backstroke,Holly McGill,Women,Edinburgh International,Heat,62.23,2023_24,LC,62.58,62.58,current_season,99.4407158836689,True,62.86
becb468d-4739-4c1f-8439-715891001e8b,50,2024-03-08,100,False,100 m Backstroke,Backstroke,Holly McGill,Women,Edinburgh International,Final,61.78,2023_24,LC,62.23,62.23,current_season,99.27687610477263,True,62.86
188974b9-a470-4d87-ab65-a325ad0767cf,50,2024-04-03,100,False,100 m Backstroke,Backstroke,Holly McGill,Women,British Championships,Final,61.86,2023_24,LC,61.78,61.78,current_season,100.12949174490127,False,62.86
686ca7e5-ba3f-4b5a-93d6-8fa427fa9b8c,50,2024-04-03,100,False,100 m Backstroke,Backstroke,Holly McGill,Women,British Championships,Heat,61.79,2023_24,LC,61.78,61.78,current_season,100.01618646811265,False,62.86
37e1b943-2bce-4189-aad3-59c8eaa49a0f,50,2024-05-26,100,False,100 m Backstroke,Backstroke,Holly McGill,Women,AP International,Heat,62.82,2023_24,LC,61.78,61.78,current_season,101.68339268371642,False,62.86
bf4160b7-5b5b-4b17-a6f8-43f1bf8b240c,50,2024-05-26,100,False,100 m Backstroke,Backstroke,Holly McGill,Women,AP International,Final,62.06,2023_24,LC,61.78,61.78,current_season,100.45322110715442,False,62.86
4561e735-dad0-4a88-b184-7d9baa2ac845,50,2024-06-21,100,False,100 m Backstroke,Backstroke,Holly McGill,Women,European Championships,Heat,62.62,2023_24,LC,61.78,61.78,current_season,101.35966332146324,False,62.86
7dd41e73-41b5-4594-8512-538e70e5cfaa,50,2024-06-21,100,False,100 m Backstroke,Backstroke,Holly McGill,Women,European Championships,Semi-Final,61.95,2023_24,LC,61.78,61.78,current_season,100.27516995791518,False,62.86
b1b820df-9415-4d03-8980-eb57e598a221,50,2024-06-29,100,False,100 m Backstroke,Backstroke,Holly McGill,Women,Scottish Nationals,Heat,63.31,2023_24,LC,61.78,61.78,current_season,102.47652962123665,False,62.86
d789b421-c3f0-4bc5-aeda-922815b3a840,50,2024-06-29,100,False,100 m Backstroke,Backstroke,Holly McGill,Women,Scottish Nationals,Final,61.66,2023_24,LC,61.78,61.78,current_season,99.8057623826481,True,62.86
a671980c-3ac9-4104-b8fc-23d9cb5e0e0e,50,2025-02-14,100,False,100 m Backstroke,Backstroke,Holly McGill,Women,BUCS Championships,Final,61.25,2024_25,LC,,61.66,prior_season,99.33506325008109,True,61.66
04ed6359-e0a1-4fcf-9bc2-fb396ac186e9,50,2025-03-14,100,False,100 m Backstroke,Backstroke,Holly McGill,Women,Edinburgh International,Final,61.52,2024_25,LC,61.25,61.25,current_season,100.44081632653061,False,61.66
b00921b5-06b6-44c7-a88f-81793793591a,50,2025-03-14,100,False,100 m Backstroke,Backstroke,Holly McGill,Women,Edinburgh International,Heat,61.73,2024_25,LC,61.25,61.25,current_season,100.78367346938775,False,61.66
a72b8c23-cb49-40f3-9cd7-98bc65c20ce8,50,2025-04-16,100,False,100 m Backstroke,Backstroke,Holly McGill,Women,British Championships,Final,60.7,2024_25,LC,61.25,61.25,current_season,99.10204081632654,True,61.66
bdd02a6f-2361-42f3-9fbb-e8d3cf5207d9,50,2025-04-16,100,False,100 m Backstroke,Backstroke,Holly McGill,Women,British Championships,Heat,61.21,2024_25,LC,60.7,60.7,current_season,100.84019769357495,False,61.66
047ec22c-8816-4e75-b527-15132f1e18bd,50,2025-05-25,100,False,100 m Backstroke,Backstroke,Holly McGill,Women,AP International,Heat,62.68,2024_25,LC,60.7,60.7,current_season,103.26194398682043,False,61.66
898d3386-c898-402e-bf5e-7e4e4b5e88f6,50,2025-05-25,100,False,100 m Backstroke,Backstroke,Holly McGill,Women,AP International,Final,62.64,2024_25,LC,60.7,60.7,current_season,103.19604612850083,False,61.66
47e0f25d-573e-4c67-af96-3a09f1d124cb,50,2025-06-27,100,False,100 m Backstroke,Backstroke,Holly McGill,Women,Sette Colli,Heat,62.4,2024_25,LC,60.7,60.7,current_season,102.80065897858319,False,61.66
c22d4e7f-0acb-4089-a256-5fe7d1a2ac5b,50,2025-06-27,100,False,100 m Backstroke,Backstroke,Holly McGill,Women,Sette Colli,Final,62.28,2024_25,LC,60.7,60.7,current_season,102.60296540362437,False,61.66
a07f8745-c00d-40ed-8a34-3a2b9ed7626b,50,2022-04-08,200,False,200 m Backstroke,Backstroke,Holly McGill,Women,British Championships,Final,131.84,2021_22,LC,133.27,133.27,current_season,98.92699032040218,True,
1aa548a3-a349-4fec-b74e-deae69aaedbb,50,2022-05-27,200,False,200 m Backstroke,Backstroke,Holly McGill,Women,Glasgow International,Heat,136.86,2021_22,LC,131.84,131.84,current_season,103.80764563106797,False,
f6574556-154a-428b-be27-cfe12dac81b9,50,2022-05-27,200,False,200 m Backstroke,Backstroke,Holly McGill,Women,Glasgow International,Final,136.38,2021_22,LC,131.84,131.84,current_season,103.44356796116504,False,
3a28af73-411c-488e-bc54-de273373c0cf,50,2022-07-07,200,False,200 m Backstroke,Backstroke,Holly McGill,Women,European Junior Championships,Heat,132.91,2021_22,LC,131.84,131.84,current_season,100.81158980582524,False,
dbd54122-d69a-47e0-983c-4f1da3ba6e57,50,2022-07-07,200,False,200 m Backstroke,Backstroke,Holly McGill,Women,European Junior Championships,Semi-Final,132.67,2021_22,LC,131.84,131.84,current_season,100.62955097087378,False,
498c5a28-5797-4602-bdad-5e4d268deb9c,50,2022-07-08,200,False,200 m Backstroke,Backstroke,Holly McGill,Women,European Junior Championships,Final,133.77,2021_22,LC,131.84,131.84,current_season,101.46389563106797,False,
1f8701a1-caf0-4036-9f9d-9bf6008194b1,50,2022-08-01,200,False,200 m Backstroke,Backstroke,Holly McGill,Women,Commonwealth Games,Final,133.0,2021_22,LC,131.84,131.84,current_season,100.87985436893203,False,
9ff38686-bd2e-40b9-9c95-5771f3209da3,50,2022-08-01,200,False,200 m Backstroke,Backstroke,Holly McGill,Women,Commonwealth Games,Heat,133.03,2021_22,LC,131.84,131.84,current_season,100.90260922330097,False,
7105da53-2467-4e74-ab5b-73cffb73e6f4,50,2023-04-07,200,False,200 m Backstroke,Backstroke,Holly McGill,Women,British Championships,Final,132.81,2022_23,LC,,131.84,prior_season,100.73574029126213,False,131.84
e167e508-fbcc-4693-a1eb-dad03eedccc3,50,2023-04-07,200,False,200 m Backstroke,Backstroke,Holly McGill,Women,British Championships,Heat,134.99,2022_23,LC,132.81,132.81,current_season,101.64144266245012,False,131.84
72b25398-33a4-4fae-97c4-0837d0d56c82,50,2023-07-06,200,False,200 m Backstroke,Backstroke,Holly McGill,Women,European Junior Championships,Semi-Final,132.79,2022_23,LC,132.81,132.81,current_season,99.98494089300503,True,131.84
a07a4caa-b137-41f0-9114-a0fe7ab22c66,50,2023-07-06,200,False,200 m Backstroke,Backstroke,Holly McGill,Women,European Junior Championships,Heat,133.0,2022_23,LC,132.79,132.79,current_season,100.15814443858726,False,131.84
e56450c4-74a9-4a66-a221-9bcc9d721389,50,2023-07-07,200,False,200 m Backstroke,Backstroke,Holly McGill,Women,European Junior Championships,Final,132.52,2022_23,LC,132.79,132.79,current_season,99.79667143610213,True,131.84
3919041b-7f6b-4257-bb8d-233e05641049,50,2023-11-30,200,False,200 m Backstroke,Backstroke,Holly McGill,Women,Rotterdam Qualification Meet,Final,133.78,2023_24,LC,,132.52,prior_season,100.9507998792635,False,132.52
a743caa5-d157-439a-a6b3-6d87aa2e516e,50,2023-11-30,200,False,200 m Backstroke,Backstroke,Holly McGill,Women,Rotterdam Qualification Meet,Heat,134.33,2023_24,LC,133.78,133.78,current_season,100.41112273882496,False,132.52
13a8f53e-1cd8-41d8-8682-c0f5acd7f6d0,50,2023-12-14,200,False,200 m Backstroke,Backstroke,Holly McGill,Women,Time Trial,Final,133.65,2023_24,LC,133.78,133.78,current_season,99.90282553445957,True,132.52
b4ed1106-a3b9-4c7a-aacb-8f079f12889a,50,2023-12-14,200,False,200 m Backstroke,Backstroke,Holly McGill,Women,Time Trial,Heat,134.21,2023_24,LC,133.65,133.65,current_season,100.4190048634493,False,132.52
31bca6f2-14df-4dab-9b43-3e3c79ea04f2,50,2024-01-19,200,False,200 m Backstroke,Backstroke,Holly McGill,Women,Challenge International de Geneve,Final,132.86,2023_24,LC,133.65,133.65,current_season,99.4089038533483,True,132.52
4568e552-946f-4ec5-a23d-d3d6e5bed4f0,50,2024-02-24,200,False,200 m Backstroke,Backstroke,Holly McGill,Women,BUCS Championships,Heat,135.45,2023_24,LC,132.86,132.86,current_season,101.94942044257111,False,132.52
6b334c2f-f1da-4cfe-ad59-96b9e8d38b0f,50,2024-02-24,200,False,200 m Backstroke,Backstroke,Holly McGill,Women,BUCS Championships,Final,131.82,2023_24,LC,132.86,132.86,current_season,99.21722113502935,True,132.52
8f79b89c-61f3-4423-a69f-9ccad9d58396,50,2024-03-10,200,False,200 m Backstroke,Backstroke,Holly McGill,Women,Edinburgh International,Final,130.92,2023_24,LC,131.82,131.82,current_season,99.31725079654073,True,132.52
eeb06bdd-b711-49f2-a2fe-960f988c4ae6,50,2024-03-10,200,False,200 m Backstroke,Backstroke,Holly McGill,Women,Edinburgh International,Heat,134.72,2023_24,LC,130.92,130.92,current_season,102.90253589978613,False,132.52
009e1505-8709-4103-9e30-6be7c52e5f02,50,2024-04-05,200,False,200 m Backstroke,Backstroke,Holly McGill,Women,British Championships,Heat,132.12,2023_24,LC,130.92,130.92,current_season,100.916590284143,False,132.52
013209f2-1238-4c89-be32-7eac8d94dd38,50,2024-04-05,200,False,200 m Backstroke,Backstroke,Holly McGill,Women,British Championships,Final,129.1,2023_24,LC,130.92,130.92,current_season,98.6098380690498,True,132.52
4ec907c6-a2f6-459b-b071-d6dc17efdb34,50,2024-05-27,200,False,200 m Backstroke,Backstroke,Holly McGill,Women,AP International,Heat,134.4,2023_24,LC,129.1,129.1,current_season,104.10534469403565,False,132.52
60b8bee8-3133-4b61-98be-8f1c2037a0cd,50,2024-05-27,200,False,200 m Backstroke,Backstroke,Holly McGill,Women,AP International,Final,131.42,2023_24,LC,129.1,129.1,current_season,101.79705654531371,False,132.52
0c490f0b-1380-49cc-92e9-d0ebe730cade,50,2024-06-17,200,False,200 m Backstroke,Backstroke,Holly McGill,Women,European Championships,Heat,130.75,2023_24,LC,129.1,129.1,current_season,101.27807900852052,False,132.52
d16b1ea6-cc16-4fa1-9630-d37a274a6f4e,50,2024-06-17,200,False,200 m Backstroke,Backstroke,Holly McGill,Women,European Championships,Semi-Final,130.59,2023_24,LC,129.1,129.1,current_season,101.15414407436096,False,132.52
7b7e1822-c734-4519-aab9-b906058b75c6,50,2024-06-18,200,False,200 m Backstroke,Backstroke,Holly McGill,Women,European Championships,Final,129.74,2023_24,LC,129.1,129.1,current_season,100.49573973663828,False,132.52
8ccf22ee-1984-4d9c-8456-e92683fdcc70,50,2024-06-30,200,False,200 m Backstroke,Backstroke,Holly McGill,Women,Scottish Nationals,Final,129.74,2023_24,LC,129.1,129.1,current_season,100.49573973663828,False,132.52
994bcc45-4aa4-4935-ad1a-dc011c9cc095,50,2024-06-30,200,False,200 m Backstroke,Backstroke,Holly McGill,Women,Scottish Nationals,Heat,135.4,2023_24,LC,129.1,129.1,current_season,104.87993803253292,False,132.52
ad84f6f3-f789-47ab-ab8b-05e12af88001,50,2025-02-15,200,False,200 m Backstroke,Backstroke,Holly McGill,Women,BUCS Championships,Final,129.53,2024_25,LC,,129.1,prior_season,100.33307513555383,False,129.1
7c626a6d-00a5-45c7-a2a7-8c3fbdfe51cb,50,2025-03-16,200,False,200 m Backstroke,Backstroke,Holly McGill,Women,Edinburgh International,Final,129.81,2024_25,LC,129.53,129.53,current_season,100.21616613911834,False,129.1
a69075f0-8d6b-4827-93a0-5fca75cb1a7a,50,2025-03-16,200,False,200 m Backstroke,Backstroke,Holly McGill,Women,Edinburgh International,Heat,133.96,2024_25,LC,129.53,129.53,current_season,103.42005712962248,False,129.1
06707c42-6477-4161-8de2-05c5e712810a,50,2025-04-18,200,False,200 m Backstroke,Backstroke,Holly McGill,Women,British Championships,Heat,132.04,2024_25,LC,129.53,129.53,current_season,101.93777503281092,False,129.1
8077c2a1-499b-45d6-9528-80ab31a2e431,50,2025-04-18,200,False,200 m Backstroke,Backstroke,Holly McGill,Women,British Championships,Final,128.2,2024_25,LC,129.53,129.53,current_season,98.97321083918781,True,129.1
4a1f057c-34a7-4db5-b0f0-1b6a5ce2fc2e,50,2025-05-26,200,False,200 m Backstroke,Backstroke,Holly McGill,Women,AP International,Final,130.59,2024_25,LC,128.2,128.2,current_season,101.86427457098286,False,129.1
6e422526-9c41-4993-a6f2-97c73c3f539b,50,2025-05-26,200,False,200 m Backstroke,Backstroke,Holly McGill,Women,AP International,Heat,135.15,2024_25,LC,128.2,128.2,current_season,105.42121684867396,False,129.1
1ceaa181-d1e6-4e8b-ad07-a325bef5d8d1,50,2025-06-28,200,False,200 m Backstroke,Backstroke,Holly McGill,Women,Sette Colli,Heat,134.04,2024_25,LC,128.2,128.2,current_season,104.55538221528862,False,129.1
88620fd9-2e88-4a36-a4e9-2844dde76a9d,50,2025-06-28,200,False,200 m Backstroke,Backstroke,Holly McGill,Women,Sette Colli,Final,131.92,2024_25,LC,128.2,128.2,current_season,102.90171606864274,False,129.1
4447e09d-f2e8-4059-86d3-101d9d8d8a03,50,2025-08-01,200,False,200 m Backstroke,Backstroke,Holly McGill,Women,World Championships,Semi-Final,129.51,2024_25,LC,128.2,128.2,current_season,101.02184087363494,False,129.1
8b37f743-029d-4ac6-9cfc-4e031239ca6d,50,2025-08-01,200,False,200 m Backstroke,Backstroke,Holly McGill,Women,World Championships,Heat,130.07,2024_25,LC,128.2,128.2,current_season,101.45865834633385,False,129.1
16dd3dfa-6127-4b48-98e9-446631a79996,50,2022-05-27,200,False,200 m IM,Medley,Holly McGill,Women,Glasgow International,B-Final,145.31,2021_22,LC,143.62,143.62,current_season,101.17671633477232,False,
803a8964-85c2-4ea6-ba9e-549e807fbbf6,50,2022-05-27,200,False,200 m IM,Medley,Holly McGill,Women,Glasgow International,Heat,145.97,2021_22,LC,143.62,143.62,current_season,101.63626235900291,False,
67073326-6fde-4651-a7ec-a0efaaa81082,50,2023-04-08,200,False,200 m IM,Medley,Holly McGill,Women,British Championships,Heat,144.25,2022_23,LC,,143.62,prior_season,100.43865756858376,False,143.62
efc2b5f7-5500-4119-8a5e-267042fc04e8,50,2022-04-05,400,False,400 m IM,Medley,Holly McGill,Women,British Championships,Heat,301.62,2021_22,LC,298.93,298.93,current_season,100.89987622520323,False,
d1fd61d6-f88c-4d9d-8524-084a7b486d21,50,2022-05-28,400,False,400 m IM,Medley,Holly McGill,Women,Glasgow International,Final,304.17,2021_22,LC,298.93,298.93,current_season,101.75291874351855,False,
fceaa94f-6763-49e6-8970-c13ec1dd3199,50,2022-05-28,400,False,400 m IM,Medley,Holly McGill,Women,Glasgow International,Heat,307.3,2021_22,LC,298.93,298.93,current_season,102.79998661894089,False,
e5f8d945-3f17-47d3-99ae-6a3e2acad22c,50,2023-03-11,400,False,400 m IM,Medley,Holly McGill,Women,Edinburgh International,Heat,311.3,2022_23,LC,,298.93,prior_season,104.13809253002375,False,298.93
dd8cdaea-9559-40f7-bec7-67c5d65faee6,50,2023-04-04,400,False,400 m IM,Medley,Holly McGill,Women,British Championships,Heat,302.91,2022_23,LC,311.3,311.3,current_season,97.3048506264054,True,298.93
e0812118-05c2-4df8-a49f-15cfffa6e1c0,50,2023-04-04,400,False,400 m IM,Medley,Holly McGill,Women,British Championships,D-Final,302.76,2022_23,LC,302.91,302.91,current_season,99.95048034069525,True,298.93
558df5c9-7202-44b2-b6ca-9563467c2b74,50,2022-04-09,50,False,50 m Backstroke,Backstroke,Holly McGill,Women,British Championships,C-Final,30.49,2021_22,LC,30.7,30.7,current_season,99.31596091205212,True,
eca46aa8-ecce-4dad-9a43-fa5be306976c,50,2022-04-09,50,False,50 m Backstroke,Backstroke,Holly McGill,Women,British Championships,Heat,30.44,2021_22,LC,30.49,30.49,current_season,99.83601180714989,True,
0e6ab365-6664-4dd8-a24e-290d715737ad,50,2022-05-28,50,False,50 m Backstroke,Backstroke,Holly McGill,Women,Glasgow International,Heat,30.6,2021_22,LC,30.44,30.44,current_season,100.52562417871222,False,
24736664-1857-4346-a650-2add8afaf27f,50,2022-05-28,50,False,50 m Backstroke,Backstroke,Holly McGill,Women,Glasgow International,B-Final,30.43,2021_22,LC,30.44,30.44,current_season,99.96714848883047,True,
c6d4d568-c42f-40d5-a4bf-8533aacaec1e,50,2022-07-05,50,False,50 m Backstroke,Backstroke,Holly McGill,Women,European Junior Championships,Heat,30.06,2021_22,LC,30.43,30.43,current_season,98.78409464344396,True,
4b64c25c-2004-4cc1-91a7-a95fb7b13506,50,2023-04-08,50,False,50 m Backstroke,Backstroke,Holly McGill,Women,British Championships,C-Final,30.18,2022_23,LC,,30.06,prior_season,100.39920159680639,False,30.06
5ba06951-ee2d-4a12-9e7c-9a04fe0f3b17,50,2023-04-08,50,False,50 m Backstroke,Backstroke,Holly McGill,Women,British Championships,Heat,30.07,2022_23,LC,30.18,30.18,current_season,99.63552021206097,True,30.06
f03a2c17-3786-4f69-a7b0-93bba9281457,50,2023-12-01,50,False,50 m Backstroke,Backstroke,Holly McGill,Women,Rotterdam Qualification Meet,Heat,30.6,2023_24,LC,,30.07,prior_season,101.762554040572,False,30.07
b46836ae-4e72-423d-afc6-604e34641255,50,2024-01-20,50,False,50 m Backstroke,Backstroke,Holly McGill,Women,Challenge International de Geneve,Semi-Final,29.77,2023_24,LC,30.6,30.6,current_season,97.2875816993464,True,30.07
35841e24-3619-4542-b1d2-e1374efae55e,50,2024-02-25,50,False,50 m Backstroke,Backstroke,Holly McGill,Women,BUCS Championships,B-Final,30.0,2023_24,LC,29.77,29.77,current_season,100.77258985555927,False,30.07
3ae9a16f-6572-489c-bd50-c10b150b0e57,50,2024-02-25,50,False,50 m Backstroke,Backstroke,Holly McGill,Women,BUCS Championships,Heat,30.22,2023_24,LC,29.77,29.77,current_season,101.51158884783338,False,30.07
bb024d96-12be-41b5-944d-3b7bb8659283,50,2024-03-09,50,False,50 m Backstroke,Backstroke,Holly McGill,Women,Edinburgh International,Heat,30.37,2023_24,LC,29.77,29.77,current_season,102.0154517971112,False,30.07
03ae9890-d3ac-49c7-9b01-7c5726ca8c3d,50,2024-05-25,50,False,50 m Backstroke,Backstroke,Holly McGill,Women,AP International,Heat,29.88,2023_24,LC,29.77,29.77,current_season,100.36949949613705,False,30.07
4476f523-e749-4f1c-9820-6b2f584dea4c,50,2024-05-25,50,False,50 m Backstroke,Backstroke,Holly McGill,Women,AP International,Final,29.92,2023_24,LC,29.77,29.77,current_season,100.5038629492778,False,30.07
587d88ad-5e1d-4b4e-b717-e6bf6a6cb732,50,2025-03-15,50,False,50 m Backstroke,Backstroke,Holly McGill,Women,Edinburgh International,B-Final,29.59,2024_25,LC,,29.77,prior_season,99.39536446086665,True,29.77
d5bb8cdd-3fca-4ab0-aa6d-7510a0032c84,50,2025-03-15,50,False,50 m Backstroke,Backstroke,Holly McGill,Women,Edinburgh International,Heat,29.86,2024_25,LC,29.59,29.59,current_season,100.91247042919905,False,29.77
0118aae9-93b1-40e7-86af-df7db6444c9d,50,2022-04-07,100,False,100 m Freestyle,Freestyle,Jack McMillan,Men,British Championships,Heat,49.42,2021_22,LC,49.78,49.78,current_season,99.27681799919647,True,
c298e506-b555-4de2-82a0-99e77127a346,50,2023-02-16,100,False,100 m Freestyle,Freestyle,Jack McMillan,Men,Time Trial,Time Trial,49.81,2022_23,LC,,49.42,prior_season,100.78915418858763,False,49.42
c59c2a87-15fe-4cc9-9b82-47b7929858c0,50,2023-02-26,100,False,100 m Freestyle,Freestyle,Jack McMillan,Men,BUCS Championships,Heat,49.63,2022_23,LC,49.81,49.81,current_season,99.63862678177074,True,49.42
27b97701-41df-4690-bd9f-51385e986e47,50,2023-04-06,100,False,100 m Freestyle,Freestyle,Jack McMillan,Men,British Championships,Final,48.97,2022_23,LC,49.63,49.63,current_season,98.67015917791657,True,49.42
4c7beb84-4bed-4b5c-9ce0-51e64a91262a,50,2023-04-06,100,False,100 m Freestyle,Freestyle,Jack McMillan,Men,British Championships,Heat,49.42,2022_23,LC,48.97,48.97,current_season,100.9189299571166,False,49.42
712aaf89-d554-4508-af52-11af57bf331a,50,2023-05-28,100,False,100 m Freestyle,Freestyle,Jack McMillan,Men,Glasgow International,Final,49.88,2022_23,LC,48.97,48.97,current_season,101.85828057994692,False,49.42
ba85c109-bb1d-484d-941f-624927000f89,50,2023-06-08,100,False,100 m Freestyle,Freestyle,Jack McMillan,Men,Time Trial,Time Trial,49.8,2022_23,LC,48.97,48.97,current_season,101.69491525423729,False,49.42
95112e15-4ac6-4cb9-9dd9-a8659d782542,50,2023-06-24,100,False,100 m Freestyle,Freestyle,Jack McMillan,Men,Sette Colli,Heat,49.68,2022_23,LC,48.97,48.97,current_season,101.44986726567286,False,49.42
5a788c1f-126b-411d-9374-516ad3c44265,50,2023-06-30,100,False,100 m Freestyle,Freestyle,Jack McMillan,Men,Scottish Nationals,Final,49.86,2022_23,LC,48.97,48.97,current_season,101.81743924851949,False,49.42
7bdc34cb-00f2-4dad-a1b1-4cdb9e126050,50,2023-06-30,100,False,100 m Freestyle,Freestyle,Jack McMillan,Men,Scottish Nationals,Heat,50.3,2022_23,LC,48.97,48.97,current_season,102.71594853992241,False,49.42
66e2c4ce-9faf-48d3-95a6-91034079ef84,50,2023-12-15,100,False,100 m Freestyle,Freestyle,Jack McMillan,Men,Time Trial,Heat,49.4,2023_24,LC,,48.97,prior_season,100.87808862568919,False,48.97
b428273c-708b-4971-86a8-abef3eae4c32,50,2024-03-10,100,False,100 m Freestyle,Freestyle,Jack McMillan,Men,Edinburgh International,Heat,49.81,2023_24,LC,49.4,49.4,current_season,100.82995951417004,False,48.97
dfb9b242-da97-4954-857a-819b0d6d023a,50,2024-03-10,100,False,100 m Freestyle,Freestyle,Jack McMillan,Men,Edinburgh International,Final,49.41,2023_24,LC,49.4,49.4,current_season,100.02024291497975,False,48.97
33c2600a-45d5-42e2-b92d-f598228d2b0c,50,2024-04-04,100,False,100 m Freestyle,Freestyle,Jack McMillan,Men,British Championships,Final,48.81,2023_24,LC,49.4,49.4,current_season,98.80566801619433,True,48.97
ebcd1a82-58df-42ef-a2fa-ed866a8f5ad1,50,2024-04-04,100,False,100 m Freestyle,Freestyle,Jack McMillan,Men,British Championships,Heat,48.75,2023_24,LC,48.81,48.81,current_season,99.87707437000614,True,48.97
a751261b-703d-4dcd-a8f6-4537ff5fa743,50,2024-05-26,100,False,100 m Freestyle,Freestyle,Jack McMillan,Men,AP International,Final,49.53,2023_24,LC,48.75,48.75,current_season,101.6,False,48.97
b509b985-34e2-4c69-9303-6fdaf351c419,50,2024-05-26,100,False,100 m Freestyle,Freestyle,Jack McMillan,Men,AP International,Heat,50.14,2023_24,LC,48.75,48.75,current_season,102.85128205128204,False,48.97
3d51553e-6742-435e-8a5b-35ad3b687561,50,2024-06-22,100,False,100 m Freestyle,Freestyle,Jack McMillan,Men,Sette Colli,Heat,48.93,2023_24,LC,48.75,48.75,current_season,100.36923076923077,False,48.97
6b4d23a8-e8b5-4423-90c9-40c0916b4cf7,50,2024-06-22,100,False,100 m Freestyle,Freestyle,Jack McMillan,Men,Sette Colli,Final,49.18,2023_24,LC,48.75,48.75,current_season,100.88205128205128,False,48.97
262a4566-e6d8-4a25-8c85-1fc6eec8498d,50,2024-06-28,100,False,100 m Freestyle,Freestyle,Jack McMillan,Men,Scottish Nationals,Heat,50.79,2023_24,LC,48.75,48.75,current_season,104.18461538461538,False,48.97
c662c5f4-9367-43e8-b5bf-a87a90c4592c,50,2024-06-28,100,False,100 m Freestyle,Freestyle,Jack McMillan,Men,Scottish Nationals,Final,49.45,2023_24,LC,48.75,48.75,current_season,101.43589743589745,False,48.97
e759cf9d-f92b-4612-b1fb-7e9ad6a650f1,50,2025-02-21,100,False,100 m Freestyle,Freestyle,Jack McMillan,Men,Dave McCullagh Int LC,Final,49.48,2024_25,LC,,48.75,prior_season,101.49743589743589,False,48.75
1f2c6c86-ffcb-4bd1-bf4b-1163b316735e,50,2025-04-17,100,False,100 m Freestyle,Freestyle,Jack McMillan,Men,British Championships,Final,48.83,2024_25,LC,49.48,49.48,current_season,98.68633791430882,True,48.75
9531ab30-9c38-467f-aeb9-f0e7c42e47db,50,2025-04-17,100,False,100 m Freestyle,Freestyle,Jack McMillan,Men,British Championships,Heat,48.83,2024_25,LC,48.83,48.83,current_season,100.0,False,48.75
e2907867-8edf-4a8f-a22d-2c4a1a91a7a8,50,2025-06-27,100,False,100 m Freestyle,Freestyle,Jack McMillan,Men,Sette Colli,B-Final,49.44,2024_25,LC,48.83,48.83,current_season,101.24923202949007,False,48.75
f07b91a8-fab8-4f7a-8520-91725263294d,50,2025-06-27,100,False,100 m Freestyle,Freestyle,Jack McMillan,Men,Sette Colli,Heat,48.96,2024_25,LC,48.83,48.83,current_season,100.26622977677657,False,48.75
1f01fda3-4ae0-4ce5-a45c-2806d67581b4,50,2022-04-10,200,False,200 m Freestyle,Freestyle,Jack McMillan,Men,British Championships,Heat,107.56,2021_22,LC,107.6,107.6,current_season,99.96282527881041,True,
b596512a-39b1-497d-89cb-1f8704a201ba,50,2022-06-16,200,False,200 m Freestyle,Freestyle,Jack McMillan,Men,Time Trial,Final,107.78,2021_22,LC,107.56,107.56,current_season,100.20453700260319,False,
91016906-54f9-4443-8ec5-89305be6e772,50,2022-07-14,200,False,200 m Freestyle,Freestyle,Jack McMillan,Men,Time Trial,Time Trial,109.28,2021_22,LC,107.56,107.56,current_season,101.59910747489774,False,
e29d2a41-12e8-410c-bbf5-8d617cd5f40c,50,2023-02-16,200,False,200 m Freestyle,Freestyle,Jack McMillan,Men,Time Trial,Time Trial,108.07,2022_23,LC,,107.56,prior_season,100.47415396058013,False,107.56
fc80f2cd-6519-450c-b331-6fa72e2577f0,50,2023-02-25,200,False,200 m Freestyle,Freestyle,Jack McMillan,Men,BUCS Championships,Heat,107.87,2022_23,LC,108.07,108.07,current_season,99.8149347645045,True,107.56
4dc49e51-0513-4388-93dd-e5ab0146834f,50,2023-03-10,200,False,200 m Freestyle,Freestyle,Jack McMillan,Men,Edinburgh International,Heat,110.54,2022_23,LC,107.87,107.87,current_season,102.47520163159358,False,107.56
91c41e63-b746-4904-9133-4ec3455ba48e,50,2023-03-10,200,False,200 m Freestyle,Freestyle,Jack McMillan,Men,Edinburgh International,Final,108.54,2022_23,LC,107.87,107.87,current_season,100.62111801242237,False,107.56
bd9c6de3-2345-402b-83ff-495f8df4598b,50,2023-03-21,200,False,200 m Freestyle,Freestyle,Jack McMillan,Men,Time Trial,Time Trial,108.52,2022_23,LC,107.87,107.87,current_season,100.60257717623064,False,107.56
415e1326-b791-462f-87e2-58e8ceeabccf,50,2023-04-09,200,False,200 m Freestyle,Freestyle,Jack McMillan,Men,British Championships,Heat,108.21,2022_23,LC,107.87,107.87,current_season,100.3151942152591,False,107.56
6d9bf060-af00-4489-85b4-cbc59698a491,50,2023-04-09,200,False,200 m Freestyle,Freestyle,Jack McMillan,Men,British Championships,Final,106.79,2022_23,LC,107.87,107.87,current_season,98.99879484564754,True,107.56
1537fb79-8448-4e12-bc17-f863b2e62bde,50,2023-05-27,200,False,200 m Freestyle,Freestyle,Jack McMillan,Men,Glasgow International,Final,108.19,2022_23,LC,106.79,106.79,current_season,101.31098417454818,False,107.56
872fad3f-357e-44c7-af49-0b39a4a18e67,50,2023-06-25,200,False,200 m Freestyle,Freestyle,Jack McMillan,Men,Sette Colli,Heat,108.4,2022_23,LC,106.79,106.79,current_season,101.50763180073041,False,107.56
fdf6d299-2bc5-49a5-abb4-887a77e81e83,50,2023-06-25,200,False,200 m Freestyle,Freestyle,Jack McMillan,Men,Sette Colli,Final,108.04,2022_23,LC,106.79,106.79,current_season,101.17052158441801,False,107.56
f234c421-f097-47b6-a93d-9a2073f601b0,50,2023-12-14,200,False,200 m Freestyle,Freestyle,Jack McMillan,Men,Time Trial,Heat,107.36,2023_24,LC,,106.79,prior_season,100.53375784249461,False,106.79
f67a05fb-d611-4571-a372-48e94b8a36b3,50,2024-02-12,200,False,200 m Freestyle,Freestyle,Jack McMillan,Men,World Championships,Heat,107.85,2023_24,LC,107.36,107.36,current_season,100.4564083457526,False,106.79
323692a5-dd15-45c2-9514-f743c675c302,50,2024-03-08,200,False,200 m Freestyle,Freestyle,Jack McMillan,Men,Edinburgh International,Final,107.06,2023_24,LC,107.36,107.36,current_season,99.72056631892697,True,106.79
72f86c56-8465-48e8-9e0d-93a4d4e0a629,50,2024-03-08,200,False,200 m Freestyle,Freestyle,Jack McMillan,Men,Edinburgh International,Heat,109.39,2023_24,LC,107.06,107.06,current_season,102.17634971044274,False,106.79
18eb3de4-f3d9-45d3-9bb5-12e7e206f5b7,50,2024-04-07,200,False,200 m Freestyle,Freestyle,Jack McMillan,Men,British Championships,Heat,106.79,2023_24,LC,107.06,107.06,current_season,99.74780496917617,True,106.79
2a684e75-3ed4-4442-8a83-dfc41acdc0ba,50,2024-04-07,200,False,200 m Freestyle,Freestyle,Jack McMillan,Men,British Championships,Final,106.19,2023_24,LC,106.79,106.79,current_season,99.43814963947935,True,106.79
1180a4ff-0ab4-42ef-95be-c6901e4e6951,50,2024-05-27,200,False,200 m Freestyle,Freestyle,Jack McMillan,Men,AP International,Heat,108.78,2023_24,LC,106.19,106.19,current_season,102.4390243902439,False,106.79
c69bafac-b712-42b2-b7fa-76a79d87069b,50,2024-05-27,200,False,200 m Freestyle,Freestyle,Jack McMillan,Men,AP International,Final,107.58,2023_24,LC,106.19,106.19,current_season,101.3089744797062,False,106.79
0d0110e6-1866-430a-9935-4c2b8c1a6a33,50,2024-06-23,200,False,200 m Freestyle,Freestyle,Jack McMillan,Men,Sette Colli,B-Final,107.44,2023_24,LC,106.19,106.19,current_season,101.17713532347679,False,106.79
fe57784d-e0e3-4b85-a501-892d28689596,50,2024-06-23,200,False,200 m Freestyle,Freestyle,Jack McMillan,Men,Sette Colli,Heat,108.12,2023_24,LC,106.19,106.19,current_season,101.81749693944818,False,106.79
335796ee-2c23-491a-8e5d-bb166a26cc5f,50,2024-06-29,200,False,200 m Freestyle,Freestyle,Jack McMillan,Men,Scottish Nationals,Final,107.54,2023_24,LC,106.19,106.19,current_season,101.27130614935493,False,106.79
9c07b5a7-07b7-4863-9234-04e7db64b84d,50,2024-06-29,200,False,200 m Freestyle,Freestyle,Jack McMillan,Men,Scottish Nationals,Heat,112.22,2023_24,LC,106.19,106.19,current_season,105.67850080045203,False,106.79
01274122-97af-4c02-92aa-d61c567051d8,50,2025-02-22,200,False,200 m Freestyle,Freestyle,Jack McMillan,Men,Dave McCullagh Int LC,Final,107.58,2024_25,LC,,106.19,prior_season,101.3089744797062,False,106.19
508371a0-7045-4275-adab-3174030dec86,50,2025-03-14,200,False,200 m Freestyle,Freestyle,Jack McMillan,Men,Edinburgh International,Final,107.39,2024_25,LC,107.58,107.58,current_season,99.82338724670014,True,106.19
b7a5ad60-9831-400a-b373-6b3522c195a9,50,2025-03-14,200,False,200 m Freestyle,Freestyle,Jack McMillan,Men,Edinburgh International,Heat,109.62,2024_25,LC,107.39,107.39,current_season,102.07654343979885,False,106.19
c8381280-19a1-452c-a8f2-f4833db3e019,50,2025-03-27,200,False,200 m Freestyle,Freestyle,Jack McMillan,Men,Time Trial,Time Trial,106.83,2024_25,LC,107.39,107.39,current_season,99.47853617655275,True,106.19
749a054f-0079-454a-8d9f-4a714e838bc7,50,2025-04-20,200,False,200 m Freestyle,Freestyle,Jack McMillan,Men,British Championships,Heat,108.58,2024_25,LC,106.83,106.83,current_season,101.63811663390435,False,106.19
eec775cf-3f50-4881-8999-a46a80209a6a,50,2025-04-20,200,False,200 m Freestyle,Freestyle,Jack McMillan,Men,British Championships,Final,106.49,2024_25,LC,106.83,106.83,current_season,99.68173733969859,True,106.19
a6919dc7-2c4b-49fe-9b10-95e61ea8a331,50,2025-05-21,200,False,200 m Freestyle,Freestyle,Jack McMillan,Men,Mare Nostrum Barcelona,Final,107.98,2024_25,LC,106.49,106.49,current_season,101.3991924124331,False,106.19
bba07ef1-ffcc-47a4-a608-70034f081ac6,50,2025-05-26,200,False,200 m Freestyle,Freestyle,Jack McMillan,Men,AP International,Final,106.4,2024_25,LC,106.49,106.49,current_season,99.91548502206781,True,106.19
e67b76c9-bc21-4a59-afda-61bc52aa7618,50,2025-05-26,200,False,200 m Freestyle,Freestyle,Jack McMillan,Men,AP International,Heat,108.03,2024_25,LC,106.4,106.4,current_season,101.53195488721805,False,106.19
393f1ad0-6b0e-4e9c-af2b-9998acaa1cf8,50,2025-06-28,200,False,200 m Freestyle,Freestyle,Jack McMillan,Men,Sette Colli,Final,106.75,2024_25,LC,106.4,106.4,current_season,100.32894736842104,False,106.19
9c5ad078-f5e2-4f01-bf7b-cc9a18e2878c,50,2025-06-28,200,False,200 m Freestyle,Freestyle,Jack McMillan,Men,Sette Colli,Heat,107.57,2024_25,LC,106.4,106.4,current_season,101.09962406015036,False,106.19
3b389aa2-818b-4c43-8da6-0ae748413ccc,50,2024-03-08,200,False,200 m IM,Medley,Jack McMillan,Men,Edinburgh International,Heat,126.95,2023_24,LC,124.57,124.57,current_season,101.9105723689492,False,
5148f6de-7b19-4a02-835a-757f19415552,50,2024-06-28,200,False,200 m IM,Medley,Jack McMillan,Men,Scottish Nationals,Heat,126.02,2023_24,LC,124.57,124.57,current_season,101.1640041743598,False,
8fcbecda-e451-4955-98c5-8db4ae6a3d9d,50,2024-06-28,200,False,200 m IM,Medley,Jack McMillan,Men,Scottish Nationals,Final,123.03,2023_24,LC,124.57,124.57,current_season,98.76374729067994,True,
939f8c78-9c66-4c9a-815d-a7be26ed01ae,50,2023-05-28,400,False,400 m Freestyle,Freestyle,Jack McMillan,Men,Glasgow International,Final,235.28,2022_23,LC,234.66,234.66,current_season,100.26421205147872,False,
1b0ba40b-25bd-4de4-9e7d-3e67bfc58d11,50,2023-06-23,400,False,400 m Freestyle,Freestyle,Jack McMillan,Men,Sette Colli,Heat,235.84,2022_23,LC,234.66,234.66,current_season,100.50285519474986,False,
175f4b82-3e37-4903-b424-b4efbbf22e16,50,2024-06-21,400,False,400 m Freestyle,Freestyle,Jack McMillan,Men,Sette Colli,Heat,233.43,2023_24,LC,,234.66,prior_season,99.4758373817438,True,234.66
69e0be68-8a8b-4cd4-8fc4-5083cefc6f50,50,2025-02-23,400,False,400 m Freestyle,Freestyle,Jack McMillan,Men,Dave McCullagh Int LC,Final,232.96,2024_25,LC,,233.43,prior_season,99.79865484299361,True,233.43
e32dfd7f-a5f1-4bb1-ba22-c19756fa42b2,50,2025-03-16,400,False,400 m Freestyle,Freestyle,Jack McMillan,Men,Edinburgh International,Heat,235.43,2024_25,LC,232.96,232.96,current_season,101.06026785714286,False,233.43
fd6e7958-c6f6-41b1-8a3c-1b1f594d0335,50,2025-03-16,400,False,400 m Freestyle,Freestyle,Jack McMillan,Men,Edinburgh International,Final,232.39,2024_25,LC,232.96,232.96,current_season,99.75532280219778,True,233.43
36be7cfc-37fc-40cd-92f5-68659ea226e5,50,2025-04-15,400,False,400 m Freestyle,Freestyle,Jack McMillan,Men,British Championships,Final,230.05,2024_25,LC,232.39,232.39,current_season,98.99307199104955,True,233.43
8b193e78-44aa-4717-8ee7-8d3d645b285b,50,2025-04-15,400,False,400 m Freestyle,Freestyle,Jack McMillan,Men,British Championships,Heat,231.19,2024_25,LC,230.05,230.05,current_season,100.49554444685937,False,233.43
8319bbf9-15f1-4ab7-9275-4223ecb52f62,50,2025-05-25,400,False,400 m Freestyle,Freestyle,Jack McMillan,Men,AP International,Heat,232.87,2024_25,LC,230.05,230.05,current_season,101.22582047381003,False,233.43
a62bbe19-fe91-4e95-ac99-fa59b8eff64d,50,2025-05-25,400,False,400 m Freestyle,Freestyle,Jack McMillan,Men,AP International,Final,229.5,2024_25,LC,230.05,230.05,current_season,99.76092153879591,True,233.43
9988aff0-4e11-4c82-9da6-3ae349ea6e56,50,2025-06-26,400,False,400 m Freestyle,Freestyle,Jack McMillan,Men,Sette Colli,Heat,231.38,2024_25,LC,229.5,229.5,current_season,100.81917211328977,False,233.43
ee69c4ce-332a-4104-b06f-2b77165387d6,50,2025-06-26,400,False,400 m Freestyle,Freestyle,Jack McMillan,Men,Sette Colli,Final,228.86,2024_25,LC,229.5,229.5,current_season,99.7211328976035,True,233.43
4bee370b-ecc4-4af1-a005-03952ff66087,50,2025-07-27,400,False,400 m Freestyle,Freestyle,Jack McMillan,Men,World Championships,Heat,227.28,2024_25,LC,228.86,228.86,current_season,99.30962160272655,True,233.43
548277e8-8cad-4d3e-b8f7-c746dd2b6c44,50,2023-02-16,100,False,100 m Backstroke,Backstroke,Jamie Robertson,Men,Time Trial,Heat,57.79,2022_23,LC,58.72,58.72,current_season,98.41621253405994,True,
dbd063c9-c19b-42db-9f5c-e2601f696e0a,50,2023-03-10,100,False,100 m Backstroke,Backstroke,Jamie Robertson,Men,Edinburgh International,Heat,57.85,2022_23,LC,57.79,57.79,current_season,100.10382419103652,False,
f919fe50-23e0-405d-a71b-b4860b7f4346,50,2023-03-21,100,False,100 m Backstroke,Backstroke,Jamie Robertson,Men,Time Trial,Time Trial,57.68,2022_23,LC,57.79,57.79,current_season,99.8096556497664,True,
810baf93-a295-4276-b4c4-4609fba57352,50,2023-04-05,100,False,100 m Backstroke,Backstroke,Jamie Robertson,Men,British Championships,B-Final,57.13,2022_23,LC,57.68,57.68,current_season,99.04646324549238,True,
a75745e6-696a-414b-b7aa-9cc44c339ffe,50,2023-04-05,100,False,100 m Backstroke,Backstroke,Jamie Robertson,Men,British Championships,Heat,56.61,2022_23,LC,57.13,57.13,current_season,99.08979520392087,True,
01bbb69c-b85f-4e7f-aa52-de3167d10dee,50,2023-07-24,100,False,100 m Backstroke,Backstroke,Jamie Robertson,Men,British Summer Championships,Heat,56.26,2022_23,LC,56.61,56.61,current_season,99.38173467585231,True,
3fecfc6f-57e4-4bce-9428-8b4695d47e9b,50,2023-07-24,100,False,100 m Backstroke,Backstroke,Jamie Robertson,Men,British Summer Championships,Final,56.38,2022_23,LC,56.26,56.26,current_season,100.2132954141486,False,
09297d3e-fb21-40d1-b99d-8b3fcaefd4b4,50,2024-03-08,100,False,100 m Backstroke,Backstroke,Jamie Robertson,Men,Edinburgh International,B-Final,57.71,2023_24,LC,,56.26,prior_season,102.57731958762888,False,56.26
97fff7ab-e8b0-4555-b127-08bb227d90d1,50,2024-03-08,100,False,100 m Backstroke,Backstroke,Jamie Robertson,Men,Edinburgh International,Heat,57.89,2023_24,LC,57.71,57.71,current_season,100.31190434933288,False,56.26
38c20062-745d-492f-af94-871125dfb9eb,50,2024-04-03,100,False,100 m Backstroke,Backstroke,Jamie Robertson,Men,British Championships,B-Final,56.09,2023_24,LC,57.71,57.71,current_season,97.19286085600416,True,56.26
e4c69b69-4355-4841-a228-cf48de224e1a,50,2024-04-03,100,False,100 m Backstroke,Backstroke,Jamie Robertson,Men,British Championships,Heat,56.37,2023_24,LC,56.09,56.09,current_season,100.49919771795328,False,56.26
9905d5df-9735-4d4a-8e57-0dbd673e5123,50,2025-04-17,100,False,100 m Backstroke,Backstroke,Jamie Robertson,Men,British Championships,Heat,56.49,2024_25,LC,,56.09,prior_season,100.71313959707612,False,56.09
bc82e003-8afd-400f-8cad-83722e18de1b,50,2025-07-21,100,False,100 m Backstroke,Backstroke,Jamie Robertson,Men,British Summer Championships,Final,57.12,2024_25,LC,56.49,56.49,current_season,101.11524163568772,False,56.09
e34ea6c0-3880-4e93-b9a2-9bea393625c7,50,2025-07-21,100,False,100 m Backstroke,Backstroke,Jamie Robertson,Men,British Summer Championships,Heat,56.94,2024_25,LC,56.49,56.49,current_season,100.79660116834836,False,56.09
be9b0851-78b8-4d66-972b-62558b8167e6,50,2023-04-07,100,False,100 m Butterfly,Butterfly,Jamie Robertson,Men,British Championships,Heat,54.31,2022_23,LC,53.77,53.77,current_season,101.00427747814766,False,
bb371a4f-319b-4e66-b3fc-0332b5a05748,50,2023-06-08,100,False,100 m Butterfly,Butterfly,Jamie Robertson,Men,Time Trial,Time Trial,55.03,2022_23,LC,53.77,53.77,current_season,102.34331411567787,False,
b235b2d3-7322-4c4e-bbad-d5a31c43ee91,50,2023-07-02,100,False,100 m Butterfly,Butterfly,Jamie Robertson,Men,Scottish Nationals,Heat,57.41,2022_23,LC,53.77,53.77,current_season,106.76957411195833,False,
96be5ca3-9437-41de-89dd-b665c534961b,50,2023-07-26,100,False,100 m Butterfly,Butterfly,Jamie Robertson,Men,British Summer Championships,Final,53.06,2022_23,LC,53.77,53.77,current_season,98.67956109354658,True,
f7ac4f6d-14fe-4226-af5f-6619ac78c1e6,50,2023-07-26,100,False,100 m Butterfly,Butterfly,Jamie Robertson,Men,British Summer Championships,Heat,54.19,2022_23,LC,53.06,53.06,current_season,102.12966453071992,False,
1276010c-98b8-4851-883e-54d7cc95447f,50,2023-12-01,100,False,100 m Butterfly,Butterfly,Jamie Robertson,Men,Rotterdam Qualification Meet,B-Final,54.2,2023_24,LC,,53.06,prior_season,102.14851111948737,False,53.06
1dfa3c84-7bed-4690-8638-cba520aeff60,50,2023-12-14,100,False,100 m Butterfly,Butterfly,Jamie Robertson,Men,Time Trial,Time Trial,53.65,2023_24,LC,54.2,54.2,current_season,98.98523985239852,True,53.06
43f80e39-d763-43f8-9888-717ad0b88838,50,2024-03-10,100,False,100 m Butterfly,Butterfly,Jamie Robertson,Men,Edinburgh International,Heat,55.24,2023_24,LC,53.65,53.65,current_season,102.9636533084809,False,53.06
b3117633-4d29-4b93-9d40-0005c2e50e0f,50,2024-03-10,100,False,100 m Butterfly,Butterfly,Jamie Robertson,Men,Edinburgh International,B-Final,54.54,2023_24,LC,53.65,53.65,current_season,101.65890027958993,False,53.06
1976ab65-e95e-466f-930c-c302080c5f58,50,2024-04-05,100,False,100 m Butterfly,Butterfly,Jamie Robertson,Men,British Championships,B-Final,53.22,2023_24,LC,53.65,53.65,current_season,99.19850885368126,True,53.06
dd3f0dd6-ae04-4211-8136-2133dc101577,50,2024-04-05,100,False,100 m Butterfly,Butterfly,Jamie Robertson,Men,British Championships,Heat,53.74,2023_24,LC,53.22,53.22,current_season,100.97707628711012,False,53.06
717d08f6-2172-4a88-a0c5-52260a1a0a37,50,2024-05-23,100,False,100 m Butterfly,Butterfly,Jamie Robertson,Men,Time Trial,Heat,53.5,2023_24,LC,53.22,53.22,current_season,100.5261180007516,False,53.06
163a496d-8550-4c69-aba9-c225e56daf73,50,2024-06-21,100,False,100 m Butterfly,Butterfly,Jamie Robertson,Men,Sette Colli,Heat,54.1,2023_24,LC,53.22,53.22,current_season,101.65351371664788,False,53.06
1ea829d4-9e9e-4802-be9f-cc24091afd5f,50,2024-06-30,100,False,100 m Butterfly,Butterfly,Jamie Robertson,Men,Scottish Nationals,Final,53.17,2023_24,LC,53.22,53.22,current_season,99.90605035700865,True,53.06
e2a10dfd-c365-4f17-a4b4-a53db2c21cdc,50,2024-06-30,100,False,100 m Butterfly,Butterfly,Jamie Robertson,Men,Scottish Nationals,Heat,54.57,2023_24,LC,53.17,53.17,current_season,102.63306375775814,False,53.06
8af93814-13be-499a-a16f-34bcae3d27f8,50,2024-07-04,100,False,100 m Butterfly,Butterfly,Jamie Robertson,Men,Time Trial,Time Trial,53.87,2023_24,LC,53.17,53.17,current_season,101.31653187887906,False,53.06
0ff08570-f9e9-4102-9296-5a6ec6b8f35a,50,2024-07-24,100,False,100 m Butterfly,Butterfly,Jamie Robertson,Men,British Summer Championships,Heat,53.43,2023_24,LC,53.17,53.17,current_season,100.48899755501222,False,53.06
a1b99907-0673-410c-a3f3-8d89a7f19404,50,2024-07-24,100,False,100 m Butterfly,Butterfly,Jamie Robertson,Men,British Summer Championships,Final,53.02,2023_24,LC,53.17,53.17,current_season,99.71788602595448,True,53.06
f1a91665-dbfc-411d-9ef3-8339ecfa31bc,50,2025-03-16,100,False,100 m Butterfly,Butterfly,Jamie Robertson,Men,Edinburgh International,Heat,55.57,2024_25,LC,,53.02,prior_season,104.80950584685024,False,53.02
8ae9af5d-c056-4eb8-a1b4-f8c9b856177c,50,2025-04-18,100,False,100 m Butterfly,Butterfly,Jamie Robertson,Men,British Championships,B-Final,53.3,2024_25,LC,55.57,55.57,current_season,95.91506208385819,True,53.02
c17fd44a-68fe-40e3-ba36-d7f1730fd0e4,50,2025-04-18,100,False,100 m Butterfly,Butterfly,Jamie Robertson,Men,British Championships,Heat,53.22,2024_25,LC,53.3,53.3,current_season,99.84990619136961,True,53.02
487b060f-52b7-41bd-b030-df481aa74ebb,50,2025-06-29,100,False,100 m Butterfly,Butterfly,Jamie Robertson,Men,Scottish Nationals,Heat,54.35,2024_25,LC,53.22,53.22,current_season,102.12326193160466,False,53.02
7fbc65d2-72e6-4cd5-9fc3-b08c39c9850b,50,2025-06-29,100,False,100 m Butterfly,Butterfly,Jamie Robertson,Men,Scottish Nationals,Final,53.78,2024_25,LC,53.22,53.22,current_season,101.05223600150319,False,53.02
220fe395-35d6-4504-8981-52924e872894,50,2025-07-23,100,False,100 m Butterfly,Butterfly,Jamie Robertson,Men,British Summer Championships,Heat,53.18,2024_25,LC,53.22,53.22,current_season,99.92484028560692,True,53.02
bc47f4bc-e561-479f-b760-90dd47b0862a,50,2025-07-23,100,False,100 m Butterfly,Butterfly,Jamie Robertson,Men,British Summer Championships,Final,52.74,2024_25,LC,53.18,53.18,current_season,99.17262128619782,True,53.02
3837f262-e14e-4b32-8600-64520b9f924a,50,2023-02-25,50,False,50 m Backstroke,Backstroke,Jamie Robertson,Men,BUCS Championships,Heat,26.55,2022_23,LC,,25.22,prior_season,105.27359238699445,False,25.22
f82c7c26-ce36-4d71-bea4-c6e53bd94446,50,2023-02-25,50,False,50 m Backstroke,Backstroke,Jamie Robertson,Men,BUCS Championships,Final,26.62,2022_23,LC,26.55,26.55,current_season,100.26365348399247,False,25.22
89af4b5d-8acb-4474-92b8-5554cc14ced7,50,2023-03-11,50,False,50 m Backstroke,Backstroke,Jamie Robertson,Men,Edinburgh International,B-Final,26.67,2022_23,LC,26.55,26.55,current_season,100.45197740112994,False,25.22
02db15d1-00ac-4fb3-a923-4f728bc17617,50,2023-03-21,50,False,50 m Backstroke,Backstroke,Jamie Robertson,Men,Time Trial,Time Trial,26.28,2022_23,LC,26.55,26.55,current_season,98.98305084745763,True,25.22
73bb896e-dda5-47de-b45f-f48a217403e3,50,2023-04-04,50,False,50 m Backstroke,Backstroke,Jamie Robertson,Men,British Championships,Heat,25.89,2022_23,LC,26.28,26.28,current_season,98.51598173515981,True,25.22
985a8577-aefe-4bf2-a11d-ecab9047325f,50,2023-04-04,50,False,50 m Backstroke,Backstroke,Jamie Robertson,Men,British Championships,B-Final,26.08,2022_23,LC,25.89,25.89,current_season,100.7338740826574,False,25.22
046545d4-a73a-4115-b684-6432b8b7b086,50,2023-05-27,50,False,50 m Backstroke,Backstroke,Jamie Robertson,Men,Glasgow International,Final,26.48,2022_23,LC,25.89,25.89,current_season,102.2788721514098,False,25.22
44491531-7f1d-4364-a9da-acbca63cae5f,50,2023-06-30,50,False,50 m Backstroke,Backstroke,Jamie Robertson,Men,Scottish Nationals,Final,26.38,2022_23,LC,25.89,25.89,current_season,101.8926226342217,False,25.22
b9de223a-7f76-49e7-a6d3-f9c1ad9173a0,50,2023-06-30,50,False,50 m Backstroke,Backstroke,Jamie Robertson,Men,Scottish Nationals,Heat,26.97,2022_23,LC,25.89,25.89,current_season,104.1714947856315,False,25.22
1c69c23a-ca8b-4cf0-b286-da98554993de,50,2023-07-23,50,False,50 m Backstroke,Backstroke,Jamie Robertson,Men,British Summer Championships,Final,25.54,2022_23,LC,25.89,25.89,current_season,98.64812668984163,True,25.22
ffa19655-7533-4bee-a0b8-731b90e1d879,50,2023-07-23,50,False,50 m Backstroke,Backstroke,Jamie Robertson,Men,British Summer Championships,Heat,25.5,2022_23,LC,25.54,25.54,current_season,99.84338292873923,True,25.22
b0cd5ddc-684f-448d-8e06-53eb7c48381e,50,2024-03-09,50,False,50 m Backstroke,Backstroke,Jamie Robertson,Men,Edinburgh International,Final,26.25,2023_24,LC,,25.5,prior_season,102.94117647058823,False,25.5
db6a41b1-e119-46e2-8e5e-6bcdb4069647,50,2024-03-09,50,False,50 m Backstroke,Backstroke,Jamie Robertson,Men,Edinburgh International,Heat,26.33,2023_24,LC,26.25,26.25,current_season,100.3047619047619,False,25.5
21d52a2a-4b18-4177-bad5-673430d14647,50,2024-06-22,50,False,50 m Backstroke,Backstroke,Jamie Robertson,Men,Sette Colli,Heat,26.25,2023_24,LC,26.25,26.25,current_season,100.0,False,25.5
4de6803b-5452-4378-960d-7ee944e2b165,50,2024-06-28,50,False,50 m Backstroke,Backstroke,Jamie Robertson,Men,Scottish Nationals,Final,25.98,2023_24,LC,26.25,26.25,current_season,98.97142857142858,True,25.5
f225782a-16f0-4d0f-9f42-de0b5176305d,50,2024-06-28,50,False,50 m Backstroke,Backstroke,Jamie Robertson,Men,Scottish Nationals,Heat,26.03,2023_24,LC,25.98,25.98,current_season,100.19245573518091,False,25.5
0c1c2457-5191-4440-b105-de881cb26bd4,50,2025-06-27,50,False,50 m Backstroke,Backstroke,Jamie Robertson,Men,Scottish Nationals,Final,26.73,2024_25,LC,,25.98,prior_season,102.88683602771363,False,25.98
9e13c529-f36a-4352-a60a-580c1ec03487,50,2025-06-27,50,False,50 m Backstroke,Backstroke,Jamie Robertson,Men,Scottish Nationals,Heat,26.84,2024_25,LC,26.73,26.73,current_season,100.41152263374484,False,25.98
0f0ad740-727d-4b1c-834f-5dbfe6daf2dd,50,2023-04-09,50,False,50 m Butterfly,Butterfly,Jamie Robertson,Men,British Championships,Heat,24.81,2022_23,LC,25.29,25.29,current_season,98.10201660735468,True,
e11e44e4-b664-4c1c-b8b0-93005d33f060,50,2023-04-09,50,False,50 m Butterfly,Butterfly,Jamie Robertson,Men,British Championships,B-Final,24.31,2022_23,LC,24.81,24.81,current_season,97.98468359532447,True,
a4706390-ac46-4e88-bf94-ea90e90a1adf,50,2023-05-28,50,False,50 m Butterfly,Butterfly,Jamie Robertson,Men,Glasgow International,Final,25.31,2022_23,LC,24.31,24.31,current_season,104.11353352529824,False,
416b3bf1-186c-4991-879a-368b3a459938,50,2023-07-01,50,False,50 m Butterfly,Butterfly,Jamie Robertson,Men,Scottish Nationals,Heat,25.33,2022_23,LC,24.31,24.31,current_season,104.19580419580419,False,
ea6085bb-5fde-4180-8243-2a9a8c6117b5,50,2023-07-01,50,False,50 m Butterfly,Butterfly,Jamie Robertson,Men,Scottish Nationals,Final,24.78,2022_23,LC,24.31,24.31,current_season,101.93336075689017,False,
2d7de25e-c5ff-44e9-8caa-0260cd51fae7,50,2023-07-28,50,False,50 m Butterfly,Butterfly,Jamie Robertson,Men,British Summer Championships,Heat,24.46,2022_23,LC,24.31,24.31,current_season,100.61703002879474,False,
ffa7d417-d066-4110-b47a-3fff0cab3175,50,2023-07-28,50,False,50 m Butterfly,Butterfly,Jamie Robertson,Men,British Summer Championships,Final,24.07,2022_23,LC,24.31,24.31,current_season,99.01275195392843,True,
24d2c48c-ab8d-4130-9879-7236505b64c7,50,2023-12-03,50,False,50 m Butterfly,Butterfly,Jamie Robertson,Men,Rotterdam Qualification Meet,Final,24.23,2023_24,LC,,24.07,prior_season,100.66472787702534,False,24.07
19f8b5d7-ef1c-4611-a32e-31f7b3f59f4a,50,2024-03-08,50,False,50 m Butterfly,Butterfly,Jamie Robertson,Men,Edinburgh International,B-Final,25.22,2023_24,LC,24.23,24.23,current_season,104.08584399504745,False,24.07
404bc65c-4b59-42eb-b03e-c3864c7f1978,50,2024-03-08,50,False,50 m Butterfly,Butterfly,Jamie Robertson,Men,Edinburgh International,Heat,25.03,2023_24,LC,24.23,24.23,current_season,103.30169211721008,False,24.07
13144b4f-6cb1-4850-a25f-2c69c1016c1b,50,2024-06-23,50,False,50 m Butterfly,Butterfly,Jamie Robertson,Men,Sette Colli,Heat,24.45,2023_24,LC,24.23,24.23,current_season,100.90796533223276,False,24.07
353b6a7b-d34c-4e13-a370-30794bae5494,50,2024-06-29,50,False,50 m Butterfly,Butterfly,Jamie Robertson,Men,Scottish Nationals,Heat,24.77,2023_24,LC,24.23,24.23,current_season,102.2286421791168,False,24.07
77739e25-bdb9-45c7-a338-4e21d9ae81f4,50,2024-06-29,50,False,50 m Butterfly,Butterfly,Jamie Robertson,Men,Scottish Nationals,Final,24.49,2023_24,LC,24.23,24.23,current_season,101.07304993809328,False,24.07
c62e79f7-4b9c-4b28-919b-4ec030b1ba36,50,2024-07-26,50,False,50 m Butterfly,Butterfly,Jamie Robertson,Men,British Summer Championships,Heat,24.14,2023_24,LC,24.23,24.23,current_season,99.62855963681386,True,24.07
c99a8282-60cb-4210-af1a-98c3a7a6f310,50,2024-07-26,50,False,50 m Butterfly,Butterfly,Jamie Robertson,Men,British Summer Championships,Final,24.22,2023_24,LC,24.14,24.14,current_season,100.33140016570007,False,24.07
18acc857-9e35-42a1-bcc9-40311495975b,50,2025-06-28,50,False,50 m Butterfly,Butterfly,Jamie Robertson,Men,Scottish Nationals,Final,24.63,2024_25,LC,,24.14,prior_season,102.029826014913,False,24.14
2d45eb4a-3271-451e-8861-9d3ccabe902f,50,2025-06-28,50,False,50 m Butterfly,Butterfly,Jamie Robertson,Men,Scottish Nationals,Heat,24.89,2024_25,LC,24.63,24.63,current_season,101.05562322371094,False,24.14
6290523a-d38d-4548-a585-a6bdefdba716,50,2024-04-06,50,False,50 m Freestyle,Freestyle,Jamie Robertson,Men,British Championships,Heat,23.2,2023_24,LC,,24.99,prior_season,92.83713485394158,True,24.99
a3d8097a-8a9f-438a-905c-47ad07daa3ac,50,2022-02-25,100,False,100 m Backstroke,Backstroke,Kathleen Dawson,Women,Dave McCullagh Int LC,Final,61.47,2021_22,LC,61.15,61.15,current_season,100.52330335241211,False,
0d279255-b33a-4131-b36c-e120564a15e6,50,2022-03-11,100,False,100 m Backstroke,Backstroke,Kathleen Dawson,Women,Edinburgh International,Heat,61.71,2021_22,LC,61.15,61.15,current_season,100.91578086672118,False,
ba6237c2-abbd-4570-bf2d-2fd39002e471,50,2022-03-11,100,False,100 m Backstroke,Backstroke,Kathleen Dawson,Women,Edinburgh International,Final,61.04,2021_22,LC,61.15,61.15,current_season,99.82011447260834,True,
4780ae48-d631-4beb-b480-415cda33b523,50,2022-03-22,100,False,100 m Backstroke,Backstroke,Kathleen Dawson,Women,Time Trial,Final,60.74,2021_22,LC,61.04,61.04,current_season,99.50851900393185,True,
8a230149-e18c-45ff-a525-263ec9029dc1,50,2022-04-06,100,False,100 m Backstroke,Backstroke,Kathleen Dawson,Women,British Championships,Final,61.05,2021_22,LC,60.74,60.74,current_season,100.51037207770825,False,
bd46ea8f-449d-4b65-a2a8-22545692c718,50,2022-04-06,100,False,100 m Backstroke,Backstroke,Kathleen Dawson,Women,British Championships,Heat,60.98,2021_22,LC,60.74,60.74,current_season,100.39512676983864,False,
6881683e-73a1-4a45-bec6-832c2f00f550,50,2023-02-16,100,False,100 m Backstroke,Backstroke,Kathleen Dawson,Women,Time Trial,Time Trial,60.69,2022_23,LC,,60.74,prior_season,99.91768192295028,True,60.74
90a573be-48ff-4bb3-a348-8c8e882299fb,50,2023-02-26,100,False,100 m Backstroke,Backstroke,Kathleen Dawson,Women,BUCS Championships,Final,60.78,2022_23,LC,60.69,60.69,current_season,100.14829461196244,False,60.74
2f915a15-83a6-4380-a3ce-ffe510066173,50,2023-03-10,100,False,100 m Backstroke,Backstroke,Kathleen Dawson,Women,Edinburgh International,Heat,61.34,2022_23,LC,60.69,60.69,current_season,101.0710166419509,False,60.74
a880c501-9ea0-4f27-8fd3-26e2ff8cb4cc,50,2023-03-10,100,False,100 m Backstroke,Backstroke,Kathleen Dawson,Women,Edinburgh International,Final,61.21,2022_23,LC,60.69,60.69,current_season,100.85681331356074,False,60.74
774213ca-182b-454c-8d73-b7d5462bd138,50,2023-03-21,100,False,100 m Backstroke,Backstroke,Kathleen Dawson,Women,Time Trial,Time Trial,60.9,2022_23,LC,60.69,60.69,current_season,100.34602076124568,False,60.74
c169f855-249c-495f-97e7-e9b408b42420,50,2023-03-21,100,False,100 m Backstroke,Backstroke,Kathleen Dawson,Women,Time Trial,Time Trial,60.85,2022_23,LC,60.69,60.69,current_season,100.263634865711,False,60.74
3dd1b6ca-047c-4375-af7b-b4c6e999df70,50,2023-04-05,100,False,100 m Backstroke,Backstroke,Kathleen Dawson,Women,British Championships,Final,60.5,2022_23,LC,60.69,60.69,current_season,99.6869335969682,True,60.74
6b53e8d4-fb05-4e58-a32a-d2ffe7464774,50,2023-04-05,100,False,100 m Backstroke,Backstroke,Kathleen Dawson,Women,British Championships,Heat,60.74,2022_23,LC,60.5,60.5,current_season,100.39669421487602,False,60.74
8ee3611b-a548-477f-9ab0-4e6645ef0eef,50,2023-05-28,100,False,100 m Backstroke,Backstroke,Kathleen Dawson,Women,Glasgow International,Final,60.46,2022_23,LC,60.5,60.5,current_season,99.93388429752066,True,60.74
e53116de-406e-4622-b58b-010364b9d0fb,50,2023-06-08,100,False,100 m Backstroke,Backstroke,Kathleen Dawson,Women,Time Trial,Time Trial,60.15,2022_23,LC,60.46,60.46,current_season,99.48726430697981,True,60.74
1e05bb9d-f533-46b0-9f77-7304297e4eb7,50,2023-06-24,100,False,100 m Backstroke,Backstroke,Kathleen Dawson,Women,Sette Colli,Final,60.7,2022_23,LC,60.15,60.15,current_season,100.91438071487948,False,60.74
d02be3b4-2ca2-46da-806b-a47b50e8e0d1,50,2023-06-24,100,False,100 m Backstroke,Backstroke,Kathleen Dawson,Women,Sette Colli,Heat,61.25,2022_23,LC,60.15,60.15,current_season,101.82876142975894,False,60.74
e50569dc-1046-443b-a47c-122d99c4e09e,50,2023-07-01,100,False,100 m Backstroke,Backstroke,Kathleen Dawson,Women,Scottish Nationals,Final,61.59,2022_23,LC,60.15,60.15,current_season,102.39401496259353,False,60.74
f1b80591-4cf5-498c-b8de-08b4307d968c,50,2023-07-01,100,False,100 m Backstroke,Backstroke,Kathleen Dawson,Women,Scottish Nationals,Heat,62.0,2022_23,LC,60.15,60.15,current_season,103.07564422277639,False,60.74
11e7a2a1-6447-46e9-92d3-a3f88ad9bdd1,50,2023-07-24,100,False,100 m Backstroke,Backstroke,Kathleen Dawson,Women,British Summer Championships,Heat,60.5,2022_23,LC,60.15,60.15,current_season,100.58187863674148,False,60.74
8694810e-ad0c-4b6f-901d-86c4b334f83d,50,2023-07-24,100,False,100 m Backstroke,Backstroke,Kathleen Dawson,Women,British Summer Championships,Final,60.26,2022_23,LC,60.15,60.15,current_season,100.1828761429759,False,60.74
044ddc34-8f3e-4e2a-bff1-a971e130c694,50,2023-12-14,100,False,100 m Backstroke,Backstroke,Kathleen Dawson,Women,Time Trial,Heat,60.2,2023_24,LC,,60.15,prior_season,100.0831255195345,False,60.15
761033fa-84f6-4af3-86be-e45ea0c5f7ba,50,2023-12-14,100,False,100 m Backstroke,Backstroke,Kathleen Dawson,Women,Time Trial,Final,59.54,2023_24,LC,60.2,60.2,current_season,98.90365448504983,True,60.15
43a78ee6-6090-4204-a0ec-2179261803a2,50,2024-02-12,100,False,100 m Backstroke,Backstroke,Kathleen Dawson,Women,World Championships,Semi-Final,60.4,2023_24,LC,59.54,59.54,current_season,101.44440712126301,False,60.15
b67bf8f9-0b1c-42af-aeee-85670e061b7a,50,2024-02-12,100,False,100 m Backstroke,Backstroke,Kathleen Dawson,Women,World Championships,Heat,60.36,2023_24,LC,59.54,59.54,current_season,101.37722539469264,False,60.15
fd5f7371-7262-4746-9087-c163cad22b37,50,2024-02-13,100,False,100 m Backstroke,Backstroke,Kathleen Dawson,Women,World Championships,Final,60.42,2023_24,LC,59.54,59.54,current_season,101.47799798454822,False,60.15
0f892daa-8cdb-4019-9673-895270266e60,50,2024-03-08,100,False,100 m Backstroke,Backstroke,Kathleen Dawson,Women,Edinburgh International,Final,60.76,2023_24,LC,59.54,59.54,current_season,102.04904266039637,False,60.15
9a0a1c57-ae3e-4268-84ec-7ece820e8456,50,2024-03-08,100,False,100 m Backstroke,Backstroke,Kathleen Dawson,Women,Edinburgh International,Heat,60.73,2023_24,LC,59.54,59.54,current_season,101.99865636546859,False,60.15
17a2881d-086f-4efe-bfd4-ecd4487216a0,50,2024-04-03,100,False,100 m Backstroke,Backstroke,Kathleen Dawson,Women,British Championships,Heat,59.81,2023_24,LC,59.54,59.54,current_season,100.45347665435003,False,60.15
e54c4bd1-88a0-46d4-8792-92a0a10a6356,50,2024-04-03,100,False,100 m Backstroke,Backstroke,Kathleen Dawson,Women,British Championships,Final,59.74,2023_24,LC,59.54,59.54,current_season,100.33590863285187,False,60.15
e8c6dfc9-94d7-4603-a90b-e3b68f69ba06,50,2024-05-26,100,False,100 m Backstroke,Backstroke,Kathleen Dawson,Women,AP International,Final,60.27,2023_24,LC,59.54,59.54,current_season,101.2260665099093,False,60.15
f704c424-b981-48d2-bac9-60ded03ceb65,50,2024-05-26,100,False,100 m Backstroke,Backstroke,Kathleen Dawson,Women,AP International,Heat,61.29,2023_24,LC,59.54,59.54,current_season,102.93920053745383,False,60.15
d0cf7276-ff2f-4ddd-97a8-082eef3231ed,50,2024-06-22,100,False,100 m Backstroke,Backstroke,Kathleen Dawson,Women,Sette Colli,Final,60.83,2023_24,LC,59.54,59.54,current_season,102.16661068189453,False,60.15
d1bc1dcf-3e56-43d3-a0b0-0366f095e171,50,2024-06-22,100,False,100 m Backstroke,Backstroke,Kathleen Dawson,Women,Sette Colli,Heat,61.08,2023_24,LC,59.54,59.54,current_season,102.58649647295934,False,60.15
49032177-004a-4193-bbd8-534e5d6d5501,50,2024-06-29,100,False,100 m Backstroke,Backstroke,Kathleen Dawson,Women,Scottish Nationals,Final,60.65,2023_24,LC,59.54,59.54,current_season,101.86429291232784,False,60.15
4c2a486a-32b4-4c12-a95b-949d77e9f5c4,50,2024-06-29,100,False,100 m Backstroke,Backstroke,Kathleen Dawson,Women,Scottish Nationals,Heat,60.75,2023_24,LC,59.54,59.54,current_season,102.03224722875377,False,60.15
77d72ff4-8295-43d0-8cd9-9d69577f40da,50,2024-07-29,100,False,100 m Backstroke,Backstroke,Kathleen Dawson,Women,Olympic Games,Heat,60.69,2023_24,LC,59.54,59.54,current_season,101.93147463889822,False,60.15
d5559ff4-489d-435c-8761-6b0478929988,50,2025-04-16,100,False,100 m Backstroke,Backstroke,Kathleen Dawson,Women,British Championships,Heat,61.54,2024_25,LC,,59.54,prior_season,103.35908632851864,False,59.54
dd4ffd55-e1b9-4c02-8b06-cce37a9d43c6,50,2025-04-16,100,False,100 m Backstroke,Backstroke,Kathleen Dawson,Women,British Championships,Final,61.01,2024_25,LC,61.54,61.54,current_season,99.13877153071174,True,59.54
d995af41-8986-4310-8bca-a0ea970ca56d,50,2024-06-30,100,False,100 m Butterfly,Butterfly,Kathleen Dawson,Women,Scottish Nationals,Final,61.23,2023_24,LC,61.69,61.69,current_season,99.2543361971146,True,
2063af72-d97e-48eb-a85e-0049a14770ec,50,2023-06-25,200,False,200 m Backstroke,Backstroke,Kathleen Dawson,Women,Sette Colli,Final,131.49,2022_23,LC,133.68,133.68,current_season,98.36175942549372,True,
7eda8a03-1203-44a1-b0d2-ae04f794df88,50,2023-06-25,200,False,200 m Backstroke,Backstroke,Kathleen Dawson,Women,Sette Colli,Heat,133.71,2022_23,LC,131.49,131.49,current_season,101.68834131873146,False,
3b7cd706-6bf0-49bf-a3a0-286a6f2ea46e,50,2024-03-10,200,False,200 m Backstroke,Backstroke,Kathleen Dawson,Women,Edinburgh International,Heat,137.08,2023_24,LC,,131.49,prior_season,104.25127386113013,False,131.49
e2a95e87-8d53-49c4-af72-41c57f44eeb5,50,2024-03-10,200,False,200 m Backstroke,Backstroke,Kathleen Dawson,Women,Edinburgh International,Final,132.88,2023_24,LC,137.08,137.08,current_season,96.93609571053399,True,131.49
4999c83d-c1a1-4209-95da-8a286c0f92fc,50,2024-04-05,200,False,200 m Backstroke,Backstroke,Kathleen Dawson,Women,British Championships,Heat,133.07,2023_24,LC,132.88,132.88,current_season,100.14298615291992,False,131.49
5f2f7146-391b-42b6-8dd3-1ecd8079edda,50,2024-04-05,200,False,200 m Backstroke,Backstroke,Kathleen Dawson,Women,British Championships,Final,129.1,2023_24,LC,132.88,132.88,current_season,97.15532811559302,True,131.49
0d6331c5-825f-48e3-be36-ac45037a8807,50,2024-06-23,200,False,200 m Backstroke,Backstroke,Kathleen Dawson,Women,Sette Colli,Final,133.91,2023_24,LC,129.1,129.1,current_season,103.72579395817196,False,131.49
4bfa956d-af6a-4466-861c-3a929b1e48e8,50,2024-06-23,200,False,200 m Backstroke,Backstroke,Kathleen Dawson,Women,Sette Colli,Heat,135.3,2023_24,LC,129.1,129.1,current_season,104.8024786986832,False,131.49
bf1b28e5-ba1e-4b8c-9d51-4212a09552bc,50,2022-01-20,50,False,50 m Backstroke,Backstroke,Kathleen Dawson,Women,Time Trial,Heat,28.66,2021_22,LC,28.69,28.69,current_season,99.8954339491112,True,
2d35db31-29c4-40c0-8c49-2d76e80d9a20,50,2022-02-24,50,False,50 m Backstroke,Backstroke,Kathleen Dawson,Women,Dave McCullagh Int LC,Final,28.3,2021_22,LC,28.66,28.66,current_season,98.74389392882065,True,
8246ac8a-c552-4057-a961-5de36507bb35,50,2022-02-24,50,False,50 m Backstroke,Backstroke,Kathleen Dawson,Women,Dave McCullagh Int LC,Heat,28.25,2021_22,LC,28.3,28.3,current_season,99.82332155477032,True,
09d4d8d5-4732-47f4-8e3a-deb639f0dace,50,2022-03-12,50,False,50 m Backstroke,Backstroke,Kathleen Dawson,Women,Edinburgh International,Heat,28.67,2021_22,LC,28.25,28.25,current_season,101.48672566371681,False,
0d336e71-16f3-4d74-8511-c37a93cbdcd0,50,2022-04-09,50,False,50 m Backstroke,Backstroke,Kathleen Dawson,Women,British Championships,Final,28.31,2021_22,LC,28.25,28.25,current_season,100.21238938053096,False,
d33f5bd1-215c-43cb-a1d4-d205d38b7489,50,2022-04-09,50,False,50 m Backstroke,Backstroke,Kathleen Dawson,Women,British Championships,Heat,28.31,2021_22,LC,28.25,28.25,current_season,100.21238938053096,False,
38791ea5-9001-4a22-a441-2dbc428944e1,50,2023-02-25,50,False,50 m Backstroke,Backstroke,Kathleen Dawson,Women,BUCS Championships,Final,28.8,2022_23,LC,,28.25,prior_season,101.94690265486726,False,28.25
16e180c1-09db-467e-83bc-bdef18fa792a,50,2023-03-11,50,False,50 m Backstroke,Backstroke,Kathleen Dawson,Women,Edinburgh International,Final,28.5,2022_23,LC,28.8,28.8,current_season,98.95833333333333,True,28.25
63e8e002-dfe1-4674-bc58-0e40c5beba45,50,2023-03-11,50,False,50 m Backstroke,Backstroke,Kathleen Dawson,Women,Edinburgh International,Heat,28.73,2022_23,LC,28.5,28.5,current_season,100.80701754385966,False,28.25
1faada1c-8701-451c-b461-d811139e82d9,50,2023-04-08,50,False,50 m Backstroke,Backstroke,Kathleen Dawson,Women,British Championships,Heat,28.91,2022_23,LC,28.5,28.5,current_season,101.43859649122805,False,28.25
c0e4df61-c620-4c76-9f1a-f04bdf04cf8c,50,2023-04-08,50,False,50 m Backstroke,Backstroke,Kathleen Dawson,Women,British Championships,Final,28.34,2022_23,LC,28.5,28.5,current_season,99.43859649122807,True,28.25
805e6cd5-25b1-4ab7-afd8-836ac42a73c5,50,2023-05-27,50,False,50 m Backstroke,Backstroke,Kathleen Dawson,Women,Glasgow International,Final,28.38,2022_23,LC,28.34,28.34,current_season,100.14114326040931,False,28.25
4c308001-5e8d-41b8-b369-21b6bc0650a0,50,2023-06-23,50,False,50 m Backstroke,Backstroke,Kathleen Dawson,Women,Sette Colli,B-Final,28.3,2022_23,LC,28.34,28.34,current_season,99.85885673959068,True,28.25
c2d50e07-c73f-49a1-9fc4-3d3ee473209b,50,2023-06-23,50,False,50 m Backstroke,Backstroke,Kathleen Dawson,Women,Sette Colli,Heat,28.57,2022_23,LC,28.3,28.3,current_season,100.95406360424029,False,28.25
028b04a7-0f82-45b6-a295-325027f665e1,50,2023-06-30,50,False,50 m Backstroke,Backstroke,Kathleen Dawson,Women,Scottish Nationals,Final,28.65,2022_23,LC,28.3,28.3,current_season,101.23674911660775,False,28.25
4fd3c619-f2f2-4db0-a6b7-e7df9bb98d9c,50,2023-06-30,50,False,50 m Backstroke,Backstroke,Kathleen Dawson,Women,Scottish Nationals,Heat,28.66,2022_23,LC,28.3,28.3,current_season,101.2720848056537,False,28.25
d07e9d7a-363e-4945-9b89-c3db8d238600,50,2023-07-27,50,False,50 m Backstroke,Backstroke,Kathleen Dawson,Women,British Summer Championships,Final,28.05,2022_23,LC,28.3,28.3,current_season,99.1166077738516,True,28.25
d08a7817-987e-477a-9cbf-a22b226c5b10,50,2023-07-27,50,False,50 m Backstroke,Backstroke,Kathleen Dawson,Women,British Summer Championships,Heat,28.4,2022_23,LC,28.05,28.05,current_season,101.24777183600713,False,28.25
06437aab-1389-4a30-874c-dd05e17aeb07,50,2023-12-15,50,False,50 m Backstroke,Backstroke,Kathleen Dawson,Women,Time Trial,Heat,28.4,2023_24,LC,,28.05,prior_season,101.24777183600713,False,28.05
1120df67-e30f-4d64-9bf1-b5ef94d36907,50,2024-02-14,50,False,50 m Backstroke,Backstroke,Kathleen Dawson,Women,World Championships,Heat,28.46,2023_24,LC,28.4,28.4,current_season,100.21126760563381,False,28.05
69fefbed-e130-4ba4-972e-d7bceb14baf9,50,2024-02-14,50,False,50 m Backstroke,Backstroke,Kathleen Dawson,Women,World Championships,Semi-Final,28.22,2023_24,LC,28.4,28.4,current_season,99.36619718309859,True,28.05
53be92ee-bd31-4672-a554-a51a571daef6,50,2024-03-09,50,False,50 m Backstroke,Backstroke,Kathleen Dawson,Women,Edinburgh International,Final,28.25,2023_24,LC,28.22,28.22,current_season,100.10630758327427,False,28.05
8d37061e-90c3-4b05-a5e1-c5dab7d12076,50,2024-03-09,50,False,50 m Backstroke,Backstroke,Kathleen Dawson,Women,Edinburgh International,Heat,28.89,2023_24,LC,28.22,28.22,current_season,102.37420269312545,False,28.05
97a95753-4954-4336-81bb-97cbcb870072,50,2024-05-25,50,False,50 m Backstroke,Backstroke,Kathleen Dawson,Women,AP International,Final,28.22,2023_24,LC,28.22,28.22,current_season,100.0,False,28.05
d9ce0c00-e565-4c04-9447-a4b77d2f78c3,50,2024-05-25,50,False,50 m Backstroke,Backstroke,Kathleen Dawson,Women,AP International,Heat,28.36,2023_24,LC,28.22,28.22,current_season,100.49610205527995,False,28.05
60c1fd46-94c6-4031-8320-a8c99c3146e2,50,2024-06-21,50,False,50 m Backstroke,Backstroke,Kathleen Dawson,Women,Sette Colli,Heat,28.37,2023_24,LC,28.22,28.22,current_season,100.53153791637138,False,28.05
fdaf19ac-d927-4568-ab74-08af97772b60,50,2024-06-21,50,False,50 m Backstroke,Backstroke,Kathleen Dawson,Women,Sette Colli,Final,28.32,2023_24,LC,28.22,28.22,current_season,100.35435861091425,False,28.05
7430fa41-6461-471d-8424-8fb3128f38b7,50,2025-04-17,50,False,50 m Backstroke,Backstroke,Kathleen Dawson,Women,British Championships,Heat,28.95,2024_25,LC,,28.22,prior_season,102.58681785967399,False,28.22
d14cc166-e163-4f27-916f-f653a55ec816,50,2025-04-17,50,False,50 m Backstroke,Backstroke,Kathleen Dawson,Women,British Championships,Final,28.48,2024_25,LC,28.95,28.95,current_season,98.37651122625216,True,28.22
d72ce14f-72a1-46a9-ae77-56a0624baa3a,50,2023-07-01,50,False,50 m Butterfly,Butterfly,Kathleen Dawson,Women,Scottish Nationals,Final,27.52,2022_23,LC,28.33,28.33,current_season,97.14084009883516,True,
06e2855f-8d18-49df-81ef-dacc6ebe36ed,50,2022-04-06,100,False,100 m Backstroke,Backstroke,Katie Shanahan,Women,British Championships,Final,62.49,2021_22,LC,62.35,62.35,current_season,100.22453889334402,False,
751d111c-555a-443b-a473-c7fe16d5f15c,50,2022-04-06,100,False,100 m Backstroke,Backstroke,Katie Shanahan,Women,British Championships,Heat,62.45,2021_22,LC,62.35,62.35,current_season,100.16038492381716,False,
2133351d-6bf7-4254-8ac5-dadba1bde8bc,50,2022-07-30,100,False,100 m Backstroke,Backstroke,Katie Shanahan,Women,Commonwealth Games,Semi-Final,61.66,2021_22,LC,62.35,62.35,current_season,98.89334402566158,True,
2c434011-0f9d-4ced-873a-117a46f088bb,50,2022-07-30,100,False,100 m Backstroke,Backstroke,Katie Shanahan,Women,Commonwealth Games,Heat,62.86,2021_22,LC,61.66,61.66,current_season,101.94615634122609,False,
e57037e8-2a0e-418b-b6fa-bf998c70da49,50,2022-07-31,100,False,100 m Backstroke,Backstroke,Katie Shanahan,Women,Commonwealth Games,Final,62.09,2021_22,LC,61.66,61.66,current_season,100.69737268893934,False,
29f971c2-f9e5-4851-adef-206b92a906a1,50,2023-02-16,100,False,100 m Backstroke,Backstroke,Katie Shanahan,Women,Time Trial,Time Trial,61.12,2022_23,LC,,61.66,prior_season,99.12422964644827,True,61.66
853fb382-1551-4831-9401-b062b8948731,50,2023-03-10,100,False,100 m Backstroke,Backstroke,Katie Shanahan,Women,Edinburgh International,Final,61.2,2022_23,LC,61.12,61.12,current_season,100.13089005235602,False,61.66
9c3240b3-4624-41b3-99c5-7859e617e4ce,50,2023-03-10,100,False,100 m Backstroke,Backstroke,Katie Shanahan,Women,Edinburgh International,Heat,61.83,2022_23,LC,61.12,61.12,current_season,101.16164921465969,False,61.66
04876438-d5c3-4a4c-b9ba-e8c113d4e28f,50,2023-12-15,100,False,100 m Backstroke,Backstroke,Katie Shanahan,Women,Time Trial,Heat,61.95,2023_24,LC,,61.12,prior_season,101.35798429319374,False,61.12
1bcd4c09-bd18-47bc-b958-815890f0538b,50,2024-03-08,100,False,100 m Backstroke,Backstroke,Katie Shanahan,Women,Edinburgh International,Final,60.7,2023_24,LC,61.95,61.95,current_season,97.98224374495561,True,61.12
f1e5a97f-68cc-446c-a2b9-72fe5496fcb0,50,2024-03-08,100,False,100 m Backstroke,Backstroke,Katie Shanahan,Women,Edinburgh International,Heat,62.06,2023_24,LC,60.7,60.7,current_season,102.24052718286656,False,61.12
5f171c96-3f6f-4324-93ab-0ae532c0a8e5,50,2025-03-14,100,False,100 m Backstroke,Backstroke,Katie Shanahan,Women,Edinburgh International,Heat,61.29,2024_25,LC,,60.7,prior_season,100.97199341021417,False,60.7
7e5eb303-7928-409e-9c9c-327d494a805b,50,2025-03-14,100,False,100 m Backstroke,Backstroke,Katie Shanahan,Women,Edinburgh International,Final,60.7,2024_25,LC,61.29,61.29,current_season,99.03736335454397,True,60.7
4d380372-bdd2-43c4-ab9e-54fcb1888e7b,50,2025-04-16,100,False,100 m Backstroke,Backstroke,Katie Shanahan,Women,British Championships,Heat,60.66,2024_25,LC,60.7,60.7,current_season,99.93410214168038,True,60.7
c32c161c-d2bc-4390-a283-d31a17bc52b5,50,2025-04-16,100,False,100 m Backstroke,Backstroke,Katie Shanahan,Women,British Championships,Final,60.03,2024_25,LC,60.66,60.66,current_season,98.96142433234422,True,60.7
82b28df6-c249-4316-b292-3f48b70b9441,50,2025-05-25,100,False,100 m Backstroke,Backstroke,Katie Shanahan,Women,AP International,Final,60.57,2024_25,LC,60.03,60.03,current_season,100.89955022488755,False,60.7
e6558031-1936-435e-b87d-d66cd8ce6d37,50,2025-05-25,100,False,100 m Backstroke,Backstroke,Katie Shanahan,Women,AP International,Heat,61.29,2024_25,LC,60.03,60.03,current_season,102.09895052473763,False,60.7
64f361e9-3b77-4aee-83f4-83e4cd607db4,50,2025-06-27,100,False,100 m Backstroke,Backstroke,Katie Shanahan,Women,Sette Colli,Final,61.09,2024_25,LC,60.03,60.03,current_season,101.76578377477927,False,60.7
99936f7d-b198-44be-8a65-efaabab39dee,50,2025-06-27,100,False,100 m Backstroke,Backstroke,Katie Shanahan,Women,Sette Colli,Heat,62.15,2024_25,LC,60.03,60.03,current_season,103.53156754955855,False,60.7
33e0ff97-617f-4bad-80c4-86d9ea90a32d,50,2022-07-02,100,False,100 m Breaststroke,Breaststroke,Katie Shanahan,Women,Scottish Nationals,Final,73.35,2021_22,LC,73.57,73.57,current_season,99.70096506728287,True,
7c3c25ef-c3f3-4b7d-976d-8f293c3d386b,50,2022-07-02,100,False,100 m Breaststroke,Breaststroke,Katie Shanahan,Women,Scottish Nationals,Heat,74.5,2021_22,LC,73.35,73.35,current_season,101.56782549420586,False,
2167b62e-a8a2-44c2-acc0-0848470438d9,50,2023-03-10,100,False,100 m Breaststroke,Breaststroke,Katie Shanahan,Women,Edinburgh International,Heat,72.21,2022_23,LC,,73.35,prior_season,98.44580777096115,True,73.35
935412e9-8c0d-4f56-854e-ad52eebd2e71,50,2024-03-08,100,False,100 m Breaststroke,Breaststroke,Katie Shanahan,Women,Edinburgh International,Heat,72.84,2023_24,LC,,72.21,prior_season,100.87245533859577,False,72.21
35a92671-5781-47d9-87a5-8328249a316f,50,2024-06-28,100,False,100 m Breaststroke,Breaststroke,Katie Shanahan,Women,Scottish Nationals,Heat,72.12,2023_24,LC,72.84,72.84,current_season,99.01153212520593,True,72.21
7a2a1b50-40d6-406d-b046-29897a218c9a,50,2024-06-28,100,False,100 m Breaststroke,Breaststroke,Katie Shanahan,Women,Scottish Nationals,Final,71.31,2023_24,LC,72.12,72.12,current_season,98.87687188019967,True,72.21
d84fbb7f-32bd-4c89-a4d4-c98978518824,50,2025-06-26,100,False,100 m Breaststroke,Breaststroke,Katie Shanahan,Women,Sette Colli,Heat,72.31,2024_25,LC,,71.31,prior_season,101.40232786425467,False,71.31
5491d977-a173-4452-bb52-2b247b49ee76,50,2022-03-13,200,False,200 m Backstroke,Backstroke,Katie Shanahan,Women,Edinburgh International,Heat,136.41,2021_22,LC,132.72,132.72,current_season,102.78028933092224,False,
0dd0b3c6-8109-485b-bbf8-cfebc00462a2,50,2022-04-08,200,False,200 m Backstroke,Backstroke,Katie Shanahan,Women,British Championships,Final,131.25,2021_22,LC,132.72,132.72,current_season,98.89240506329115,True,
dfa0266c-9c5a-4687-b6f9-4cd3f74b1e00,50,2022-04-08,200,False,200 m Backstroke,Backstroke,Katie Shanahan,Women,British Championships,Heat,132.99,2021_22,LC,131.25,131.25,current_season,101.32571428571428,False,
ad027424-34bf-4350-8d69-474dfb16eef2,50,2022-05-27,200,False,200 m Backstroke,Backstroke,Katie Shanahan,Women,Glasgow International,Heat,142.37,2021_22,LC,131.25,131.25,current_season,108.47238095238096,False,
3bbb091c-2ab3-4b72-8223-64aa4f391f6b,50,2022-07-03,200,False,200 m Backstroke,Backstroke,Katie Shanahan,Women,Scottish Nationals,Heat,135.95,2021_22,LC,131.25,131.25,current_season,103.58095238095237,False,
6b4f92af-1dbe-4ffc-a932-9e8e0f77bf3d,50,2022-07-03,200,False,200 m Backstroke,Backstroke,Katie Shanahan,Women,Scottish Nationals,Final,133.21,2021_22,LC,131.25,131.25,current_season,101.49333333333334,False,
64875941-a2dd-449c-8a80-69b1f78cf82f,50,2022-08-01,200,False,200 m Backstroke,Backstroke,Katie Shanahan,Women,Commonwealth Games,Heat,131.48,2021_22,LC,131.25,131.25,current_season,100.1752380952381,False,
edc22c5a-5fb9-4659-82bc-437e66b52fd2,50,2022-08-01,200,False,200 m Backstroke,Backstroke,Katie Shanahan,Women,Commonwealth Games,Final,129.22,2021_22,LC,131.25,131.25,current_season,98.45333333333333,True,
1a0e2a2d-3cd6-43d8-bf1f-b53794b81cb5,50,2022-08-11,200,False,200 m Backstroke,Backstroke,Katie Shanahan,Women,European Championships,Heat,130.93,2021_22,LC,129.22,129.22,current_season,101.32332456276119,False,
ef45c67b-b276-4ee3-9964-9aecb82aafff,50,2022-08-11,200,False,200 m Backstroke,Backstroke,Katie Shanahan,Women,European Championships,Semi-Final,129.82,2021_22,LC,129.22,129.22,current_season,100.46432440798638,False,
b8dc6941-a9f7-412c-9d3b-cb80de61eb52,50,2022-08-12,200,False,200 m Backstroke,Backstroke,Katie Shanahan,Women,European Championships,Final,129.26,2021_22,LC,129.22,129.22,current_season,100.03095496053243,False,
9ae0baeb-6875-4a4e-83f5-7da3e7a4f75a,50,2023-02-25,200,False,200 m Backstroke,Backstroke,Katie Shanahan,Women,BUCS Championships,Final,128.08,2022_23,LC,,129.22,prior_season,99.11778362482589,True,129.22
0c4ea335-efc2-476c-a7f3-41e336702909,50,2023-04-07,200,False,200 m Backstroke,Backstroke,Katie Shanahan,Women,British Championships,Heat,131.58,2022_23,LC,128.08,128.08,current_season,102.73266708307307,False,129.22
a4e8b4f9-c4d5-4718-9b18-8c5644ddbd6a,50,2023-04-07,200,False,200 m Backstroke,Backstroke,Katie Shanahan,Women,British Championships,Final,127.81,2022_23,LC,128.08,128.08,current_season,99.78919425359149,True,129.22
374b2233-2ac8-433a-9630-d1e03297d5e1,50,2023-05-27,200,False,200 m Backstroke,Backstroke,Katie Shanahan,Women,Glasgow International,Final,131.38,2022_23,LC,127.81,127.81,current_season,102.7932086691182,False,129.22
3334a86f-cef0-4df6-a9c1-eaaab9cc1927,50,2023-06-08,200,False,200 m Backstroke,Backstroke,Katie Shanahan,Women,Time Trial,Time Trial,129.59,2022_23,LC,127.81,127.81,current_season,101.39269227759956,False,129.22
702e9a63-293e-4f99-901b-35682f04529c,50,2023-06-25,200,False,200 m Backstroke,Backstroke,Katie Shanahan,Women,Sette Colli,Heat,133.12,2022_23,LC,127.81,127.81,current_season,104.1546044910414,False,129.22
8732e79b-5799-4052-ab47-9828a0ee6d18,50,2023-06-25,200,False,200 m Backstroke,Backstroke,Katie Shanahan,Women,Sette Colli,Final,129.69,2022_23,LC,127.81,127.81,current_season,101.47093341679054,False,129.22
373413a2-2cf5-4939-8bc4-70dfc1f770b8,50,2023-07-28,200,False,200 m Backstroke,Backstroke,Katie Shanahan,Women,World Championships,Semi-Final,128.32,2022_23,LC,127.81,127.81,current_season,100.39902980987404,False,129.22
6e7297b1-2273-42ba-838c-5db92eef8cdc,50,2023-07-28,200,False,200 m Backstroke,Backstroke,Katie Shanahan,Women,World Championships,Heat,129.18,2022_23,LC,127.81,127.81,current_season,101.0719036069165,False,129.22
2271c5cb-de46-4d33-95de-091bf0899a00,50,2023-07-29,200,False,200 m Backstroke,Backstroke,Katie Shanahan,Women,World Championships,Final,127.45,2022_23,LC,127.81,127.81,current_season,99.71833189891245,True,129.22
94fa5a82-efd1-47bc-973a-2623931d95cc,50,2023-12-14,200,False,200 m Backstroke,Backstroke,Katie Shanahan,Women,Time Trial,Heat,132.52,2023_24,LC,,127.45,prior_season,103.97803060023539,False,127.45
f28f65c4-1749-4a74-a3e6-4156553a3a58,50,2023-12-14,200,False,200 m Backstroke,Backstroke,Katie Shanahan,Women,Time Trial,Final,129.68,2023_24,LC,132.52,132.52,current_season,97.8569272562632,True,127.45
abb3dd3b-7cb5-4f91-ac6a-fdcf98fb9db8,50,2024-02-24,200,False,200 m Backstroke,Backstroke,Katie Shanahan,Women,BUCS Championships,Heat,134.42,2023_24,LC,129.68,129.68,current_season,103.65515114127079,False,127.45
d1651eca-33b9-4b0c-a1c3-7d4e2ee35313,50,2024-02-24,200,False,200 m Backstroke,Backstroke,Katie Shanahan,Women,BUCS Championships,Final,131.9,2023_24,LC,129.68,129.68,current_season,101.71190623072177,False,127.45
8541a1e8-1961-4a02-8a0c-03bd9b24f90f,50,2024-03-10,200,False,200 m Backstroke,Backstroke,Katie Shanahan,Women,Edinburgh International,Heat,134.85,2023_24,LC,129.68,129.68,current_season,103.98673658235656,False,127.45
af4a83be-7ef2-4993-b322-27d33c2040d7,50,2024-03-10,200,False,200 m Backstroke,Backstroke,Katie Shanahan,Women,Edinburgh International,Final,129.52,2023_24,LC,129.68,129.68,current_season,99.87661937075879,True,127.45
d63b714f-24c9-4755-be6b-dd3875219a78,50,2024-04-05,200,False,200 m Backstroke,Backstroke,Katie Shanahan,Women,British Championships,Heat,132.3,2023_24,LC,129.52,129.52,current_season,102.14638665843113,False,127.45
f622a65a-edb4-4864-a4f2-2c50a8eee917,50,2024-04-05,200,False,200 m Backstroke,Backstroke,Katie Shanahan,Women,British Championships,Final,128.53,2023_24,LC,129.52,129.52,current_season,99.23563928350833,True,127.45
7e738205-889a-42c8-8165-cdb47073b0fa,50,2024-06-23,200,False,200 m Backstroke,Backstroke,Katie Shanahan,Women,Sette Colli,Heat,132.58,2023_24,LC,128.53,128.53,current_season,103.15101532716098,False,127.45
b00db0b4-0e7e-42a0-9d27-e297cde07df0,50,2024-06-23,200,False,200 m Backstroke,Backstroke,Katie Shanahan,Women,Sette Colli,Final,129.35,2023_24,LC,128.53,128.53,current_season,100.63798335019061,False,127.45
c2181f49-10c7-40b8-8099-a733e98aca24,50,2024-06-30,200,False,200 m Backstroke,Backstroke,Katie Shanahan,Women,Scottish Nationals,Final,128.86,2023_24,LC,128.53,128.53,current_season,100.25674939702793,False,127.45
4e051103-3dcc-4bfe-b009-f4b80ff7451c,50,2024-08-01,200,False,200 m Backstroke,Backstroke,Katie Shanahan,Women,Olympic Games,Semi-Final,128.52,2023_24,LC,128.53,128.53,current_season,99.99221971524157,True,127.45
8ec3794d-792d-4705-9c35-81d1767f9d97,50,2024-08-01,200,False,200 m Backstroke,Backstroke,Katie Shanahan,Women,Olympic Games,Heat,129.92,2023_24,LC,128.52,128.52,current_season,101.08932461873637,False,127.45
01bf297d-0399-4ee3-b9cd-a2cb43d4436e,50,2024-08-02,200,False,200 m Backstroke,Backstroke,Katie Shanahan,Women,Olympic Games,Final,127.53,2023_24,LC,128.52,128.52,current_season,99.22969187675069,True,127.45
d8d45bac-bf72-4343-aeb6-c7332a845b6e,50,2025-02-15,200,False,200 m Backstroke,Backstroke,Katie Shanahan,Women,BUCS Championships,Final,129.78,2024_25,LC,,127.53,prior_season,101.76429075511643,False,127.53
36ead7fd-ba91-4e34-afbd-84fa1c4c871f,50,2025-03-16,200,False,200 m Backstroke,Backstroke,Katie Shanahan,Women,Edinburgh International,Heat,131.26,2024_25,LC,129.78,129.78,current_season,101.14039143165357,False,127.53
e0dd9c13-7f1a-41bc-8380-d68a9ec0f513,50,2025-03-16,200,False,200 m Backstroke,Backstroke,Katie Shanahan,Women,Edinburgh International,Final,130.02,2024_25,LC,129.78,129.78,current_season,100.18492834026816,False,127.53
f0b0acb6-43e9-4a70-8866-06c416d34b91,50,2025-03-27,200,False,200 m Backstroke,Backstroke,Katie Shanahan,Women,Time Trial,Time Trial,129.31,2024_25,LC,129.78,129.78,current_season,99.63784866697488,True,127.53
122c350c-b0c9-4b14-ac0d-70309c9f4a31,50,2025-04-18,200,False,200 m Backstroke,Backstroke,Katie Shanahan,Women,British Championships,Final,127.91,2024_25,LC,129.31,129.31,current_season,98.91733044621452,True,127.53
24f0b9cf-b87f-49af-acfa-20ea8da5282a,50,2025-04-18,200,False,200 m Backstroke,Backstroke,Katie Shanahan,Women,British Championships,Heat,132.7,2024_25,LC,127.91,127.91,current_season,103.74482057696817,False,127.53
1a5d45bf-63be-406c-b74c-a7496191ac0b,50,2025-05-26,200,False,200 m Backstroke,Backstroke,Katie Shanahan,Women,AP International,Heat,134.94,2024_25,LC,127.91,127.91,current_season,105.49605191150026,False,127.53
667cd1d1-35ff-4563-b0d9-765d95868995,50,2025-05-26,200,False,200 m Backstroke,Backstroke,Katie Shanahan,Women,AP International,Final,129.97,2024_25,LC,127.91,127.91,current_season,101.61050738800719,False,127.53
f6ad3c58-469c-4856-8f16-6027d984a68d,50,2025-08-01,200,False,200 m Backstroke,Backstroke,Katie Shanahan,Women,World Championships,Heat,129.96,2024_25,LC,127.91,127.91,current_season,101.60268939097803,False,127.53
f461d518-ddcf-4269-8e91-0a7469460083,50,2022-02-25,200,False,200 m Freestyle,Freestyle,Katie Shanahan,Women,Dave McCullagh Int LC,Heat,123.83,2021_22,LC,123.89,123.89,current_season,99.95156994107676,True,
1c34744d-2e5c-4172-bc49-c9435fd55ae5,50,2022-07-02,200,False,200 m Freestyle,Freestyle,Katie Shanahan,Women,Scottish Nationals,Heat,127.28,2021_22,LC,123.83,123.83,current_season,102.78607768715173,False,
4ceb417b-6b49-447f-804f-b93b77d7f03d,50,2022-07-02,200,False,200 m Freestyle,Freestyle,Katie Shanahan,Women,Scottish Nationals,Final,124.07,2021_22,LC,123.83,123.83,current_season,100.19381409997577,False,
a18be93f-4133-428f-8455-86d21ccb1ad5,50,2023-02-17,200,False,200 m Freestyle,Freestyle,Katie Shanahan,Women,Time Trial,Time Trial,121.52,2022_23,LC,,123.83,prior_season,98.13453928773318,True,123.83
8f673772-36df-4b2e-bf95-508cf15d7eae,50,2023-03-11,200,False,200 m Freestyle,Freestyle,Katie Shanahan,Women,Edinburgh International,Heat,123.05,2022_23,LC,121.52,121.52,current_season,101.25905200789992,False,123.83
0d0fb58f-9d0f-42c9-accf-b22e3baac26f,50,2024-03-09,200,False,200 m Freestyle,Freestyle,Katie Shanahan,Women,Edinburgh International,Final,121.87,2023_24,LC,,121.52,prior_season,100.28801843317974,False,121.52
71f1445c-529d-4d95-8dfd-4155fb4f7f88,50,2024-03-09,200,False,200 m Freestyle,Freestyle,Katie Shanahan,Women,Edinburgh International,Heat,121.66,2023_24,LC,121.87,121.87,current_season,99.82768523836874,True,121.52
0beab338-4305-4fde-ac43-acaaa036c849,50,2025-03-15,200,False,200 m Freestyle,Freestyle,Katie Shanahan,Women,Edinburgh International,Heat,123.04,2024_25,LC,,121.66,prior_season,101.13430872924545,False,121.66
46070837-6df7-4b14-87a1-7c6f778351ad,50,2025-03-15,200,False,200 m Freestyle,Freestyle,Katie Shanahan,Women,Edinburgh International,B-Final,121.16,2024_25,LC,123.04,123.04,current_season,98.47204161248374,True,121.66
daa1c4c7-e3c4-4602-a051-7ac7ef476625,50,2022-03-13,200,False,200 m IM,Medley,Katie Shanahan,Women,Edinburgh International,Heat,137.7,2021_22,LC,136.37,136.37,current_season,100.97528781990172,False,
c3515906-770c-43f6-bb06-f4f5575a6785,50,2022-04-09,200,False,200 m IM,Medley,Katie Shanahan,Women,British Championships,Heat,137.78,2021_22,LC,136.37,136.37,current_season,101.03395174891838,False,
d13c4866-f96a-4526-9e7a-dea86a1c5afe,50,2022-04-09,200,False,200 m IM,Medley,Katie Shanahan,Women,British Championships,Final,133.63,2021_22,LC,136.37,136.37,current_season,97.99076043117987,True,
e968da47-3247-4478-8cab-8cf00826fc0c,50,2022-05-27,200,False,200 m IM,Medley,Katie Shanahan,Women,Glasgow International,Heat,136.02,2021_22,LC,133.63,133.63,current_season,101.78852054179453,False,
68b15b69-b51d-4ff9-af37-08a28ccfcc3f,50,2022-07-01,200,False,200 m IM,Medley,Katie Shanahan,Women,Scottish Nationals,Heat,138.21,2021_22,LC,133.63,133.63,current_season,103.42737409264389,False,
b6718a35-3041-427d-bcba-231464e21558,50,2022-07-01,200,False,200 m IM,Medley,Katie Shanahan,Women,Scottish Nationals,Final,133.56,2021_22,LC,133.63,133.63,current_season,99.94761655316921,True,
d009819d-fa4b-45f8-b1bf-83bdb4bff562,50,2022-08-01,200,False,200 m IM,Medley,Katie Shanahan,Women,Commonwealth Games,Heat,135.12,2021_22,LC,133.56,133.56,current_season,101.16801437556155,False,
7fcfc9e5-5eed-422d-a834-21de88a78685,50,2022-08-15,200,False,200 m IM,Medley,Katie Shanahan,Women,European Championships,Heat,134.51,2021_22,LC,133.56,133.56,current_season,100.71129080563041,False,
b721edc2-40ed-4a2e-8858-1fca7eb33cca,50,2022-08-15,200,False,200 m IM,Medley,Katie Shanahan,Women,European Championships,Semi-Final,131.84,2021_22,LC,133.56,133.56,current_season,98.71218927822702,True,
2d39890d-1dee-4f53-8dea-dd7a9595d7a6,50,2022-08-16,200,False,200 m IM,Medley,Katie Shanahan,Women,European Championships,Final,132.29,2021_22,LC,131.84,131.84,current_season,100.34132281553396,False,
21140f31-0d05-40a6-8124-7748e2f2fa92,50,2023-02-26,200,False,200 m IM,Medley,Katie Shanahan,Women,BUCS Championships,Final,131.63,2022_23,LC,,131.84,prior_season,99.84071601941747,True,131.84
34194e52-8796-4fe3-8d6c-50cb33e1e7cc,50,2023-03-12,200,False,200 m IM,Medley,Katie Shanahan,Women,Edinburgh International,Heat,136.37,2022_23,LC,131.63,131.63,current_season,103.60100281090938,False,131.84
216e867d-a785-44d0-9fea-87a51f2ab708,50,2023-04-08,200,False,200 m IM,Medley,Katie Shanahan,Women,British Championships,Final,129.4,2022_23,LC,131.63,131.63,current_season,98.30585732735699,True,131.84
97fdf911-423a-497c-b5e3-13d861452323,50,2023-04-08,200,False,200 m IM,Medley,Katie Shanahan,Women,British Championships,Heat,136.35,2022_23,LC,129.4,129.4,current_season,105.37094281298297,False,131.84
25083207-3599-4666-9f01-84d3d0690e37,50,2023-05-26,200,False,200 m IM,Medley,Katie Shanahan,Women,Glasgow International,Final,131.83,2022_23,LC,129.4,129.4,current_season,101.87789799072644,False,131.84
284201a7-d89a-4b18-83bc-be1b1c29f2fc,50,2023-06-25,200,False,200 m IM,Medley,Katie Shanahan,Women,Sette Colli,Heat,133.9,2022_23,LC,129.4,129.4,current_season,103.47758887171561,False,131.84
646d9eb3-9442-4960-a0cd-2b9c6a59464f,50,2023-06-25,200,False,200 m IM,Medley,Katie Shanahan,Women,Sette Colli,Final,130.93,2022_23,LC,129.4,129.4,current_season,101.18238021638331,False,131.84
219e2085-4e3e-4eb4-80ac-b2483334bb20,50,2023-06-30,200,False,200 m IM,Medley,Katie Shanahan,Women,Scottish Nationals,Heat,139.62,2022_23,LC,129.4,129.4,current_season,107.89799072642967,False,131.84
6a91c34f-c534-4834-9eaf-b62534f15abb,50,2023-06-30,200,False,200 m IM,Medley,Katie Shanahan,Women,Scottish Nationals,Final,132.16,2022_23,LC,129.4,129.4,current_season,102.13292117465222,False,131.84
2b32d077-cf17-4e30-a5d3-f89b3282d822,50,2023-07-23,200,False,200 m IM,Medley,Katie Shanahan,Women,World Championships,Semi-Final,129.82,2022_23,LC,129.4,129.4,current_season,100.32457496136011,False,131.84
5808af8c-e631-4eb3-a937-b808b63249d5,50,2023-07-23,200,False,200 m IM,Medley,Katie Shanahan,Women,World Championships,Heat,131.26,2022_23,LC,129.4,129.4,current_season,101.43740340030911,False,131.84
7d5c82b6-a424-4be3-8117-fc20cb1c0c78,50,2024-02-23,200,False,200 m IM,Medley,Katie Shanahan,Women,BUCS Championships,Final,131.94,2023_24,LC,,129.4,prior_season,101.9629057187017,False,129.4
a52b41a4-115d-4735-a9aa-212447a2b95f,50,2024-02-23,200,False,200 m IM,Medley,Katie Shanahan,Women,BUCS Championships,Heat,137.73,2023_24,LC,131.94,131.94,current_season,104.38835834470213,False,129.4
48f803c9-2891-4373-8777-146c29227f73,50,2024-03-10,200,False,200 m IM,Medley,Katie Shanahan,Women,Edinburgh International,Heat,140.76,2023_24,LC,131.94,131.94,current_season,106.68485675306958,False,129.4
55e0d861-9a10-4ca4-8a0f-31b747612469,50,2024-03-10,200,False,200 m IM,Medley,Katie Shanahan,Women,Edinburgh International,Final,133.5,2023_24,LC,131.94,131.94,current_season,101.18235561618918,False,129.4
2784e6d8-d32d-4dcb-bc6d-814d92219f3a,50,2024-04-06,200,False,200 m IM,Medley,Katie Shanahan,Women,British Championships,Heat,133.83,2023_24,LC,131.94,131.94,current_season,101.4324693042292,False,129.4
3a2a4773-4135-4bb9-a8dd-481a8f38c201,50,2024-04-06,200,False,200 m IM,Medley,Katie Shanahan,Women,British Championships,Final,131.39,2023_24,LC,131.94,131.94,current_season,99.58314385326663,True,129.4
9b65251c-7693-42d3-8674-600908e95b63,50,2025-02-14,200,False,200 m IM,Medley,Katie Shanahan,Women,BUCS Championships,Final,130.88,2024_25,LC,,131.39,prior_season,99.61184260598219,True,131.39
5cdb8b94-1311-4cf4-b33e-eebd12f05d00,50,2025-04-19,200,False,200 m IM,Medley,Katie Shanahan,Women,British Championships,Heat,133.49,2024_25,LC,130.88,130.88,current_season,101.99419315403424,False,131.39
7d49ba4a-e22d-435a-814f-5d04a046a7aa,50,2025-04-19,200,False,200 m IM,Medley,Katie Shanahan,Women,British Championships,Final,129.88,2024_25,LC,130.88,130.88,current_season,99.23594132029339,True,131.39
724556b0-5aae-4108-9e6c-3fcff390be99,50,2025-05-26,200,False,200 m IM,Medley,Katie Shanahan,Women,AP International,Final,134.3,2024_25,LC,129.88,129.88,current_season,103.40314136125657,False,131.39
82b52471-bba9-4af6-aab2-bb5c34901de9,50,2025-05-26,200,False,200 m IM,Medley,Katie Shanahan,Women,AP International,Heat,137.69,2024_25,LC,129.88,129.88,current_season,106.0132429935325,False,131.39
074cbde5-4772-4dd5-844c-65b9c8846037,50,2025-06-28,200,False,200 m IM,Medley,Katie Shanahan,Women,Sette Colli,Final,131.33,2024_25,LC,129.88,129.88,current_season,101.11641515244843,False,131.39
9e7a70e7-516c-4717-8848-44362d565467,50,2025-06-28,200,False,200 m IM,Medley,Katie Shanahan,Women,Sette Colli,Heat,133.43,2024_25,LC,129.88,129.88,current_season,102.73329226978751,False,131.39
5369195f-4b60-4d79-939f-8f070bb9a693,50,2025-07-27,200,False,200 m IM,Medley,Katie Shanahan,Women,World Championships,Heat,132.42,2024_25,LC,129.88,129.88,current_season,101.95565137049583,False,131.39
9549ce22-d814-4a7e-9b64-1b4f00c8b9f4,50,2022-03-12,400,False,400 m IM,Medley,Katie Shanahan,Women,Edinburgh International,Heat,294.14,2021_22,LC,292.17,292.17,current_season,100.67426498271553,False,
ce385e8a-0d6d-491b-b110-4bfb6d9e4f44,50,2022-03-12,400,False,400 m IM,Medley,Katie Shanahan,Women,Edinburgh International,Final,287.3,2021_22,LC,292.17,292.17,current_season,98.33316220008899,True,
2269843f-d23b-4d6a-a7f9-13bccc0e651f,50,2022-04-05,400,False,400 m IM,Medley,Katie Shanahan,Women,British Championships,Final,284.01,2021_22,LC,287.3,287.3,current_season,98.85485555168813,True,
a691d613-ee4f-4f6c-a898-5a51c10f502a,50,2022-04-05,400,False,400 m IM,Medley,Katie Shanahan,Women,British Championships,Heat,289.37,2021_22,LC,284.01,284.01,current_season,101.88725749093341,False,
03fff2be-1b4b-4d44-83fb-5126140cfce6,50,2022-07-29,400,False,400 m IM,Medley,Katie Shanahan,Women,Commonwealth Games,Heat,286.19,2021_22,LC,284.01,284.01,current_season,100.7675786063871,False,
7093fdd9-2294-4d81-abd9-34a096109a9a,50,2022-07-29,400,False,400 m IM,Medley,Katie Shanahan,Women,Commonwealth Games,Final,279.37,2021_22,LC,284.01,284.01,current_season,98.36625470934123,True,
10f7e187-e4fc-4377-ab15-aae85d8780a8,50,2022-08-13,400,False,400 m IM,Medley,Katie Shanahan,Women,European Championships,Final,289.38,2021_22,LC,279.37,279.37,current_season,103.58306188925081,False,
8074b1ae-699c-4b12-8f49-9f63f758f215,50,2022-08-13,400,False,400 m IM,Medley,Katie Shanahan,Women,European Championships,Heat,287.3,2021_22,LC,279.37,279.37,current_season,102.83852954862726,False,
fab26297-d51b-4369-94a9-12935158f998,50,2023-02-25,400,False,400 m IM,Medley,Katie Shanahan,Women,BUCS Championships,Final,283.99,2022_23,LC,,279.37,prior_season,101.65372087196192,False,279.37
2a982f25-92bf-46e3-a07b-ba6cf7507107,50,2023-03-11,400,False,400 m IM,Medley,Katie Shanahan,Women,Edinburgh International,Final,281.11,2022_23,LC,283.99,283.99,current_season,98.98587978449946,True,279.37
4eb42fe8-7597-4554-ba85-558c71b1fe29,50,2023-03-11,400,False,400 m IM,Medley,Katie Shanahan,Women,Edinburgh International,Heat,288.92,2022_23,LC,281.11,281.11,current_season,102.77827185087689,False,279.37
c4cfd5bd-536c-4164-8186-671bf1ed5107,50,2023-04-04,400,False,400 m IM,Medley,Katie Shanahan,Women,British Championships,Heat,286.36,2022_23,LC,281.11,281.11,current_season,101.86759631460993,False,279.37
d24f46c9-0ef0-4718-801c-8dba1ea5afc5,50,2023-04-04,400,False,400 m IM,Medley,Katie Shanahan,Women,British Championships,Final,276.74,2022_23,LC,281.11,281.11,current_season,98.44544840098182,True,279.37
7251196d-a94c-4d01-978d-b12347378665,50,2023-05-27,400,False,400 m IM,Medley,Katie Shanahan,Women,Glasgow International,Final,279.38,2022_23,LC,276.74,276.74,current_season,100.95396400953965,False,279.37
2a2c5351-b9a6-4ecb-bfc8-45ee043806ba,50,2023-06-24,400,False,400 m IM,Medley,Katie Shanahan,Women,Sette Colli,Heat,283.47,2022_23,LC,276.74,276.74,current_season,102.43188552431886,False,279.37
e3d58855-4eb4-43bf-8937-fabe2cc376cc,50,2023-06-24,400,False,400 m IM,Medley,Katie Shanahan,Women,Sette Colli,Final,276.92,2022_23,LC,276.74,276.74,current_season,100.06504300065042,False,279.37
713003e8-bf2c-41c6-8fe2-62163e373b0c,50,2023-07-01,400,False,400 m IM,Medley,Katie Shanahan,Women,Scottish Nationals,Final,280.75,2022_23,LC,276.74,276.74,current_season,101.44901351449013,False,279.37
cebe7782-394d-465f-80bd-70061005c5e9,50,2023-07-01,400,False,400 m IM,Medley,Katie Shanahan,Women,Scottish Nationals,Heat,295.56,2022_23,LC,276.74,276.74,current_season,106.80060706800607,False,279.37
2b54b705-3dc6-4364-a714-9b42581ad63a,50,2023-07-30,400,False,400 m IM,Medley,Katie Shanahan,Women,World Championships,Heat,279.46,2022_23,LC,276.74,276.74,current_season,100.98287200982871,False,279.37
8fe248cd-87f7-4abb-8077-f217b7966a7f,50,2023-07-30,400,False,400 m IM,Medley,Katie Shanahan,Women,World Championships,Final,281.29,2022_23,LC,276.74,276.74,current_season,101.64414251644143,False,279.37
4ef00f66-6b34-4349-9605-66d41fef2ce0,50,2024-02-24,400,False,400 m IM,Medley,Katie Shanahan,Women,BUCS Championships,Final,284.5,2023_24,LC,,276.74,prior_season,102.80407602804075,False,276.74
077a764c-a530-46ec-bed5-9636004fc4a0,50,2024-03-09,400,False,400 m IM,Medley,Katie Shanahan,Women,Edinburgh International,Heat,299.44,2023_24,LC,284.5,284.5,current_season,105.25131810193322,False,276.74
235174ff-daf8-436c-ae98-3ddf890d0028,50,2024-03-09,400,False,400 m IM,Medley,Katie Shanahan,Women,Edinburgh International,Final,283.99,2023_24,LC,284.5,284.5,current_season,99.82073813708261,True,276.74
33b4efbc-dee2-43df-bfe8-247d0caa4884,50,2024-04-04,400,False,400 m IM,Medley,Katie Shanahan,Women,British Championships,Heat,284.25,2023_24,LC,283.99,283.99,current_season,100.09155251945492,False,276.74
d7ff8b47-89ef-43b5-9baa-81598a83508f,50,2024-04-04,400,False,400 m IM,Medley,Katie Shanahan,Women,British Championships,Final,276.67,2023_24,LC,283.99,283.99,current_season,97.42244445226945,True,276.74
ed1fab43-65aa-408b-ae42-3d9029869379,50,2024-06-22,400,False,400 m IM,Medley,Katie Shanahan,Women,Sette Colli,Heat,283.29,2023_24,LC,276.67,276.67,current_season,102.3927422561174,False,276.74
07dfe716-3e70-48fb-b2fc-e7b885466696,50,2024-06-29,400,False,400 m IM,Medley,Katie Shanahan,Women,Scottish Nationals,Heat,295.54,2023_24,LC,276.67,276.67,current_season,106.82039975421982,False,276.74
e1fe9df3-1309-41ea-8459-b7e56d4e0fb2,50,2024-06-29,400,False,400 m IM,Medley,Katie Shanahan,Women,Scottish Nationals,Final,278.76,2023_24,LC,276.67,276.67,current_season,100.75541258539053,False,276.74
1149963e-958b-427e-963c-34452ee6f92f,50,2024-07-29,400,False,400 m IM,Medley,Katie Shanahan,Women,Olympic Games,Final,280.17,2023_24,LC,276.67,276.67,current_season,101.26504499945783,False,276.74
b38eb9d8-7afa-4ace-97db-c29a5e9a64bf,50,2024-07-29,400,False,400 m IM,Medley,Katie Shanahan,Women,Olympic Games,Heat,280.4,2023_24,LC,276.67,276.67,current_season,101.34817652799362,False,276.74
8213760b-c883-4866-a81b-37efb2c8081a,50,2025-02-15,400,False,400 m IM,Medley,Katie Shanahan,Women,BUCS Championships,Final,281.4,2024_25,LC,,276.67,prior_season,101.70961795641016,False,276.67
1ad82d0d-b851-43b8-a255-f3f5edd0302e,50,2025-05-25,400,False,400 m IM,Medley,Katie Shanahan,Women,AP International,Final,277.99,2024_25,LC,281.4,281.4,current_season,98.78820184790335,True,276.67
9d6953b9-a604-4ae4-a46f-4d5b4f006059,50,2025-05-25,400,False,400 m IM,Medley,Katie Shanahan,Women,AP International,Heat,290.39,2024_25,LC,277.99,277.99,current_season,104.46059210762976,False,276.67
72fd6ee8-f393-41e4-8f68-df1bac4843b4,50,2024-03-08,50,False,50 m Freestyle,Freestyle,Katie Shanahan,Women,Edinburgh International,B-Final,26.46,2023_24,LC,26.53,26.53,current_season,99.73614775725594,True,
b56f5e7f-b2fa-480b-a4cf-a4a5abe20b07,50,2022-01-21,100,False,100 m Butterfly,Butterfly,Keanna MacInnes,Women,Time Trial,Final,62.45,2021_22,LC,62.32,62.32,current_season,100.20860077021823,False,
b4684203-ebdb-4bba-a8db-c5939d9a2737,50,2022-02-19,100,False,100 m Butterfly,Butterfly,Keanna MacInnes,Women,BUCS Championships,Final,60.25,2021_22,LC,62.32,62.32,current_season,96.67843388960206,True,
b644a3f2-7af9-4e42-9eaf-56d5b4f6f808,50,2022-02-19,100,False,100 m Butterfly,Butterfly,Keanna MacInnes,Women,BUCS Championships,Heat,62.21,2021_22,LC,60.25,60.25,current_season,103.25311203319502,False,
2b4dbed1-9466-4258-8139-b729a23cd06f,50,2022-03-12,100,False,100 m Butterfly,Butterfly,Keanna MacInnes,Women,Edinburgh International,Heat,60.35,2021_22,LC,60.25,60.25,current_season,100.16597510373444,False,
ab03a301-c401-436c-988e-0077edc3da14,50,2022-03-12,100,False,100 m Butterfly,Butterfly,Keanna MacInnes,Women,Edinburgh International,Final,59.49,2021_22,LC,60.25,60.25,current_season,98.73858921161826,True,
48b8fb04-016e-45cb-b5f5-433aa3039c33,50,2022-03-22,100,False,100 m Butterfly,Butterfly,Keanna MacInnes,Women,Time Trial,Final,59.85,2021_22,LC,59.49,59.49,current_season,100.6051437216339,False,
1b6878eb-d3c3-4ec4-b45a-9e52ad912b59,50,2022-04-10,100,False,100 m Butterfly,Butterfly,Keanna MacInnes,Women,British Championships,Heat,59.75,2021_22,LC,59.49,59.49,current_season,100.43704824340224,False,
5a852732-c035-4d68-a056-b75fa612e77f,50,2022-04-10,100,False,100 m Butterfly,Butterfly,Keanna MacInnes,Women,British Championships,Final,59.24,2021_22,LC,59.49,59.49,current_season,99.57976130442091,True,
8a06ea43-0b30-4bf9-bb09-ee49f47ebab7,50,2022-05-27,100,False,100 m Butterfly,Butterfly,Keanna MacInnes,Women,Glasgow International,Final,59.1,2021_22,LC,59.24,59.24,current_season,99.76367319378798,True,
ad2dee9a-bfd6-4a33-b53f-3faadf5d9779,50,2022-05-27,100,False,100 m Butterfly,Butterfly,Keanna MacInnes,Women,Glasgow International,Heat,59.52,2021_22,LC,59.1,59.1,current_season,100.71065989847716,False,
5f6eba4c-8e4e-4556-9230-b734ebfd4d70,50,2022-07-03,100,False,100 m Butterfly,Butterfly,Keanna MacInnes,Women,Scottish Nationals,Heat,60.26,2021_22,LC,59.1,59.1,current_season,101.96277495769881,False,
882c4f5f-b7d3-44b1-93f7-e443e12557b9,50,2022-07-03,100,False,100 m Butterfly,Butterfly,Keanna MacInnes,Women,Scottish Nationals,Final,59.81,2021_22,LC,59.1,59.1,current_season,101.20135363790186,False,
abf1d46b-55d9-4626-a8dc-882f1ff99cbd,50,2022-07-14,100,False,100 m Butterfly,Butterfly,Keanna MacInnes,Women,Time Trial,Time Trial,60.76,2021_22,LC,59.1,59.1,current_season,102.80879864636209,False,
79f1f198-92f9-44cd-8ed5-514aaac72abc,50,2022-07-29,100,False,100 m Butterfly,Butterfly,Keanna MacInnes,Women,Commonwealth Games,Heat,59.56,2021_22,LC,59.1,59.1,current_season,100.77834179357022,False,
a26804bf-006d-48c6-a54f-ee74f11115b4,50,2022-07-29,100,False,100 m Butterfly,Butterfly,Keanna MacInnes,Women,Commonwealth Games,Semi-Final,59.57,2021_22,LC,59.1,59.1,current_season,100.79526226734347,False,
0dd6c3cb-91d2-45e3-93ce-919ac479fc7d,50,2022-08-14,100,False,100 m Butterfly,Butterfly,Keanna MacInnes,Women,European Championships,Heat,58.89,2021_22,LC,59.1,59.1,current_season,99.64467005076142,True,
44b263fb-c4fc-4b4a-9ecb-f7a31a365297,50,2022-08-14,100,False,100 m Butterfly,Butterfly,Keanna MacInnes,Women,European Championships,Semi-Final,58.55,2021_22,LC,58.89,58.89,current_season,99.42265240278485,True,
b5a6ecad-797c-4f7e-9d7a-5e122df45ab9,50,2022-08-15,100,False,100 m Butterfly,Butterfly,Keanna MacInnes,Women,European Championships,Final,58.68,2021_22,LC,58.55,58.55,current_season,100.22203245089668,False,
56d0ab5d-b066-49b7-b381-8f12a0645b9e,50,2023-02-25,100,False,100 m Butterfly,Butterfly,Keanna MacInnes,Women,BUCS Championships,Heat,60.21,2022_23,LC,,58.55,prior_season,102.83518360375747,False,58.55
a677f285-02d5-47fd-961f-95c571e5f0b5,50,2023-02-25,100,False,100 m Butterfly,Butterfly,Keanna MacInnes,Women,BUCS Championships,Final,59.06,2022_23,LC,60.21,60.21,current_season,98.09001826939047,True,58.55
89eaacd4-38c8-4176-8e4b-410de2192595,50,2023-03-11,100,False,100 m Butterfly,Butterfly,Keanna MacInnes,Women,Edinburgh International,Heat,59.08,2022_23,LC,59.06,59.06,current_season,100.03386386725364,False,58.55
d3dde5f6-4a27-4131-89dc-2fabf519357b,50,2023-03-11,100,False,100 m Butterfly,Butterfly,Keanna MacInnes,Women,Edinburgh International,Final,59.34,2022_23,LC,59.06,59.06,current_season,100.47409414155098,False,58.55
cf4b3d97-728c-43de-a6c8-b59986ed3ea3,50,2023-03-12,100,False,100 m Butterfly,Butterfly,Keanna MacInnes,Women,Edinburgh International,Heat,58.84,2022_23,LC,59.06,59.06,current_season,99.62749746020995,True,58.55
1f7db68d-ec8c-40d4-b2d2-cec6346db005,50,2023-03-21,100,False,100 m Butterfly,Butterfly,Keanna MacInnes,Women,Time Trial,Time Trial,59.25,2022_23,LC,58.84,58.84,current_season,100.6968048946295,False,58.55
95845877-2c36-45f9-83b9-e84497d3105d,50,2023-04-09,100,False,100 m Butterfly,Butterfly,Keanna MacInnes,Women,British Championships,Final,57.97,2022_23,LC,58.84,58.84,current_season,98.52141400407885,True,58.55
e4284268-e4d1-4740-8775-160bf324bf5e,50,2023-04-09,100,False,100 m Butterfly,Butterfly,Keanna MacInnes,Women,British Championships,Heat,58.61,2022_23,LC,57.97,57.97,current_season,101.1040193203381,False,58.55
2ef602d2-2427-4620-ac62-16e2788a7ea9,50,2023-05-26,100,False,100 m Butterfly,Butterfly,Keanna MacInnes,Women,Glasgow International,Heat,61.18,2022_23,LC,57.97,57.97,current_season,105.53734690357082,False,58.55
3d4c2b55-50bc-44f1-92a0-5a23e77d6679,50,2023-06-24,100,False,100 m Butterfly,Butterfly,Keanna MacInnes,Women,Sette Colli,Heat,60.21,2022_23,LC,57.97,57.97,current_season,103.86406762118337,False,58.55
fda0b8bd-1751-45e3-b55d-b6d50223e1fb,50,2023-07-23,100,False,100 m Butterfly,Butterfly,Keanna MacInnes,Women,World Championships,Heat,59.3,2022_23,LC,57.97,57.97,current_season,102.29429015007763,False,58.55
397914d3-8ff8-48d1-870d-8b8a278acbc5,50,2023-08-11,100,False,100 m Butterfly,Butterfly,Keanna MacInnes,Women,European U23 Championships,Heat,59.13,2022_23,LC,57.97,57.97,current_season,102.00103501811282,False,58.55
7a4314b7-f0c3-40f2-aed3-ca195f5e3600,50,2023-08-11,100,False,100 m Butterfly,Butterfly,Keanna MacInnes,Women,European U23 Championships,Final,58.48,2022_23,LC,57.97,57.97,current_season,100.87976539589442,False,58.55
8fd40f8e-7523-4980-85ef-0d9cea2d2af5,50,2023-12-15,100,False,100 m Butterfly,Butterfly,Keanna MacInnes,Women,Time Trial,Heat,58.82,2023_24,LC,,57.97,prior_season,101.46627565982405,False,57.97
ec0305bc-f8d3-423b-9066-b5b9b26cbd5f,50,2024-01-20,100,False,100 m Butterfly,Butterfly,Keanna MacInnes,Women,Challenge International de Geneve,Final,58.88,2023_24,LC,58.82,58.82,current_season,100.10200612036722,False,57.97
ed14834d-1b70-4143-8fd4-609a143380ee,50,2024-01-20,100,False,100 m Butterfly,Butterfly,Keanna MacInnes,Women,Challenge International de Geneve,Heat,58.98,2023_24,LC,58.82,58.82,current_season,100.27201632097926,False,57.97
07e84a43-2bce-4b08-a5d1-b1495c9daf6c,50,2024-02-23,100,False,100 m Butterfly,Butterfly,Keanna MacInnes,Women,BUCS Championships,Final,58.32,2023_24,LC,58.82,58.82,current_season,99.14994899693981,True,57.97
4d1caeda-1da9-4d36-a377-23b518bd2cac,50,2024-02-23,100,False,100 m Butterfly,Butterfly,Keanna MacInnes,Women,BUCS Championships,Heat,59.1,2023_24,LC,58.32,58.32,current_season,101.33744855967078,False,57.97
3c59c9f6-3776-41fe-b87e-ddf2493e6589,50,2024-03-09,100,False,100 m Butterfly,Butterfly,Keanna MacInnes,Women,Edinburgh International,Final,59.22,2023_24,LC,58.32,58.32,current_season,101.54320987654322,False,57.97
ea57b157-1fb1-43e3-96f3-07cf45482fff,50,2024-03-09,100,False,100 m Butterfly,Butterfly,Keanna MacInnes,Women,Edinburgh International,Heat,60.28,2023_24,LC,58.32,58.32,current_season,103.36076817558299,False,57.97
0a38d665-2c9a-42a4-9ae4-01d9e6f4f169,50,2024-04-06,100,False,100 m Butterfly,Butterfly,Keanna MacInnes,Women,British Championships,Final,57.92,2023_24,LC,58.32,58.32,current_season,99.31412894375858,True,57.97
273c68e5-6772-4058-8575-1da0f42f0f87,50,2024-04-06,100,False,100 m Butterfly,Butterfly,Keanna MacInnes,Women,British Championships,Heat,58.78,2023_24,LC,57.92,57.92,current_season,101.48480662983425,False,57.97
450d085b-6a89-4665-8274-e499d4aa9573,50,2024-05-27,100,False,100 m Butterfly,Butterfly,Keanna MacInnes,Women,AP International,Heat,58.82,2023_24,LC,57.92,57.92,current_season,101.55386740331491,False,57.97
d234f45e-1218-471d-9eee-2eb8135d9d4f,50,2024-05-27,100,False,100 m Butterfly,Butterfly,Keanna MacInnes,Women,AP International,Final,58.38,2023_24,LC,57.92,57.92,current_season,100.79419889502763,False,57.97
0f959c37-ba97-4635-b092-5a23ae1516df,50,2024-06-22,100,False,100 m Butterfly,Butterfly,Keanna MacInnes,Women,Sette Colli,Heat,59.05,2023_24,LC,57.92,57.92,current_season,101.95096685082872,False,57.97
39ca846a-f9bd-49a5-9935-37218d632044,50,2024-06-22,100,False,100 m Butterfly,Butterfly,Keanna MacInnes,Women,Sette Colli,Final,58.74,2023_24,LC,57.92,57.92,current_season,101.4157458563536,False,57.97
0e1dfc2a-a574-4467-9fbc-806f9bebcc45,50,2024-06-30,100,False,100 m Butterfly,Butterfly,Keanna MacInnes,Women,Scottish Nationals,Heat,59.05,2023_24,LC,57.92,57.92,current_season,101.95096685082872,False,57.97
3cf7b3e1-5362-4fef-9c49-347d5c7d30ce,50,2024-06-30,100,False,100 m Butterfly,Butterfly,Keanna MacInnes,Women,Scottish Nationals,Final,58.01,2023_24,LC,57.92,57.92,current_season,100.1553867403315,False,57.97
5e5d4a35-f8be-4253-841b-82b01110bd7f,50,2024-07-27,100,False,100 m Butterfly,Butterfly,Keanna MacInnes,Women,Olympic Games,Semi-Final,58.11,2023_24,LC,57.92,57.92,current_season,100.32803867403315,False,57.97
809c0a9f-90d0-468e-b778-ff7f9d80d0a6,50,2024-07-27,100,False,100 m Butterfly,Butterfly,Keanna MacInnes,Women,Olympic Games,Heat,57.9,2023_24,LC,57.92,57.92,current_season,99.96546961325966,True,57.97
0feb5556-ad16-427c-abef-d07f0681926e,50,2025-02-14,100,False,100 m Butterfly,Butterfly,Keanna MacInnes,Women,BUCS Championships,Final,59.31,2024_25,LC,,57.9,prior_season,102.43523316062178,False,57.9
3631aab4-47e4-4c22-ade3-bf0bb805464f,50,2025-03-15,100,False,100 m Butterfly,Butterfly,Keanna MacInnes,Women,Edinburgh International,Heat,59.11,2024_25,LC,59.31,59.31,current_season,99.66278873714381,True,57.9
62dd768b-64c3-4136-abad-02cb990615fb,50,2025-03-15,100,False,100 m Butterfly,Butterfly,Keanna MacInnes,Women,Edinburgh International,Final,59.01,2024_25,LC,59.11,59.11,current_season,99.83082388766707,True,57.9
59bf9456-f1f5-4111-9848-48deab9c03d3,50,2025-04-19,100,False,100 m Butterfly,Butterfly,Keanna MacInnes,Women,British Championships,Final,58.03,2024_25,LC,59.01,59.01,current_season,98.33926453143536,True,57.9
c8e8f12f-148b-49d7-a8ff-5cd26bb20c4e,50,2025-04-19,100,False,100 m Butterfly,Butterfly,Keanna MacInnes,Women,British Championships,Heat,58.16,2024_25,LC,58.03,58.03,current_season,100.22402205755643,False,57.9
18695a67-f1de-438d-ab63-d6c99e0795fc,50,2025-05-26,100,False,100 m Butterfly,Butterfly,Keanna MacInnes,Women,AP International,Heat,59.22,2024_25,LC,58.03,58.03,current_season,102.05066344993968,False,57.9
304648cf-dc75-4ed8-a5b1-29294f236bb0,50,2025-05-26,100,False,100 m Butterfly,Butterfly,Keanna MacInnes,Women,AP International,Final,57.96,2024_25,LC,58.03,58.03,current_season,99.87937273823884,True,57.9
18084eb1-8c3a-43f2-bb21-c21ffbdf00c7,50,2025-06-27,100,False,100 m Butterfly,Butterfly,Keanna MacInnes,Women,Sette Colli,Final,59.58,2024_25,LC,57.96,57.96,current_season,102.79503105590062,False,57.9
505a0c41-d4bd-4451-994a-435c303d9e03,50,2025-06-27,100,False,100 m Butterfly,Butterfly,Keanna MacInnes,Women,Sette Colli,Heat,59.44,2024_25,LC,57.96,57.96,current_season,102.5534851621808,False,57.9
7733edf5-8cce-4866-b537-8995bfbd3982,50,2025-07-27,100,False,100 m Butterfly,Butterfly,Keanna MacInnes,Women,World Championships,Heat,57.9,2024_25,LC,57.96,57.96,current_season,99.89648033126294,True,57.9
80bbfcf6-b450-4707-9b4f-e9e6c0c80045,50,2025-07-27,100,False,100 m Butterfly,Butterfly,Keanna MacInnes,Women,World Championships,Semi-Final,57.67,2024_25,LC,57.9,57.9,current_season,99.60276338514682,True,57.9
379fef5f-7883-4207-8a61-0de8591024a4,50,2022-01-20,200,False,200 m Butterfly,Butterfly,Keanna MacInnes,Women,Time Trial,Heat,135.75,2021_22,LC,132.61,132.61,current_season,102.3678455621748,False,
546ffc5e-ed2c-42fb-bcae-e29a05ba177b,50,2022-02-20,200,False,200 m Butterfly,Butterfly,Keanna MacInnes,Women,BUCS Championships,Final,131.94,2021_22,LC,132.61,132.61,current_season,99.49475906794359,True,
8caa6271-ace4-4d97-b26b-86b6c438287e,50,2022-02-20,200,False,200 m Butterfly,Butterfly,Keanna MacInnes,Women,BUCS Championships,Heat,133.87,2021_22,LC,131.94,131.94,current_season,101.46278611490072,False,
535b9854-2bfe-44b9-afc3-b5b283e9e038,50,2022-03-11,200,False,200 m Butterfly,Butterfly,Keanna MacInnes,Women,Edinburgh International,Heat,132.67,2021_22,LC,131.94,131.94,current_season,100.55328179475518,False,
979c1c62-c1cb-4515-925e-229c410851ca,50,2022-03-11,200,False,200 m Butterfly,Butterfly,Keanna MacInnes,Women,Edinburgh International,Final,131.34,2021_22,LC,131.94,131.94,current_season,99.54524783992724,True,
de72011c-4e07-44ad-a06a-1ebd73fb956a,50,2022-03-24,200,False,200 m Butterfly,Butterfly,Keanna MacInnes,Women,Time Trial,Final,133.98,2021_22,LC,131.34,131.34,current_season,102.01005025125627,False,
59d0f1cd-b6c8-4833-9a4d-8f32908c2457,50,2022-04-07,200,False,200 m Butterfly,Butterfly,Keanna MacInnes,Women,British Championships,Final,130.02,2021_22,LC,131.34,131.34,current_season,98.99497487437186,True,
75a62431-2960-49bf-a08e-66966db305c5,50,2022-04-07,200,False,200 m Butterfly,Butterfly,Keanna MacInnes,Women,British Championships,Heat,131.17,2021_22,LC,130.02,130.02,current_season,100.88447931087524,False,
9dc45900-689e-4e70-b8dc-a89489262fd1,50,2022-05-28,200,False,200 m Butterfly,Butterfly,Keanna MacInnes,Women,Glasgow International,Final,130.7,2021_22,LC,130.02,130.02,current_season,100.52299646208273,False,
9fe9d77f-af7a-413a-9d28-e90e69aebb03,50,2022-05-28,200,False,200 m Butterfly,Butterfly,Keanna MacInnes,Women,Glasgow International,Heat,132.22,2021_22,LC,130.02,130.02,current_season,101.69204737732656,False,
1f57915c-e767-4461-b2d3-7bd127ffe4e7,50,2022-06-16,200,False,200 m Butterfly,Butterfly,Keanna MacInnes,Women,Time Trial,Final,130.75,2021_22,LC,130.02,130.02,current_season,100.56145208429473,False,
0ef66f58-7b58-4848-953c-87292a769bc7,50,2022-07-01,200,False,200 m Butterfly,Butterfly,Keanna MacInnes,Women,Scottish Nationals,Final,130.24,2021_22,LC,130.02,130.02,current_season,100.16920473773266,False,
1fd8e0ce-1e3b-49d6-bda8-cfa8150c5bc7,50,2022-07-01,200,False,200 m Butterfly,Butterfly,Keanna MacInnes,Women,Scottish Nationals,Heat,132.03,2021_22,LC,130.02,130.02,current_season,101.54591601292108,False,
98f5d87d-6703-437c-8c9e-06e5acd69840,50,2022-07-14,200,False,200 m Butterfly,Butterfly,Keanna MacInnes,Women,Time Trial,Time Trial,131.82,2021_22,LC,130.02,130.02,current_season,101.3844023996308,False,
6fabba78-cf0c-4259-b7c1-385ebf7e2527,50,2022-08-02,200,False,200 m Butterfly,Butterfly,Keanna MacInnes,Women,Commonwealth Games,Heat,131.15,2021_22,LC,130.02,130.02,current_season,100.86909706199046,False,
d1e170a1-4631-4a54-84dc-70a070ed60e0,50,2022-08-02,200,False,200 m Butterfly,Butterfly,Keanna MacInnes,Women,Commonwealth Games,Final,130.79,2021_22,LC,130.02,130.02,current_season,100.59221658206428,False,
269a33ec-780d-493d-9801-26098699d6cb,50,2022-08-16,200,False,200 m Butterfly,Butterfly,Keanna MacInnes,Women,European Championships,Semi-Final,128.9,2021_22,LC,130.02,130.02,current_season,99.13859406245193,True,
f86bc754-be53-452f-a1f0-f2f11e2cd48c,50,2022-08-16,200,False,200 m Butterfly,Butterfly,Keanna MacInnes,Women,European Championships,Heat,129.72,2021_22,LC,128.9,128.9,current_season,100.63615205585725,False,
11cf66bf-fa31-4a22-a365-5822b0b64228,50,2022-08-17,200,False,200 m Butterfly,Butterfly,Keanna MacInnes,Women,European Championships,Final,129.59,2021_22,LC,128.9,128.9,current_season,100.53529868114816,False,
3a2b983e-6a09-4239-85d3-631f89f5b813,50,2023-02-26,200,False,200 m Butterfly,Butterfly,Keanna MacInnes,Women,BUCS Championships,Final,131.95,2022_23,LC,,128.9,prior_season,102.36617532971295,False,128.9
5426755f-15fc-4ca2-b5b9-0d8ec717c313,50,2023-02-26,200,False,200 m Butterfly,Butterfly,Keanna MacInnes,Women,BUCS Championships,Heat,135.06,2022_23,LC,131.95,131.95,current_season,102.35695339143615,False,128.9
bd707d31-8ee4-4e70-800d-b0ac8acf7e29,50,2023-03-10,200,False,200 m Butterfly,Butterfly,Keanna MacInnes,Women,Edinburgh International,Final,130.66,2022_23,LC,131.95,131.95,current_season,99.02235695339144,True,128.9
fdb9dd8a-6dc2-4e61-8cc2-b2a4f6a8c632,50,2023-03-10,200,False,200 m Butterfly,Butterfly,Keanna MacInnes,Women,Edinburgh International,Heat,133.34,2022_23,LC,130.66,130.66,current_season,102.05112505740088,False,128.9
46d9909e-0507-467f-846d-96fb0f11c583,50,2023-03-21,200,False,200 m Butterfly,Butterfly,Keanna MacInnes,Women,Time Trial,Time Trial,129.35,2022_23,LC,130.66,130.66,current_season,98.99739782641971,True,128.9
8e310ba4-6dd6-4912-ab7d-e3af5185ddd7,50,2023-04-06,200,False,200 m Butterfly,Butterfly,Keanna MacInnes,Women,British Championships,Final,128.05,2022_23,LC,129.35,129.35,current_season,98.99497487437188,True,128.9
ba3f1a02-f920-4d93-b3e9-1a9264bc46c3,50,2023-04-06,200,False,200 m Butterfly,Butterfly,Keanna MacInnes,Women,British Championships,Heat,129.12,2022_23,LC,128.05,128.05,current_season,100.8356110894182,False,128.9
6262707c-546b-496d-93e8-d4ec8770bf9f,50,2023-05-27,200,False,200 m Butterfly,Butterfly,Keanna MacInnes,Women,Glasgow International,Heat,133.69,2022_23,LC,128.05,128.05,current_season,104.4045294806716,False,128.9
6e5de1c8-f795-4e08-8902-ade329e23c70,50,2023-06-08,200,False,200 m Butterfly,Butterfly,Keanna MacInnes,Women,Time Trial,Time Trial,132.64,2022_23,LC,128.05,128.05,current_season,103.58453729012102,False,128.9
270f620e-02ef-449d-867a-35e6d5e38e12,50,2023-06-25,200,False,200 m Butterfly,Butterfly,Keanna MacInnes,Women,Sette Colli,Final,132.57,2022_23,LC,128.05,128.05,current_season,103.52987114408432,False,128.9
8eee0089-ebc1-4994-af14-91bfd7ab501b,50,2023-06-25,200,False,200 m Butterfly,Butterfly,Keanna MacInnes,Women,Sette Colli,Heat,131.14,2022_23,LC,128.05,128.05,current_season,102.41311987504879,False,128.9
4384eb55-1ac1-4a1f-b1fb-fd54f429c277,50,2023-06-30,200,False,200 m Butterfly,Butterfly,Keanna MacInnes,Women,Scottish Nationals,Heat,133.88,2022_23,LC,128.05,128.05,current_season,104.55290901991407,False,128.9
465437e1-8996-41c9-84d5-d03b0b711354,50,2023-06-30,200,False,200 m Butterfly,Butterfly,Keanna MacInnes,Women,Scottish Nationals,Final,129.64,2022_23,LC,128.05,128.05,current_season,101.24170245997655,False,128.9
5cabbd1b-ff48-4178-b837-97c641c00485,50,2023-08-12,200,False,200 m Butterfly,Butterfly,Keanna MacInnes,Women,European U23 Championships,Final,129.73,2022_23,LC,128.05,128.05,current_season,101.31198750488089,False,128.9
d737c696-aa10-47e5-b990-495ef367d7da,50,2023-08-12,200,False,200 m Butterfly,Butterfly,Keanna MacInnes,Women,European U23 Championships,Heat,132.78,2022_23,LC,128.05,128.05,current_season,103.69386958219444,False,128.9
7875ae9b-0d1c-4b2c-be3d-63f5c83cd175,50,2023-12-14,200,False,200 m Butterfly,Butterfly,Keanna MacInnes,Women,Time Trial,Final,130.48,2023_24,LC,,128.05,prior_season,101.897696212417,False,128.05
9f819ef3-cee6-458d-a892-ff64c9a7831a,50,2023-12-14,200,False,200 m Butterfly,Butterfly,Keanna MacInnes,Women,Time Trial,Heat,131.55,2023_24,LC,130.48,130.48,current_season,100.8200490496628,False,128.05
09f0dcc7-d15a-4db8-b9b8-b4fa0db6d45d,50,2024-01-21,200,False,200 m Butterfly,Butterfly,Keanna MacInnes,Women,Challenge International de Geneve,Final,131.87,2023_24,LC,130.48,130.48,current_season,101.06529736358063,False,128.05
42951500-fee3-49a7-9986-908838fa5487,50,2024-02-25,200,False,200 m Butterfly,Butterfly,Keanna MacInnes,Women,BUCS Championships,Final,129.91,2023_24,LC,130.48,130.48,current_season,99.56315144083385,True,128.05
e25d6a0d-de8c-49fa-be0b-0ddf3b1bc2f1,50,2024-02-25,200,False,200 m Butterfly,Butterfly,Keanna MacInnes,Women,BUCS Championships,Heat,130.95,2023_24,LC,129.91,129.91,current_season,100.80055422985143,False,128.05
455c9d2b-98cb-4866-b123-5839be006c40,50,2024-03-08,200,False,200 m Butterfly,Butterfly,Keanna MacInnes,Women,Edinburgh International,Final,128.52,2023_24,LC,129.91,129.91,current_season,98.93002848125626,True,128.05
a146571e-a284-4f32-9e3a-18c23f79dab0,50,2024-03-08,200,False,200 m Butterfly,Butterfly,Keanna MacInnes,Women,Edinburgh International,Heat,131.86,2023_24,LC,128.52,128.52,current_season,102.59881730469966,False,128.05
7ac8582c-061c-4ce5-8b9c-525a2f8679b7,50,2024-04-02,200,False,200 m Butterfly,Butterfly,Keanna MacInnes,Women,British Championships,Heat,128.66,2023_24,LC,128.52,128.52,current_season,100.10893246187362,False,128.05
bc7c5ae5-0e7c-41ff-910e-868c95086b5c,50,2024-04-02,200,False,200 m Butterfly,Butterfly,Keanna MacInnes,Women,British Championships,Final,127.24,2023_24,LC,128.52,128.52,current_season,99.00404606286958,True,128.05
3b129e38-bc15-4057-943d-af8d7ef3eaaf,50,2024-05-25,200,False,200 m Butterfly,Butterfly,Keanna MacInnes,Women,AP International,Heat,131.8,2023_24,LC,127.24,127.24,current_season,103.58377868594783,False,128.05
6942299e-be44-4dbd-924c-11d0a77f3ce4,50,2024-05-25,200,False,200 m Butterfly,Butterfly,Keanna MacInnes,Women,AP International,Final,128.54,2023_24,LC,127.24,127.24,current_season,101.02169129204653,False,128.05
d01ac2c1-2b55-402c-a7ff-6cebbac43be5,50,2024-06-23,200,False,200 m Butterfly,Butterfly,Keanna MacInnes,Women,Sette Colli,Heat,131.11,2023_24,LC,127.24,127.24,current_season,103.04149638478468,False,128.05
f5ce6da3-a931-409f-9e29-5bc3c7e11160,50,2024-06-23,200,False,200 m Butterfly,Butterfly,Keanna MacInnes,Women,Sette Colli,Final,128.88,2023_24,LC,127.24,127.24,current_season,101.28890286073562,False,128.05
2447e310-8a7b-45c4-ac88-82736b661cf3,50,2024-07-31,200,False,200 m Butterfly,Butterfly,Keanna MacInnes,Women,Olympic Games,Heat,128.46,2023_24,LC,127.24,127.24,current_season,100.95881798176676,False,128.05
f97950b7-3831-4dd0-ab37-b2e5cdd5058a,50,2024-07-31,200,False,200 m Butterfly,Butterfly,Keanna MacInnes,Women,Olympic Games,Semi-Final,128.04,2023_24,LC,127.24,127.24,current_season,100.62873310279785,False,128.05
8c05f55c-f59b-41ca-9616-5346eb132348,50,2025-02-16,200,False,200 m Butterfly,Butterfly,Keanna MacInnes,Women,BUCS Championships,Final,129.78,2024_25,LC,,127.24,prior_season,101.99622760138323,False,127.24
1525f4d4-90d4-47fd-b355-866aa85f509e,50,2025-03-14,200,False,200 m Butterfly,Butterfly,Keanna MacInnes,Women,Edinburgh International,Final,129.17,2024_25,LC,129.78,129.78,current_season,99.52997380181844,True,127.24
2a333857-168b-43cd-86a6-9d515f63e16d,50,2025-03-14,200,False,200 m Butterfly,Butterfly,Keanna MacInnes,Women,Edinburgh International,Heat,132.01,2024_25,LC,129.17,129.17,current_season,102.19865293798871,False,127.24
6f427a48-1c90-46cb-b5bc-0107fc0a76ea,50,2025-03-27,200,False,200 m Butterfly,Butterfly,Keanna MacInnes,Women,Time Trial,Time Trial,130.0,2024_25,LC,129.17,129.17,current_season,100.64256406286289,False,127.24
032736d1-4455-41fc-ba58-37a1c021d57c,50,2025-04-15,200,False,200 m Butterfly,Butterfly,Keanna MacInnes,Women,British Championships,Heat,130.15,2024_25,LC,129.17,129.17,current_season,100.75869009832006,False,127.24
401973c2-90f5-4dbf-867c-6870f4966a05,50,2025-04-15,200,False,200 m Butterfly,Butterfly,Keanna MacInnes,Women,British Championships,Final,127.14,2024_25,LC,129.17,129.17,current_season,98.42842765347993,True,127.24
13904ce5-b9ef-47aa-bc16-a2ff32578bcb,50,2025-05-24,200,False,200 m Butterfly,Butterfly,Keanna MacInnes,Women,AP International,Heat,133.07,2024_25,LC,127.14,127.14,current_season,104.66414975617428,False,127.24
1e522d5f-fac1-469d-9a63-fc830ace8a72,50,2025-05-24,200,False,200 m Butterfly,Butterfly,Keanna MacInnes,Women,AP International,Final,126.93,2024_25,LC,127.14,127.14,current_season,99.83482774893818,True,127.24
ad3297ba-511b-488d-81cd-b5bd7924b61f,50,2025-06-28,200,False,200 m Butterfly,Butterfly,Keanna MacInnes,Women,Sette Colli,Final,132.56,2024_25,LC,126.93,126.93,current_season,104.43551563854092,False,127.24
bf7ecfc7-40ba-4342-888f-e77a8819ff05,50,2025-06-28,200,False,200 m Butterfly,Butterfly,Keanna MacInnes,Women,Sette Colli,Heat,132.04,2024_25,LC,126.93,126.93,current_season,104.0258410147325,False,127.24
75f51d25-fc57-4d7f-932d-5c1131b0b400,50,2025-07-30,200,False,200 m Butterfly,Butterfly,Keanna MacInnes,Women,World Championships,Semi-Final,131.18,2024_25,LC,126.93,126.93,current_season,103.34830221381863,False,127.24
c27906a0-1a29-4e91-89b0-ceb08c5db194,50,2025-07-30,200,False,200 m Butterfly,Butterfly,Keanna MacInnes,Women,World Championships,Heat,129.24,2024_25,LC,126.93,126.93,current_season,101.81990073268732,False,127.24
b8077ddc-1b69-44e3-b41d-1de6ea9e2e69,50,2022-02-20,50,False,50 m Butterfly,Butterfly,Keanna MacInnes,Women,BUCS Championships,Heat,27.45,2021_22,LC,27.23,27.23,current_season,100.80793242746971,False,
1aa0c02d-e577-4cfe-967a-98dec149f6ea,50,2022-03-13,50,False,50 m Butterfly,Butterfly,Keanna MacInnes,Women,Edinburgh International,Final,26.91,2021_22,LC,27.23,27.23,current_season,98.82482556004408,True,
99650ba7-10b7-46ae-bf13-23f10bddd8dd,50,2022-03-13,50,False,50 m Butterfly,Butterfly,Keanna MacInnes,Women,Edinburgh International,Heat,27.55,2021_22,LC,26.91,26.91,current_season,102.37829803047194,False,
4840565b-cbdc-42dd-b3c3-ae709c92d4be,50,2022-04-06,50,False,50 m Butterfly,Butterfly,Keanna MacInnes,Women,British Championships,Heat,27.22,2021_22,LC,26.91,26.91,current_season,101.15198810850985,False,
ba321629-0e5b-4bc0-8791-e006419b475f,50,2022-04-06,50,False,50 m Butterfly,Butterfly,Keanna MacInnes,Women,British Championships,Final,26.99,2021_22,LC,26.91,26.91,current_season,100.297287253809,False,
a8cef116-12d9-4e2a-a799-9e40bb077b70,50,2022-05-29,50,False,50 m Butterfly,Butterfly,Keanna MacInnes,Women,Glasgow International,Final,27.09,2021_22,LC,26.91,26.91,current_season,100.66889632107024,False,
f45ffd14-5a1f-4378-a3b5-757a4b0c79f7,50,2022-05-29,50,False,50 m Butterfly,Butterfly,Keanna MacInnes,Women,Glasgow International,Heat,27.31,2021_22,LC,26.91,26.91,current_season,101.48643626904497,False,
91bf0c16-46b7-46c3-8dbe-1ccae5db1463,50,2022-07-02,50,False,50 m Butterfly,Butterfly,Keanna MacInnes,Women,Scottish Nationals,Heat,27.35,2021_22,LC,26.91,26.91,current_season,101.63507989594946,False,
d8cd6e2e-0358-4e5b-8a5e-9f5376f26adb,50,2022-07-02,50,False,50 m Butterfly,Butterfly,Keanna MacInnes,Women,Scottish Nationals,Final,27.21,2021_22,LC,26.91,26.91,current_season,101.11482720178373,False,
9bfb1526-c12b-4e84-b4f9-50912afa66d1,50,2022-07-31,50,False,50 m Butterfly,Butterfly,Keanna MacInnes,Women,Commonwealth Games,Heat,27.18,2021_22,LC,26.91,26.91,current_season,101.00334448160535,False,
f064cdcd-3589-49d5-8175-a8a32132f9b0,50,2022-07-31,50,False,50 m Butterfly,Butterfly,Keanna MacInnes,Women,Commonwealth Games,Semi-Final,26.98,2021_22,LC,26.91,26.91,current_season,100.26012634708287,False,
3875b151-bd22-44aa-9350-072ba2f61225,50,2023-02-26,50,False,50 m Butterfly,Butterfly,Keanna MacInnes,Women,BUCS Championships,Final,27.42,2022_23,LC,,26.91,prior_season,101.89520624303235,False,26.91
e1095327-8b7d-4a9a-9f32-f65e12742278,50,2023-02-26,50,False,50 m Butterfly,Butterfly,Keanna MacInnes,Women,BUCS Championships,Heat,27.64,2022_23,LC,27.42,27.42,current_season,100.80233406272794,False,26.91
8b55dc55-d030-46a5-95d8-e079f3cac6c6,50,2023-03-12,50,False,50 m Butterfly,Butterfly,Keanna MacInnes,Women,Edinburgh International,Final,26.87,2022_23,LC,27.42,27.42,current_season,97.99416484318016,True,26.91
9b338cbc-0cf3-436f-9aa3-b5f9b2aa8f8b,50,2023-03-12,50,False,50 m Butterfly,Butterfly,Keanna MacInnes,Women,Edinburgh International,Heat,27.53,2022_23,LC,26.87,26.87,current_season,102.45627093412728,False,26.91
391fb257-cc3f-4b58-8a21-3e9e5f129c44,50,2023-06-23,50,False,50 m Butterfly,Butterfly,Keanna MacInnes,Women,Sette Colli,Heat,27.57,2022_23,LC,26.87,26.87,current_season,102.60513583922591,False,26.91
6b9471de-235e-4823-90fa-5e70f47a664c,50,2024-01-20,50,False,50 m Butterfly,Butterfly,Keanna MacInnes,Women,Challenge International de Geneve,Final,26.73,2023_24,LC,,26.87,prior_season,99.47897283215482,True,26.87
a733031d-a36b-4ed5-8be2-15b9d169f6f9,50,2024-02-24,50,False,50 m Butterfly,Butterfly,Keanna MacInnes,Women,BUCS Championships,Final,26.69,2023_24,LC,26.73,26.73,current_season,99.85035540591096,True,26.87
b893025c-be42-4dd3-887d-f495c089669b,50,2024-02-24,50,False,50 m Butterfly,Butterfly,Keanna MacInnes,Women,BUCS Championships,Heat,27.0,2023_24,LC,26.69,26.69,current_season,101.16148370176094,False,26.87
e073d516-a148-49c7-8126-451ff8ef4975,50,2025-02-15,50,False,50 m Butterfly,Butterfly,Keanna MacInnes,Women,BUCS Championships,Final,26.85,2024_25,LC,,26.69,prior_season,100.59947545897342,False,26.69
27669ff1-312a-4529-aef1-cca16352d209,50,2025-05-25,50,False,50 m Butterfly,Butterfly,Keanna MacInnes,Women,AP International,Final,26.46,2024_25,LC,26.85,26.85,current_season,98.54748603351955,True,26.69
6d9238c3-4f33-4e6e-857c-5a3914be5e93,50,2025-05-25,50,False,50 m Butterfly,Butterfly,Keanna MacInnes,Women,AP International,Heat,26.71,2024_25,LC,26.46,26.46,current_season,100.94482237339379,False,26.69
90293f0f-1f6b-4a48-a0d1-2e9299904db5,50,2022-03-12,100,False,100 m Butterfly,Butterfly,Lucy Grieve,Women,Edinburgh International,Final,60.49,2021_22,LC,60.78,60.78,current_season,99.52286936492267,True,
4a4b94bf-3f7c-4d7f-b234-674444bbc3bf,50,2022-04-10,100,False,100 m Butterfly,Butterfly,Lucy Grieve,Women,British Championships,Heat,60.87,2021_22,LC,60.49,60.49,current_season,100.62820300876176,False,
6329f654-8d42-4333-828b-e292e953cb5d,50,2022-04-10,100,False,100 m Butterfly,Butterfly,Lucy Grieve,Women,British Championships,B-Final,60.16,2021_22,LC,60.49,60.49,current_season,99.45445528186477,True,
06dc060f-f5ed-4e46-b06f-65c9754c2234,50,2022-07-28,100,False,100 m Butterfly,Butterfly,Lucy Grieve,Women,British Summer Championships,Heat,60.86,2021_22,LC,60.16,60.16,current_season,101.16356382978724,False,
c453f9a0-9ca3-458f-9c9a-3223206a488c,50,2022-07-28,100,False,100 m Butterfly,Butterfly,Lucy Grieve,Women,British Summer Championships,B-Final,60.55,2021_22,LC,60.16,60.16,current_season,100.64827127659575,False,
2ca6e956-ea47-4374-b6fd-ffdb31e80a29,50,2023-02-16,100,False,100 m Butterfly,Butterfly,Lucy Grieve,Women,Time Trial,B-Final,60.02,2022_23,LC,,60.16,prior_season,99.76728723404257,True,60.16
5562fb74-2cd8-4e47-91c4-4b786373cfc4,50,2023-02-16,100,False,100 m Butterfly,Butterfly,Lucy Grieve,Women,Time Trial,Final,59.94,2022_23,LC,60.02,60.02,current_season,99.86671109630122,True,60.16
50dcc71d-12e0-424d-b159-dd425c246b86,50,2023-02-25,100,False,100 m Butterfly,Butterfly,Lucy Grieve,Women,BUCS Championships,Final,59.16,2022_23,LC,59.94,59.94,current_season,98.69869869869869,True,60.16
63c9b242-9c7e-4a63-8e9c-235d8e54da78,50,2023-02-25,100,False,100 m Butterfly,Butterfly,Lucy Grieve,Women,BUCS Championships,Heat,59.72,2022_23,LC,59.16,59.16,current_season,100.94658553076403,False,60.16
0ca74865-0679-4163-84f3-cf3c9f893a9e,50,2023-03-11,100,False,100 m Butterfly,Butterfly,Lucy Grieve,Women,Edinburgh International,Heat,59.98,2022_23,LC,59.16,59.16,current_season,101.38607167004734,False,60.16
dd46b872-9081-408f-8055-eaaa559b7972,50,2023-03-11,100,False,100 m Butterfly,Butterfly,Lucy Grieve,Women,Edinburgh International,Final,59.18,2022_23,LC,59.16,59.16,current_season,100.03380662609874,False,60.16
7afe3162-560e-40cf-b99f-d819b52b476e,50,2023-03-21,100,False,100 m Butterfly,Butterfly,Lucy Grieve,Women,Time Trial,Time Trial,59.99,2022_23,LC,59.16,59.16,current_season,101.4029749830967,False,60.16
78684653-3ad2-4663-807e-91182468dd90,50,2023-04-09,100,False,100 m Butterfly,Butterfly,Lucy Grieve,Women,British Championships,Heat,59.33,2022_23,LC,59.16,59.16,current_season,100.2873563218391,False,60.16
8bc341dc-1b30-401e-bc11-a99cc02c97bb,50,2023-04-09,100,False,100 m Butterfly,Butterfly,Lucy Grieve,Women,British Championships,Final,59.2,2022_23,LC,59.16,59.16,current_season,100.06761325219745,False,60.16
a0d04b88-2296-46a6-bc8a-adc817c4e6e0,50,2023-05-26,100,False,100 m Butterfly,Butterfly,Lucy Grieve,Women,Glasgow International,Final,59.83,2022_23,LC,59.16,59.16,current_season,101.13252197430698,False,60.16
c0a6774e-2489-4870-9bb6-741e23d5a6db,50,2023-06-08,100,False,100 m Butterfly,Butterfly,Lucy Grieve,Women,Time Trial,Time Trial,59.9,2022_23,LC,59.16,59.16,current_season,101.25084516565248,False,60.16
bb8fbe1b-fb1f-40d0-8d6d-a62be634cf12,50,2023-06-24,100,False,100 m Butterfly,Butterfly,Lucy Grieve,Women,Sette Colli,B-Final,59.56,2022_23,LC,59.16,59.16,current_season,100.67613252197431,False,60.16
f4eb433d-9171-48d8-87d0-7044249e8254,50,2023-06-24,100,False,100 m Butterfly,Butterfly,Lucy Grieve,Women,Sette Colli,Heat,59.75,2022_23,LC,59.16,59.16,current_season,100.99729546991212,False,60.16
585ec1e1-75ab-40a3-8e86-57749f5fa084,50,2023-08-11,100,False,100 m Butterfly,Butterfly,Lucy Grieve,Women,European U23 Championships,Final,59.28,2022_23,LC,59.16,59.16,current_season,100.2028397565923,False,60.16
7a12e153-39b2-460b-8607-38c45adb84bd,50,2023-08-11,100,False,100 m Butterfly,Butterfly,Lucy Grieve,Women,European U23 Championships,Heat,59.47,2022_23,LC,59.16,59.16,current_season,100.5240027045301,False,60.16
299d7a41-0b00-49ab-9f5e-2d5065fe8403,50,2023-12-01,100,False,100 m Butterfly,Butterfly,Lucy Grieve,Women,Rotterdam Qualification Meet,Heat,59.79,2023_24,LC,,59.16,prior_season,101.06490872210954,False,59.16
7451ce34-dd09-462a-8392-6eaf7389a695,50,2023-12-01,100,False,100 m Butterfly,Butterfly,Lucy Grieve,Women,Rotterdam Qualification Meet,Final,59.1,2023_24,LC,59.79,59.79,current_season,98.84596086302058,True,59.16
2b024060-0cf5-431d-a12d-5f9c34e8d872,50,2023-12-14,100,False,100 m Butterfly,Butterfly,Lucy Grieve,Women,Time Trial,Final,59.1,2023_24,LC,59.1,59.1,current_season,100.0,False,59.16
d328d3e9-c770-4a82-9bf6-2bb7543224a7,50,2023-12-14,100,False,100 m Butterfly,Butterfly,Lucy Grieve,Women,Time Trial,Heat,59.2,2023_24,LC,59.1,59.1,current_season,100.16920473773266,False,59.16
43d18b2f-ef4c-42b6-9f18-96b9e635755a,50,2023-12-15,100,False,100 m Butterfly,Butterfly,Lucy Grieve,Women,Time Trial,Heat,59.45,2023_24,LC,59.1,59.1,current_season,100.5922165820643,False,59.16
65127e35-1869-41d8-b6d8-2fe725170238,50,2024-01-20,100,False,100 m Butterfly,Butterfly,Lucy Grieve,Women,Challenge International de Geneve,Final,60.7,2023_24,LC,59.1,59.1,current_season,102.7072758037225,False,59.16
35efb8bd-1129-4f30-a5e1-64dfda08fd11,50,2024-02-23,100,False,100 m Butterfly,Butterfly,Lucy Grieve,Women,BUCS Championships,Final,59.3,2023_24,LC,59.1,59.1,current_season,100.33840947546531,False,59.16
62e70b10-5b45-4124-917a-9e7bb1ef351f,50,2024-02-23,100,False,100 m Butterfly,Butterfly,Lucy Grieve,Women,BUCS Championships,Heat,60.08,2023_24,LC,59.1,59.1,current_season,101.65820642978002,False,59.16
2d791569-eea8-4ec6-b250-e5a65b333ce4,50,2024-03-09,100,False,100 m Butterfly,Butterfly,Lucy Grieve,Women,Edinburgh International,Heat,60.57,2023_24,LC,59.1,59.1,current_season,102.48730964467005,False,59.16
b798b178-1851-4a6d-90c1-0af70aadf802,50,2024-03-09,100,False,100 m Butterfly,Butterfly,Lucy Grieve,Women,Edinburgh International,Final,59.23,2023_24,LC,59.1,59.1,current_season,100.21996615905245,False,59.16
24a7a08d-23ea-4088-b395-63b23cea3754,50,2024-04-06,100,False,100 m Butterfly,Butterfly,Lucy Grieve,Women,British Championships,Heat,58.95,2023_24,LC,59.1,59.1,current_season,99.74619289340102,True,59.16
2ef3318e-ef53-46c9-bffc-f9fcc3c37d56,50,2024-04-06,100,False,100 m Butterfly,Butterfly,Lucy Grieve,Women,British Championships,Final,58.31,2023_24,LC,58.95,58.95,current_season,98.91433418150976,True,59.16
a10ae5c9-3517-4262-b767-53e8a34ccbac,50,2024-05-27,100,False,100 m Butterfly,Butterfly,Lucy Grieve,Women,AP International,Final,58.8,2023_24,LC,58.31,58.31,current_season,100.84033613445378,False,59.16
d4ffb04a-6d9e-46e4-af3c-4d80912342d2,50,2024-05-27,100,False,100 m Butterfly,Butterfly,Lucy Grieve,Women,AP International,Heat,60.0,2023_24,LC,58.31,58.31,current_season,102.89830217801406,False,59.16
865da3af-bb87-481b-a823-225ed5575384,50,2024-06-20,100,False,100 m Butterfly,Butterfly,Lucy Grieve,Women,European Championships,Semi-Final,59.07,2023_24,LC,58.31,58.31,current_season,101.30337849425484,False,59.16
d6884746-86fc-41cc-80c6-3fe4771d591f,50,2024-06-20,100,False,100 m Butterfly,Butterfly,Lucy Grieve,Women,European Championships,Heat,59.23,2023_24,LC,58.31,58.31,current_season,101.57777396672954,False,59.16
622c2aa7-4099-488b-b273-5b7efb480508,50,2024-06-30,100,False,100 m Butterfly,Butterfly,Lucy Grieve,Women,Scottish Nationals,Heat,60.25,2023_24,LC,58.31,58.31,current_season,103.3270451037558,False,59.16
6916338a-092d-44dd-8b4e-6b1f712e4117,50,2024-06-30,100,False,100 m Butterfly,Butterfly,Lucy Grieve,Women,Scottish Nationals,Final,58.78,2023_24,LC,58.31,58.31,current_season,100.80603670039446,False,59.16
7273f42b-524b-4edc-a30b-7d14e23fa85b,50,2025-02-14,100,False,100 m Butterfly,Butterfly,Lucy Grieve,Women,BUCS Championships,Final,58.34,2024_25,LC,,58.31,prior_season,100.05144915108902,False,58.31
c31f2c9b-4896-4874-b5be-ce941fb3728c,50,2025-03-15,100,False,100 m Butterfly,Butterfly,Lucy Grieve,Women,Edinburgh International,Heat,59.21,2024_25,LC,58.34,58.34,current_season,101.49125814192664,False,58.31
eb470810-f728-4483-a07b-c73f0d6aa727,50,2025-03-15,100,False,100 m Butterfly,Butterfly,Lucy Grieve,Women,Edinburgh International,Final,58.98,2024_25,LC,58.34,58.34,current_season,101.09701748371613,False,58.31
60f4a756-0afd-4975-9a1d-776a0da30676,50,2025-04-19,100,False,100 m Butterfly,Butterfly,Lucy Grieve,Women,British Championships,Heat,58.34,2024_25,LC,58.34,58.34,current_season,100.0,False,58.31
9d1bfdbe-82e5-44c1-b98f-20f334d132ff,50,2025-04-19,100,False,100 m Butterfly,Butterfly,Lucy Grieve,Women,British Championships,Final,58.09,2024_25,LC,58.34,58.34,current_season,99.57147754542338,True,58.31
9aa01250-55b6-4ef3-be6a-7d2165a31001,50,2025-05-26,100,False,100 m Butterfly,Butterfly,Lucy Grieve,Women,AP International,Final,59.01,2024_25,LC,58.09,58.09,current_season,101.58374935444998,False,58.31
c70979a4-3266-4ee6-b696-d0de2a0a4ed2,50,2025-05-26,100,False,100 m Butterfly,Butterfly,Lucy Grieve,Women,AP International,Heat,59.52,2024_25,LC,58.09,58.09,current_season,102.46169736615596,False,58.31
217fb104-a5d7-4139-b730-7ca1b8526a59,50,2025-06-26,100,False,100 m Butterfly,Butterfly,Lucy Grieve,Women,European U23 Championships,Final,58.71,2024_25,LC,58.09,58.09,current_season,101.06730934756412,False,58.31
fe010229-7210-4698-9095-4175b40e5456,50,2025-06-26,100,False,100 m Butterfly,Butterfly,Lucy Grieve,Women,European U23 Championships,Heat,59.41,2024_25,LC,58.09,58.09,current_season,102.2723360302978,False,58.31
9bba8ac3-0740-427d-9a3a-4cfc0999bffd,50,2025-07-25,100,False,100 m Butterfly,Butterfly,Lucy Grieve,Women,British Summer Championships,Final,59.0,2024_25,LC,58.09,58.09,current_season,101.56653468755378,False,58.31
ded5f251-1113-4ffe-9989-1e69612cb152,50,2025-07-25,100,False,100 m Butterfly,Butterfly,Lucy Grieve,Women,British Summer Championships,Heat,59.01,2024_25,LC,58.09,58.09,current_season,101.58374935444998,False,58.31
17304e5c-a523-43d0-9da4-233d7b7e7ea5,50,2022-07-26,100,False,100 m Freestyle,Freestyle,Lucy Grieve,Women,British Summer Championships,Heat,59.36,2021_22,LC,58.14,58.14,current_season,102.0983832129343,False,
52a46247-4880-4af6-8d69-57925fb656af,50,2023-03-12,100,False,100 m Freestyle,Freestyle,Lucy Grieve,Women,Edinburgh International,Heat,57.75,2022_23,LC,,58.14,prior_season,99.32920536635706,True,58.14
3dda2c09-8d66-4274-91d1-aa0199d4e979,50,2023-06-30,100,False,100 m Freestyle,Freestyle,Lucy Grieve,Women,Scottish Nationals,Heat,58.65,2022_23,LC,57.75,57.75,current_season,101.55844155844156,False,58.14
819fc8c7-f068-4700-9948-3a173c30caf8,50,2023-06-30,100,False,100 m Freestyle,Freestyle,Lucy Grieve,Women,Scottish Nationals,Final,57.77,2022_23,LC,57.75,57.75,current_season,100.03463203463203,False,58.14
7a569f5f-2f17-4333-8352-6b81ab0a4d7f,50,2024-04-07,100,False,100 m Freestyle,Freestyle,Lucy Grieve,Women,British Championships,Heat,57.19,2023_24,LC,,57.75,prior_season,99.03030303030303,True,57.75
f82793ed-0f47-44e5-a326-9f27a0dba421,50,2023-05-27,200,False,200 m Butterfly,Butterfly,Lucy Grieve,Women,Glasgow International,Final,134.18,2022_23,LC,135.46,135.46,current_season,99.05507160785471,True,
68c3c954-1660-4259-acca-af3ae80cc3cf,50,2023-11-30,200,False,200 m Butterfly,Butterfly,Lucy Grieve,Women,Rotterdam Qualification Meet,Final,134.05,2023_24,LC,,134.18,prior_season,99.9031152183634,True,134.18
3a03ff6c-c765-43c4-8b6a-0ae21b836899,50,2024-01-21,200,False,200 m Butterfly,Butterfly,Lucy Grieve,Women,Challenge International de Geneve,Heat,138.26,2023_24,LC,134.05,134.05,current_season,103.14061917195075,False,134.18
40bbf725-2fc1-4bc6-8e59-da2577a8a29e,50,2024-02-25,200,False,200 m Butterfly,Butterfly,Lucy Grieve,Women,BUCS Championships,Final,136.18,2023_24,LC,134.05,134.05,current_season,101.58895934352854,False,134.18
b11f8fad-a10f-444d-9522-b8013b7f52fc,50,2024-02-25,200,False,200 m Butterfly,Butterfly,Lucy Grieve,Women,BUCS Championships,Heat,137.4,2023_24,LC,134.05,134.05,current_season,102.49906751212234,False,134.18
21d1a6cc-c708-4586-8d80-d8c41cb1b493,50,2024-03-08,200,False,200 m Butterfly,Butterfly,Lucy Grieve,Women,Edinburgh International,Final,136.29,2023_24,LC,134.05,134.05,current_season,101.6710182767624,False,134.18
9421b4b0-60a5-40ee-9a49-45538fa5e1a3,50,2024-03-08,200,False,200 m Butterfly,Butterfly,Lucy Grieve,Women,Edinburgh International,Heat,137.41,2023_24,LC,134.05,134.05,current_season,102.5065274151436,False,134.18
a0d14c30-b6b9-4629-8f42-09c89e0c24c8,50,2024-04-02,200,False,200 m Butterfly,Butterfly,Lucy Grieve,Women,British Championships,Final,132.67,2023_24,LC,134.05,134.05,current_season,98.97053338306601,True,134.18
a2c2ad6d-6327-4fbb-bcbf-265633c0e114,50,2024-04-02,200,False,200 m Butterfly,Butterfly,Lucy Grieve,Women,British Championships,Heat,132.11,2023_24,LC,132.67,132.67,current_season,99.57790005276252,True,134.18
a57a356f-3250-446d-ab88-818c047b8c81,50,2024-05-25,200,False,200 m Butterfly,Butterfly,Lucy Grieve,Women,AP International,Heat,135.46,2023_24,LC,132.11,132.11,current_season,102.53576564983726,False,134.18
a9e4d9d8-cc79-4c64-9368-8283f09cdb9e,50,2024-05-25,200,False,200 m Butterfly,Butterfly,Lucy Grieve,Women,AP International,Final,131.98,2023_24,LC,132.11,132.11,current_season,99.90159715388688,True,134.18
860a421f-fee3-4257-844d-2e84752fc52a,50,2024-06-22,200,False,200 m Butterfly,Butterfly,Lucy Grieve,Women,European Championships,Heat,133.73,2023_24,LC,131.98,131.98,current_season,101.32595847855737,False,134.18
bea6c816-df65-468f-9cd6-43d4d4671a06,50,2024-06-22,200,False,200 m Butterfly,Butterfly,Lucy Grieve,Women,European Championships,Semi-Final,132.05,2023_24,LC,131.98,131.98,current_season,100.05303833914232,False,134.18
110d50b4-0072-4fab-be0d-952c2ba96882,50,2024-06-23,200,False,200 m Butterfly,Butterfly,Lucy Grieve,Women,European Championships,Final,132.12,2023_24,LC,131.98,131.98,current_season,100.1060766782846,False,134.18
1453d08b-4633-4196-9fd6-16b40b2f3ee4,50,2025-02-16,200,False,200 m Butterfly,Butterfly,Lucy Grieve,Women,BUCS Championships,Heat,135.45,2024_25,LC,,131.98,prior_season,102.62918624033945,False,131.98
85d23e7f-86ed-4ca2-9b2f-8650d0025f1b,50,2025-03-14,200,False,200 m Butterfly,Butterfly,Lucy Grieve,Women,Edinburgh International,Heat,133.44,2024_25,LC,135.45,135.45,current_season,98.51605758582504,True,131.98
bb3d7804-51e1-4b11-bbc4-fafcda27fdc7,50,2025-03-14,200,False,200 m Butterfly,Butterfly,Lucy Grieve,Women,Edinburgh International,Final,133.45,2024_25,LC,133.44,133.44,current_season,100.00749400479616,False,131.98
34f20608-ab84-4954-99cb-d65496e1ee2d,50,2025-04-15,200,False,200 m Butterfly,Butterfly,Lucy Grieve,Women,British Championships,Heat,131.78,2024_25,LC,133.44,133.44,current_season,98.75599520383693,True,131.98
d1805491-2e82-4613-9c1b-17555d188e25,50,2025-04-15,200,False,200 m Butterfly,Butterfly,Lucy Grieve,Women,British Championships,Final,131.98,2024_25,LC,131.78,131.78,current_season,100.15176809834571,False,131.98
6b373807-b625-42f7-a0cf-eee35ff823ac,50,2025-07-20,200,False,200 m Butterfly,Butterfly,Lucy Grieve,Women,British Summer Championships,Final,134.15,2024_25,LC,131.78,131.78,current_season,101.79845196539688,False,131.98
76f67641-e6d0-465d-ac99-0bdca6d6f360,50,2022-03-13,50,False,50 m Butterfly,Butterfly,Lucy Grieve,Women,Edinburgh International,Heat,27.8,2021_22,LC,27.54,27.54,current_season,100.9440813362382,False,
b1ca695f-d913-46f9-90a5-27c29514c207,50,2022-04-06,50,False,50 m Butterfly,Butterfly,Lucy Grieve,Women,British Championships,Heat,27.5,2021_22,LC,27.54,27.54,current_season,99.85475671750181,True,
06c2df16-f24c-4908-b6f7-da8263427820,50,2022-07-26,50,False,50 m Butterfly,Butterfly,Lucy Grieve,Women,British Summer Championships,Heat,27.8,2021_22,LC,27.5,27.5,current_season,101.0909090909091,False,
98b703de-a41b-40b8-a3f5-29d59bbe4a09,50,2022-07-26,50,False,50 m Butterfly,Butterfly,Lucy Grieve,Women,British Summer Championships,Final,27.36,2021_22,LC,27.5,27.5,current_season,99.49090909090908,True,
1a5d222b-40b6-4675-84ed-dc9db07bb907,50,2023-02-26,50,False,50 m Butterfly,Butterfly,Lucy Grieve,Women,BUCS Championships,Final,27.32,2022_23,LC,,27.36,prior_season,99.85380116959065,True,27.36
3c636135-3f46-4e0c-9164-e527cf454f6c,50,2023-02-26,50,False,50 m Butterfly,Butterfly,Lucy Grieve,Women,BUCS Championships,Heat,27.54,2022_23,LC,27.32,27.32,current_season,100.80527086383601,False,27.36
4c8240be-d385-4989-86b6-ceaae7171dc9,50,2023-03-10,50,False,50 m Butterfly,Butterfly,Lucy Grieve,Women,Edinburgh International,Heat,27.73,2022_23,LC,27.32,27.32,current_season,101.50073206442167,False,27.36
35977123-4d60-494c-a648-9a99f782541b,50,2023-03-12,50,False,50 m Butterfly,Butterfly,Lucy Grieve,Women,Edinburgh International,Heat,27.43,2022_23,LC,27.32,27.32,current_season,100.40263543191801,False,27.36
91c6fb21-68da-4ec6-ab35-e753da31669f,50,2023-03-12,50,False,50 m Butterfly,Butterfly,Lucy Grieve,Women,Edinburgh International,Final,27.34,2022_23,LC,27.32,27.32,current_season,100.0732064421669,False,27.36
270652f3-36bc-480c-9c0f-8072a77339b0,50,2023-04-05,50,False,50 m Butterfly,Butterfly,Lucy Grieve,Women,British Championships,Final,26.83,2022_23,LC,27.32,27.32,current_season,98.20644216691068,True,27.36
668f76ea-f8eb-4ac9-a901-06635223b0f5,50,2023-04-05,50,False,50 m Butterfly,Butterfly,Lucy Grieve,Women,British Championships,Heat,27.57,2022_23,LC,26.83,26.83,current_season,102.75810659709282,False,27.36
92219b04-552a-42e7-bb5d-30d95b993149,50,2023-05-28,50,False,50 m Butterfly,Butterfly,Lucy Grieve,Women,Glasgow International,Heat,27.46,2022_23,LC,26.83,26.83,current_season,102.34811777860604,False,27.36
bf02531d-d85c-4d3c-a2f7-0be496eaedb2,50,2023-06-23,50,False,50 m Butterfly,Butterfly,Lucy Grieve,Women,Sette Colli,B-Final,27.01,2022_23,LC,26.83,26.83,current_season,100.67089079388745,False,27.36
cbdcb73c-eb86-4821-b269-270ebe82f0d1,50,2023-06-23,50,False,50 m Butterfly,Butterfly,Lucy Grieve,Women,Sette Colli,Heat,27.15,2022_23,LC,26.83,26.83,current_season,101.19269474468877,False,27.36
67fba5e2-dc0f-4a17-97a0-f3b496f9d3f8,50,2023-07-01,50,False,50 m Butterfly,Butterfly,Lucy Grieve,Women,Scottish Nationals,Heat,28.02,2022_23,LC,26.83,26.83,current_season,104.4353335818114,False,27.36
e5f9931b-1fab-49bd-95b3-e440690ed990,50,2023-07-01,50,False,50 m Butterfly,Butterfly,Lucy Grieve,Women,Scottish Nationals,Final,27.57,2022_23,LC,26.83,26.83,current_season,102.75810659709282,False,27.36
904354df-a86c-45eb-aa09-58ce7316c05e,50,2023-07-26,50,False,50 m Butterfly,Butterfly,Lucy Grieve,Women,British Summer Championships,Heat,27.45,2022_23,LC,26.83,26.83,current_season,102.31084606783452,False,27.36
b839f682-5424-434e-897b-fdd240fb1a98,50,2023-07-26,50,False,50 m Butterfly,Butterfly,Lucy Grieve,Women,British Summer Championships,Final,27.33,2022_23,LC,26.83,26.83,current_season,101.86358553857622,False,27.36
9f7bc945-53bd-47b0-983f-68d7884642a2,50,2023-08-13,50,False,50 m Butterfly,Butterfly,Lucy Grieve,Women,European U23 Championships,Heat,27.64,2022_23,LC,26.83,26.83,current_season,103.01900857249349,False,27.36
e90269df-de57-47fa-9748-008a2abe28fe,50,2024-01-20,50,False,50 m Butterfly,Butterfly,Lucy Grieve,Women,Challenge International de Geneve,Final,27.36,2023_24,LC,,26.83,prior_season,101.97540067089079,False,26.83
75259815-ed7e-418f-80f0-2e8525b20584,50,2024-02-24,50,False,50 m Butterfly,Butterfly,Lucy Grieve,Women,BUCS Championships,Heat,27.34,2023_24,LC,27.36,27.36,current_season,99.92690058479532,True,26.83
f28a2cc4-f569-4622-89d5-d4a7483efdcb,50,2024-02-24,50,False,50 m Butterfly,Butterfly,Lucy Grieve,Women,BUCS Championships,Final,27.16,2023_24,LC,27.34,27.34,current_season,99.34162399414777,True,26.83
3d8238a5-9664-4a12-a364-e18b5c12fbd0,50,2024-03-10,50,False,50 m Butterfly,Butterfly,Lucy Grieve,Women,Edinburgh International,Final,27.04,2023_24,LC,27.16,27.16,current_season,99.55817378497791,True,26.83
ece21fb5-e785-48cf-92c7-6cb39fd8d34a,50,2024-03-10,50,False,50 m Butterfly,Butterfly,Lucy Grieve,Women,Edinburgh International,Heat,27.61,2023_24,LC,27.04,27.04,current_season,102.10798816568047,False,26.83
79962142-9db7-403e-8b40-10e6de43b8e0,50,2024-05-26,50,False,50 m Butterfly,Butterfly,Lucy Grieve,Women,AP International,Heat,26.99,2023_24,LC,27.04,27.04,current_season,99.81508875739644,True,26.83
8b154983-6472-4605-8025-3fa1199943c5,50,2024-05-26,50,False,50 m Butterfly,Butterfly,Lucy Grieve,Women,AP International,Final,26.84,2023_24,LC,26.99,26.99,current_season,99.44423860689145,True,26.83
56d0cc6f-9bc6-4f19-bd10-3e5d70b2b627,50,2024-06-29,50,False,50 m Butterfly,Butterfly,Lucy Grieve,Women,Scottish Nationals,Heat,27.14,2023_24,LC,26.84,26.84,current_season,101.1177347242921,False,26.83
b3cec2db-5cf4-4e76-8134-3749d84a0da7,50,2024-06-29,50,False,50 m Butterfly,Butterfly,Lucy Grieve,Women,Scottish Nationals,Final,26.69,2023_24,LC,26.84,26.84,current_season,99.44113263785395,True,26.83
10ac08c0-510c-4ad5-9873-9e634e883d03,50,2025-02-15,50,False,50 m Butterfly,Butterfly,Lucy Grieve,Women,BUCS Championships,Final,26.98,2024_25,LC,,26.69,prior_season,101.0865492693893,False,26.69
251fd973-ad98-46fc-aebf-deeff82065c1,50,2025-03-16,50,False,50 m Butterfly,Butterfly,Lucy Grieve,Women,Edinburgh International,Heat,27.4,2024_25,LC,26.98,26.98,current_season,101.55670867309117,False,26.69
ef6a7fc5-3184-456e-9ae3-d81ce3815d9a,50,2025-03-16,50,False,50 m Butterfly,Butterfly,Lucy Grieve,Women,Edinburgh International,B-Final,26.93,2024_25,LC,26.98,26.98,current_season,99.81467753891772,True,26.69
c3fc00cb-011d-4b3b-bdb0-d29a3f8b2e95,50,2025-05-25,50,False,50 m Butterfly,Butterfly,Lucy Grieve,Women,AP International,Final,26.91,2024_25,LC,26.93,26.93,current_season,99.92573338284441,True,26.69
d04263df-97f3-40ed-ac8f-f8b609c04576,50,2025-05-25,50,False,50 m Butterfly,Butterfly,Lucy Grieve,Women,AP International,Heat,27.28,2024_25,LC,26.91,26.91,current_season,101.37495354886659,False,26.69
aa697e6b-3fb9-41eb-956d-83674b40bc07,50,2025-06-28,50,False,50 m Butterfly,Butterfly,Lucy Grieve,Women,European U23 Championships,Heat,27.29,2024_25,LC,26.91,26.91,current_season,101.4121144555927,False,26.69
19e3d8e2-fbc5-4704-afcf-6dfcb45785bc,50,2025-07-23,50,False,50 m Butterfly,Butterfly,Lucy Grieve,Women,British Summer Championships,Final,26.86,2024_25,LC,26.91,26.91,current_season,99.81419546636938,True,26.69
b9ba9414-a048-43c2-ba9a-7bef571bca43,50,2025-07-23,50,False,50 m Butterfly,Butterfly,Lucy Grieve,Women,British Summer Championships,Heat,27.1,2024_25,LC,26.86,26.86,current_season,100.89352196574832,False,26.69
24b64516-c3f3-4182-b82f-955d9809b401,50,2022-04-07,50,False,50 m Freestyle,Freestyle,Lucy Grieve,Women,British Championships,Heat,27.35,2021_22,LC,27.18,27.18,current_season,100.62545989698309,False,
0d5f0856-68e6-4cac-92c3-2abeb2747328,50,2022-07-25,50,False,50 m Freestyle,Freestyle,Lucy Grieve,Women,British Summer Championships,Final,26.72,2021_22,LC,27.18,27.18,current_season,98.30757910228108,True,
6eddde73-fcda-4257-a9f3-b1d5fb7ff26e,50,2022-07-25,50,False,50 m Freestyle,Freestyle,Lucy Grieve,Women,British Summer Championships,Heat,27.04,2021_22,LC,26.72,26.72,current_season,101.19760479041918,False,
33e00b5c-939f-4f56-88b8-1ecb744dfbfb,50,2023-02-25,50,False,50 m Freestyle,Freestyle,Lucy Grieve,Women,BUCS Championships,Heat,27.08,2022_23,LC,,26.72,prior_season,101.34730538922156,False,26.72
ff8f8334-f30e-4266-85ce-22a0e3f6c474,50,2023-04-06,50,False,50 m Freestyle,Freestyle,Lucy Grieve,Women,British Championships,Heat,26.82,2022_23,LC,27.08,27.08,current_season,99.03988183161006,True,26.72
6ddea033-af3b-4ad3-a859-9c8d74ea1242,50,2022-02-24,100,False,100 m Freestyle,Freestyle,Lucy Hope,Women,Dave McCullagh Int LC,Heat,56.23,2021_22,LC,55.26,55.26,current_season,101.75533840028955,False,
78d4f9e3-c552-430b-83c0-6a28275d32e0,50,2022-02-24,100,False,100 m Freestyle,Freestyle,Lucy Hope,Women,Dave McCullagh Int LC,Final,55.45,2021_22,LC,55.26,55.26,current_season,100.34382917119073,False,
9f6b9436-67f2-413e-bfb8-60f180bd40d8,50,2022-03-13,100,False,100 m Freestyle,Freestyle,Lucy Hope,Women,Edinburgh International,Final,55.29,2021_22,LC,55.26,55.26,current_season,100.0542888165038,False,
cf634461-7032-49ae-b837-4da0e5b50846,50,2022-03-13,100,False,100 m Freestyle,Freestyle,Lucy Hope,Women,Edinburgh International,Heat,55.57,2021_22,LC,55.26,55.26,current_season,100.56098443720593,False,
4951c8be-3be2-4ee2-a7e0-bc0f8de481d1,50,2022-03-24,100,False,100 m Freestyle,Freestyle,Lucy Hope,Women,Time Trial,Final,55.51,2021_22,LC,55.26,55.26,current_season,100.45240680419833,False,
9f2a6e99-eab0-400e-841c-f8a9ef5d586c,50,2022-03-24,100,False,100 m Freestyle,Freestyle,Lucy Hope,Women,Time Trial,B-Final,55.07,2021_22,LC,55.26,55.26,current_season,99.65617082880927,True,
0ea8a4b7-18ba-446e-b717-8a427ebe4945,50,2022-04-08,100,False,100 m Freestyle,Freestyle,Lucy Hope,Women,British Championships,Heat,55.57,2021_22,LC,55.07,55.07,current_season,100.90793535500273,False,
44f6e50b-abf6-495e-a248-ef37ad33a0b3,50,2022-04-08,100,False,100 m Freestyle,Freestyle,Lucy Hope,Women,British Championships,Final,55.14,2021_22,LC,55.07,55.07,current_season,100.12711094970037,False,
0284942e-dc5e-444b-9012-d2524cd4d20b,50,2022-05-29,100,False,100 m Freestyle,Freestyle,Lucy Hope,Women,Glasgow International,Final,55.8,2021_22,LC,55.07,55.07,current_season,101.32558561830398,False,
772499f7-79e2-4c0d-bdd8-bbe529daf812,50,2022-05-29,100,False,100 m Freestyle,Freestyle,Lucy Hope,Women,Glasgow International,Heat,55.74,2021_22,LC,55.07,55.07,current_season,101.21663337570365,False,
4776429a-1418-4f81-8260-38cd4bccc2b4,50,2022-07-01,100,False,100 m Freestyle,Freestyle,Lucy Hope,Women,Scottish Nationals,Heat,56.09,2021_22,LC,55.07,55.07,current_season,101.85218812420555,False,
c720cdae-2f4e-49d1-8bc9-f346c0158f15,50,2022-07-01,100,False,100 m Freestyle,Freestyle,Lucy Hope,Women,Scottish Nationals,Final,55.77,2021_22,LC,55.07,55.07,current_season,101.27110949700382,False,
1ce53501-1ec6-41cb-acdd-b327fcc917f2,50,2022-07-14,100,False,100 m Freestyle,Freestyle,Lucy Hope,Women,Time Trial,Time Trial,55.42,2021_22,LC,55.07,55.07,current_season,100.6355547485019,False,
21aaa630-ed25-4d78-b47a-248ea841b12d,50,2022-08-01,100,False,100 m Freestyle,Freestyle,Lucy Hope,Women,Commonwealth Games,Semi-Final,55.63,2021_22,LC,55.07,55.07,current_season,101.01688759760306,False,
b2a200ad-2cc6-44a2-b039-cd32ae640bb6,50,2022-08-01,100,False,100 m Freestyle,Freestyle,Lucy Hope,Women,Commonwealth Games,Heat,55.87,2021_22,LC,55.07,55.07,current_season,101.45269656800436,False,
0b859548-ff5f-4ec3-a1ad-54e9176601ed,50,2022-08-11,100,False,100 m Freestyle,Freestyle,Lucy Hope,Women,European Championships,Semi-Final,55.15,2021_22,LC,55.07,55.07,current_season,100.14526965680044,False,
7c219072-bce0-423e-b060-12ed0845fdb7,50,2022-08-11,100,False,100 m Freestyle,Freestyle,Lucy Hope,Women,European Championships,Heat,55.57,2021_22,LC,55.07,55.07,current_season,100.90793535500273,False,
a6667194-b6cb-4b18-b4a7-261e0a23dd1e,50,2023-02-16,100,False,100 m Freestyle,Freestyle,Lucy Hope,Women,Time Trial,Time Trial,55.83,2022_23,LC,,55.07,prior_season,101.38006173960414,False,55.07
51029ba8-9fb7-4d5e-8437-b9f7e392c0a5,50,2023-02-26,100,False,100 m Freestyle,Freestyle,Lucy Hope,Women,BUCS Championships,Heat,55.69,2022_23,LC,55.83,55.83,current_season,99.74923876052301,True,55.07
72823119-5316-488f-a1d3-e0c7790c956b,50,2023-03-12,100,False,100 m Freestyle,Freestyle,Lucy Hope,Women,Edinburgh International,Heat,55.8,2022_23,LC,55.69,55.69,current_season,100.19752199676782,False,55.07
ca35d66f-d53a-431e-be0b-d3aea98cc703,50,2023-03-12,100,False,100 m Freestyle,Freestyle,Lucy Hope,Women,Edinburgh International,Final,55.16,2022_23,LC,55.69,55.69,current_season,99.04830310648232,True,55.07
397efdc9-9c04-463b-8fac-c439a8058636,50,2023-03-21,100,False,100 m Freestyle,Freestyle,Lucy Hope,Women,Time Trial,Time Trial,55.93,2022_23,LC,55.16,55.16,current_season,101.39593908629443,False,55.07
7a7c39ea-1120-4a02-a1c3-76ecd2569b03,50,2023-04-07,100,False,100 m Freestyle,Freestyle,Lucy Hope,Women,British Championships,Final,54.34,2022_23,LC,55.16,55.16,current_season,98.51341551849167,True,55.07
bbda3b35-af2a-4ccd-af44-2b1e63efc31d,50,2023-04-07,100,False,100 m Freestyle,Freestyle,Lucy Hope,Women,British Championships,Heat,54.9,2022_23,LC,54.34,54.34,current_season,101.03054839896943,False,55.07
feb0e72d-99ac-4b51-9ada-a4dd12b29610,50,2023-05-28,100,False,100 m Freestyle,Freestyle,Lucy Hope,Women,Glasgow International,Final,55.35,2022_23,LC,54.34,54.34,current_season,101.85866764814133,False,55.07
6bb5f3ac-3b34-41dc-a3d0-55272fa3de04,50,2023-06-24,100,False,100 m Freestyle,Freestyle,Lucy Hope,Women,Sette Colli,B-Final,54.98,2022_23,LC,54.34,54.34,current_season,101.17776959882221,False,55.07
d58ae959-d439-4783-a84b-8466bb32467a,50,2023-06-24,100,False,100 m Freestyle,Freestyle,Lucy Hope,Women,Sette Colli,Heat,55.06,2022_23,LC,54.34,54.34,current_season,101.324990798675,False,55.07
91e11e92-4baa-4f3d-adb9-9e1af3eac409,50,2023-06-30,100,False,100 m Freestyle,Freestyle,Lucy Hope,Women,Scottish Nationals,Final,55.19,2022_23,LC,54.34,54.34,current_season,101.56422524843576,False,55.07
d295ca47-1949-4b48-aa42-ceb14665376b,50,2023-06-30,100,False,100 m Freestyle,Freestyle,Lucy Hope,Women,Scottish Nationals,Heat,56.35,2022_23,LC,54.34,54.34,current_season,103.69893264630106,False,55.07
fef6a7f5-b9a0-42d8-b607-ef75a2581037,50,2023-12-15,100,False,100 m Freestyle,Freestyle,Lucy Hope,Women,Time Trial,Heat,55.66,2023_24,LC,,54.34,prior_season,102.42914979757083,False,54.34
84b2b03d-bec6-4b6c-b8a3-dff44649b7e0,50,2024-03-10,100,False,100 m Freestyle,Freestyle,Lucy Hope,Women,Edinburgh International,Heat,56.39,2023_24,LC,55.66,55.66,current_season,101.3115343154869,False,54.34
e48be41a-75d7-4b3a-8103-137b5227f659,50,2024-03-10,100,False,100 m Freestyle,Freestyle,Lucy Hope,Women,Edinburgh International,Final,55.96,2023_24,LC,55.66,55.66,current_season,100.53898670499461,False,54.34
405cf019-9546-4046-9c37-df1210ac8458,50,2024-04-07,100,False,100 m Freestyle,Freestyle,Lucy Hope,Women,British Championships,Heat,55.4,2023_24,LC,55.66,55.66,current_season,99.53287818900466,True,54.34
5dc0daa3-628d-4c0d-9f5d-3b49a9b8528e,50,2024-04-07,100,False,100 m Freestyle,Freestyle,Lucy Hope,Women,British Championships,Final,55.35,2023_24,LC,55.4,55.4,current_season,99.90974729241879,True,54.34
aa61b2ba-b20c-45ff-a274-8e717b015140,50,2024-05-27,100,False,100 m Freestyle,Freestyle,Lucy Hope,Women,AP International,Heat,55.29,2023_24,LC,55.35,55.35,current_season,99.89159891598915,True,54.34
d299194c-0c99-4dc3-b2d8-b31da1b306ff,50,2024-05-27,100,False,100 m Freestyle,Freestyle,Lucy Hope,Women,AP International,Final,55.39,2023_24,LC,55.29,55.29,current_season,100.1808645324652,False,54.34
25027c71-4ed1-4b6a-a555-27d421f65d9e,50,2024-06-22,100,False,100 m Freestyle,Freestyle,Lucy Hope,Women,Sette Colli,Heat,55.14,2023_24,LC,55.29,55.29,current_season,99.72870320130222,True,54.34
9aa985ed-b40f-4ade-8338-185b58913b58,50,2024-06-22,100,False,100 m Freestyle,Freestyle,Lucy Hope,Women,Sette Colli,B-Final,55.67,2023_24,LC,55.14,55.14,current_season,100.96118969894815,False,54.34
739caebf-e190-4460-a545-df411ae5480d,50,2024-06-28,100,False,100 m Freestyle,Freestyle,Lucy Hope,Women,Scottish Nationals,Heat,55.87,2023_24,LC,55.14,55.14,current_season,101.3239027928908,False,54.34
976025ad-e350-4b46-bd66-5a842e43cb7a,50,2024-06-28,100,False,100 m Freestyle,Freestyle,Lucy Hope,Women,Scottish Nationals,Final,54.9,2023_24,LC,55.14,55.14,current_season,99.56474428726877,True,54.34
c7d127fc-44de-4016-aa2a-1a892f6a3f96,50,2025-02-21,100,False,100 m Freestyle,Freestyle,Lucy Hope,Women,Dave McCullagh Int LC,Final,55.74,2024_25,LC,,54.9,prior_season,101.53005464480876,False,54.9
280e8680-243c-4168-ada5-3cc77772de63,50,2025-03-16,100,False,100 m Freestyle,Freestyle,Lucy Hope,Women,Edinburgh International,Heat,55.8,2024_25,LC,55.74,55.74,current_season,100.10764262648009,False,54.9
b430f2ca-5b00-45e7-8f85-448abf0bd557,50,2025-03-16,100,False,100 m Freestyle,Freestyle,Lucy Hope,Women,Edinburgh International,Final,55.78,2024_25,LC,55.74,55.74,current_season,100.07176175098674,False,54.9
7ddda0cf-9d82-4063-865d-0f13b9728589,50,2025-04-20,100,False,100 m Freestyle,Freestyle,Lucy Hope,Women,British Championships,Heat,55.53,2024_25,LC,55.74,55.74,current_season,99.62325080731969,True,54.9
92f243f8-8b68-4c78-a7fa-7a62a0dae78b,50,2025-04-20,100,False,100 m Freestyle,Freestyle,Lucy Hope,Women,British Championships,Final,55.18,2024_25,LC,55.53,55.53,current_season,99.36971006663065,True,54.9
180cacee-7abd-4731-86d5-f65445c59637,50,2025-05-26,100,False,100 m Freestyle,Freestyle,Lucy Hope,Women,AP International,Heat,56.26,2024_25,LC,55.18,55.18,current_season,101.9572308807539,False,54.9
c54bb0cc-5ef8-4da1-9513-a92cc48952ca,50,2025-05-26,100,False,100 m Freestyle,Freestyle,Lucy Hope,Women,AP International,B-Final,56.65,2024_25,LC,55.18,55.18,current_season,102.66400869880393,False,54.9
856dba6d-c763-44e7-b7a8-40647c554f69,50,2025-06-27,100,False,100 m Freestyle,Freestyle,Lucy Hope,Women,Sette Colli,B-Final,56.2,2024_25,LC,55.18,55.18,current_season,101.84849583182314,False,54.9
a52ed5e1-ecb4-4617-97ff-76b888f59702,50,2025-06-27,100,False,100 m Freestyle,Freestyle,Lucy Hope,Women,Sette Colli,Heat,56.62,2024_25,LC,55.18,55.18,current_season,102.60964117433853,False,54.9
1176c13c-7ec0-4075-b12f-a2fde97f545d,50,2022-02-25,200,False,200 m Freestyle,Freestyle,Lucy Hope,Women,Dave McCullagh Int LC,Final,122.14,2021_22,LC,121.85,121.85,current_season,100.2379975379565,False,
99da8cf7-37e3-44dc-af16-3ba5ac1e896b,50,2022-02-25,200,False,200 m Freestyle,Freestyle,Lucy Hope,Women,Dave McCullagh Int LC,Heat,124.29,2021_22,LC,121.85,121.85,current_season,102.00246204349612,False,
cabdce56-e218-4dc5-9185-119d19777110,50,2022-03-12,200,False,200 m Freestyle,Freestyle,Lucy Hope,Women,Edinburgh International,Final,120.45,2021_22,LC,121.85,121.85,current_season,98.85104636848585,True,
e416a7a4-7bd9-4a06-87b9-602e9a753af5,50,2022-03-12,200,False,200 m Freestyle,Freestyle,Lucy Hope,Women,Edinburgh International,Heat,121.37,2021_22,LC,120.45,120.45,current_season,100.76380240763802,False,
25582155-bfdc-44f9-b044-109474b88fd0,50,2022-03-22,200,False,200 m Freestyle,Freestyle,Lucy Hope,Women,Time Trial,Final,119.16,2021_22,LC,120.45,120.45,current_season,98.92901618929015,True,
65e76f21-c905-43ae-a13b-d04a4a669a3f,50,2022-04-05,200,False,200 m Freestyle,Freestyle,Lucy Hope,Women,British Championships,Heat,121.73,2021_22,LC,119.16,119.16,current_season,102.15676401477008,False,
85f41c44-fe26-447e-b76f-91c90b46afec,50,2022-04-05,200,False,200 m Freestyle,Freestyle,Lucy Hope,Women,British Championships,B-Final,119.7,2021_22,LC,119.16,119.16,current_season,100.45317220543808,False,
4db534d4-2728-4d54-8e19-55cf9e628486,50,2022-05-28,200,False,200 m Freestyle,Freestyle,Lucy Hope,Women,Glasgow International,Final,121.14,2021_22,LC,119.16,119.16,current_season,101.66163141993958,False,
beffb002-5156-4bef-84a6-7545026a4d34,50,2022-05-28,200,False,200 m Freestyle,Freestyle,Lucy Hope,Women,Glasgow International,Heat,121.03,2021_22,LC,119.16,119.16,current_season,101.56931856327627,False,
58003261-75b2-49c6-95dd-af70c5d0fe7b,50,2022-07-02,200,False,200 m Freestyle,Freestyle,Lucy Hope,Women,Scottish Nationals,Heat,122.86,2021_22,LC,119.16,119.16,current_season,103.1050688150386,False,
abf6f0c0-29da-464f-b543-c1811f07f127,50,2022-07-02,200,False,200 m Freestyle,Freestyle,Lucy Hope,Women,Scottish Nationals,Final,121.56,2021_22,LC,119.16,119.16,current_season,102.01409869083587,False,
1c7d8714-c5c3-46df-8d69-a0744080ccfa,50,2022-07-29,200,False,200 m Freestyle,Freestyle,Lucy Hope,Women,Commonwealth Games,Heat,120.01,2021_22,LC,119.16,119.16,current_season,100.71332661967102,False,
64482a3f-b4ed-4634-973b-4a714dd71b45,50,2022-07-29,200,False,200 m Freestyle,Freestyle,Lucy Hope,Women,Commonwealth Games,Final,119.74,2021_22,LC,119.16,119.16,current_season,100.48674051695198,False,
d25e2272-5983-45bd-a746-b9927c6d4344,50,2023-02-25,200,False,200 m Freestyle,Freestyle,Lucy Hope,Women,BUCS Championships,Heat,120.32,2022_23,LC,,119.16,prior_season,100.973481033904,False,119.16
2db8edb6-56a7-4429-81c1-a04f899037c3,50,2023-03-11,200,False,200 m Freestyle,Freestyle,Lucy Hope,Women,Edinburgh International,Heat,119.58,2022_23,LC,120.32,120.32,current_season,99.38497340425533,True,119.16
b0708d36-c4bf-46c7-9602-d602de735885,50,2023-03-11,200,False,200 m Freestyle,Freestyle,Lucy Hope,Women,Edinburgh International,Final,118.76,2022_23,LC,119.58,119.58,current_season,99.31426659976586,True,119.16
60506279-22dc-4b53-979d-aa80796d2b7f,50,2023-03-21,200,False,200 m Freestyle,Freestyle,Lucy Hope,Women,Time Trial,Time Trial,119.62,2022_23,LC,118.76,118.76,current_season,100.72414954530144,False,119.16
1512a060-7905-4d8e-8a17-11d06791a3f9,50,2023-04-04,200,False,200 m Freestyle,Freestyle,Lucy Hope,Women,British Championships,Heat,119.44,2022_23,LC,118.76,118.76,current_season,100.57258336140113,False,119.16
e2915a6f-194d-44f8-8cc2-44522e730cad,50,2023-04-04,200,False,200 m Freestyle,Freestyle,Lucy Hope,Women,British Championships,Final,118.03,2022_23,LC,118.76,118.76,current_season,99.38531492084877,True,119.16
1e883a22-fe15-4dae-bde6-19f142735a17,50,2023-05-27,200,False,200 m Freestyle,Freestyle,Lucy Hope,Women,Glasgow International,Final,119.24,2022_23,LC,118.03,118.03,current_season,101.02516309412862,False,119.16
e1ec2e6c-3387-48d4-93fb-2e8499e1c6d8,50,2023-06-08,200,False,200 m Freestyle,Freestyle,Lucy Hope,Women,Time Trial,Time Trial,119.92,2022_23,LC,118.03,118.03,current_season,101.60128780818437,False,119.16
2db8f831-f1d1-469a-8f48-76120aa57194,50,2023-06-23,200,False,200 m Freestyle,Freestyle,Lucy Hope,Women,Sette Colli,Final,117.76,2022_23,LC,118.03,118.03,current_season,99.7712445988308,True,119.16
4da4982b-03bd-4b57-832c-f7a0ef6e8f03,50,2023-06-23,200,False,200 m Freestyle,Freestyle,Lucy Hope,Women,Sette Colli,Heat,118.5,2022_23,LC,117.76,117.76,current_season,100.62839673913042,False,119.16
0da54fa3-6825-47c7-b486-62d4bce71bd9,50,2023-07-01,200,False,200 m Freestyle,Freestyle,Lucy Hope,Women,Scottish Nationals,Final,118.9,2022_23,LC,117.76,117.76,current_season,100.9680706521739,False,119.16
7adae067-e9fe-4687-ae87-a9ffdb94af28,50,2023-07-01,200,False,200 m Freestyle,Freestyle,Lucy Hope,Women,Scottish Nationals,Heat,123.72,2022_23,LC,117.76,117.76,current_season,105.06114130434783,False,119.16
c3613ef7-c7bb-48fa-8ef3-37a8918e735b,50,2023-12-14,200,False,200 m Freestyle,Freestyle,Lucy Hope,Women,Time Trial,Heat,121.15,2023_24,LC,,117.76,prior_season,102.87873641304348,False,117.76
cf14792f-4997-4a0b-9333-510c96b8a410,50,2023-12-14,200,False,200 m Freestyle,Freestyle,Lucy Hope,Women,Time Trial,Final,120.04,2023_24,LC,121.15,121.15,current_season,99.08378043747422,True,117.76
66f18acb-97c5-4dc9-b175-759381b4470a,50,2024-02-13,200,False,200 m Freestyle,Freestyle,Lucy Hope,Women,World Championships,Heat,119.56,2023_24,LC,120.04,120.04,current_season,99.60013328890369,True,117.76
48096a27-58ec-47ad-82ed-1517901e416c,50,2024-03-09,200,False,200 m Freestyle,Freestyle,Lucy Hope,Women,Edinburgh International,Final,119.63,2023_24,LC,119.56,119.56,current_season,100.05854800936767,False,117.76
80b29024-8286-494d-b060-7188754c949b,50,2024-03-09,200,False,200 m Freestyle,Freestyle,Lucy Hope,Women,Edinburgh International,Heat,121.24,2023_24,LC,119.56,119.56,current_season,101.40515222482436,False,117.76
1a258c61-91ed-48e4-aaa1-04143b2e3dc8,50,2024-04-02,200,False,200 m Freestyle,Freestyle,Lucy Hope,Women,British Championships,Final,118.81,2023_24,LC,119.56,119.56,current_season,99.37269989963198,True,117.76
fd0f1940-de8f-4b3d-ad7e-b0b23ade5331,50,2024-04-02,200,False,200 m Freestyle,Freestyle,Lucy Hope,Women,British Championships,Heat,118.98,2023_24,LC,118.81,118.81,current_season,100.14308559885532,False,117.76
699e5d01-4723-4135-861d-44c15f62c3a5,50,2024-05-26,200,False,200 m Freestyle,Freestyle,Lucy Hope,Women,AP International,Heat,120.86,2023_24,LC,118.81,118.81,current_season,101.72544398619645,False,117.76
c9376142-b65a-46d9-9129-52a2b9ff2d30,50,2024-05-26,200,False,200 m Freestyle,Freestyle,Lucy Hope,Women,AP International,Final,118.56,2023_24,LC,118.81,118.81,current_season,99.78958000168336,True,117.76
5fc3bcc5-4ae6-4019-8d91-544271df3cf5,50,2024-06-21,200,False,200 m Freestyle,Freestyle,Lucy Hope,Women,Sette Colli,B-Final,119.28,2023_24,LC,118.56,118.56,current_season,100.60728744939271,False,117.76
f55979f1-c485-4573-b438-f1a4f2516591,50,2024-06-21,200,False,200 m Freestyle,Freestyle,Lucy Hope,Women,Sette Colli,Heat,120.7,2023_24,LC,118.56,118.56,current_season,101.80499325236167,False,117.76
18bd1072-bf15-47d0-a583-ed13cb514ada,50,2024-06-29,200,False,200 m Freestyle,Freestyle,Lucy Hope,Women,Scottish Nationals,Heat,122.84,2023_24,LC,118.56,118.56,current_season,103.60998650472335,False,117.76
73f24524-87fb-42d5-9f7a-c81ee35759ec,50,2024-06-29,200,False,200 m Freestyle,Freestyle,Lucy Hope,Women,Scottish Nationals,Final,119.66,2023_24,LC,118.56,118.56,current_season,100.92780026990553,False,117.76
b1bb9e4b-ef17-4dfe-ace9-6528724156db,50,2025-02-22,200,False,200 m Freestyle,Freestyle,Lucy Hope,Women,Dave McCullagh Int LC,Final,120.56,2024_25,LC,,118.56,prior_season,101.68690958164643,False,118.56
426be02c-d851-44c8-b25e-4311ecf2b0e5,50,2025-03-15,200,False,200 m Freestyle,Freestyle,Lucy Hope,Women,Edinburgh International,Final,119.74,2024_25,LC,120.56,120.56,current_season,99.31984074319841,True,118.56
931bf66d-bb2c-4639-bfc2-6d27d7480cd9,50,2025-03-15,200,False,200 m Freestyle,Freestyle,Lucy Hope,Women,Edinburgh International,Heat,121.39,2024_25,LC,119.74,119.74,current_season,101.37798563554368,False,118.56
78969b17-1947-4ba0-b54e-5ff769cf8250,50,2025-04-15,200,False,200 m Freestyle,Freestyle,Lucy Hope,Women,British Championships,Heat,119.37,2024_25,LC,119.74,119.74,current_season,99.69099716051446,True,118.56
d6ffb52b-fc76-42e8-8726-ca56ec7b9004,50,2025-04-15,200,False,200 m Freestyle,Freestyle,Lucy Hope,Women,British Championships,Final,119.24,2024_25,LC,119.37,119.37,current_season,99.89109491497025,True,118.56
50045a2c-f11b-4820-b00e-7829afde640b,50,2025-05-25,200,False,200 m Freestyle,Freestyle,Lucy Hope,Women,AP International,Final,121.91,2024_25,LC,119.24,119.24,current_season,102.23918148272392,False,118.56
c5d8c5b6-e6c4-4047-aa9d-b1f83c22e3d7,50,2025-05-25,200,False,200 m Freestyle,Freestyle,Lucy Hope,Women,AP International,Heat,121.56,2024_25,LC,119.24,119.24,current_season,101.94565582019457,False,118.56
e74b0b51-eee4-4a3e-baec-f2d5aaab070a,50,2025-06-26,200,False,200 m Freestyle,Freestyle,Lucy Hope,Women,Sette Colli,Heat,122.58,2024_25,LC,119.24,119.24,current_season,102.80107346528011,False,118.56
1b028289-c0c9-4a9f-8b0d-2ac19cb1b967,50,2023-02-26,400,False,400 m Freestyle,Freestyle,Lucy Hope,Women,BUCS Championships,Heat,260.47,2022_23,LC,253.36,253.36,current_season,102.8062835491001,False,
751497b2-ced7-42ac-93c4-b47429ef3d58,50,2023-05-28,400,False,400 m Freestyle,Freestyle,Lucy Hope,Women,Glasgow International,Final,255.1,2022_23,LC,253.36,253.36,current_season,100.68676981370382,False,
4c3cd24e-125d-42e0-8f96-e1703b82b934,50,2023-06-25,400,False,400 m Freestyle,Freestyle,Lucy Hope,Women,Sette Colli,Heat,255.54,2022_23,LC,253.36,253.36,current_season,100.86043574360592,False,
7f0e75a2-3523-4513-808c-96097f1917b8,50,2023-06-25,400,False,400 m Freestyle,Freestyle,Lucy Hope,Women,Sette Colli,Final,257.21,2022_23,LC,253.36,253.36,current_season,101.5195768866435,False,
7de8da04-790e-40f8-a4b5-35daee1ed431,50,2024-03-08,400,False,400 m Freestyle,Freestyle,Lucy Hope,Women,Edinburgh International,Final,255.51,2023_24,LC,,253.36,prior_season,100.84859488474895,False,253.36
eac9f2f5-372b-4061-bee7-bbc926546bbf,50,2024-03-08,400,False,400 m Freestyle,Freestyle,Lucy Hope,Women,Edinburgh International,Heat,262.3,2023_24,LC,255.51,255.51,current_season,102.65743023756409,False,253.36
bbcdd4aa-4d1b-400c-bf24-3cead7d97969,50,2022-03-11,50,False,50 m Freestyle,Freestyle,Lucy Hope,Women,Edinburgh International,Heat,26.18,2021_22,LC,25.88,25.88,current_season,101.15919629057186,False,
dd1102d6-f50a-41d8-a8c6-2aefcfe166a6,50,2022-03-11,50,False,50 m Freestyle,Freestyle,Lucy Hope,Women,Edinburgh International,Final,25.98,2021_22,LC,25.88,25.88,current_season,100.38639876352396,False,
565ef286-fddd-4be7-bba4-2301ffc04761,50,2022-04-07,50,False,50 m Freestyle,Freestyle,Lucy Hope,Women,British Championships,Final,25.61,2021_22,LC,25.88,25.88,current_season,98.95672333848532,True,
607d83c1-3257-4b3c-8109-f18fa23ec9de,50,2022-04-07,50,False,50 m Freestyle,Freestyle,Lucy Hope,Women,British Championships,Heat,25.87,2021_22,LC,25.61,25.61,current_season,101.01522842639594,False,
12cdadb0-ada6-4381-becd-7870b02fd511,50,2022-05-27,50,False,50 m Freestyle,Freestyle,Lucy Hope,Women,Glasgow International,Final,26.08,2021_22,LC,25.61,25.61,current_season,101.8352206169465,False,
249f93e1-a91d-48ce-b95c-8d310c498c77,50,2022-05-27,50,False,50 m Freestyle,Freestyle,Lucy Hope,Women,Glasgow International,Heat,26.11,2021_22,LC,25.61,25.61,current_season,101.95236235845373,False,
0b96ebd2-f984-4a2c-ae15-57209b8e859b,50,2023-03-10,50,False,50 m Freestyle,Freestyle,Lucy Hope,Women,Edinburgh International,B-Final,25.8,2022_23,LC,,25.61,prior_season,100.74189769621242,False,25.61
e264d7c1-34bc-4414-83ab-ccb011a0f4b1,50,2023-03-10,50,False,50 m Freestyle,Freestyle,Lucy Hope,Women,Edinburgh International,Heat,26.16,2022_23,LC,25.8,25.8,current_season,101.39534883720931,False,25.61
c2ee1a87-d5c5-4beb-8f8c-689825aa3760,50,2025-03-14,50,False,50 m Freestyle,Freestyle,Lucy Hope,Women,Edinburgh International,Heat,26.26,2024_25,LC,25.92,25.92,current_season,101.31172839506173,False,
e40c5886-3e37-4a5f-b404-ef8d3cb410e2,50,2025-06-28,50,False,50 m Freestyle,Freestyle,Lucy Hope,Women,Sette Colli,Heat,26.45,2024_25,LC,25.92,25.92,current_season,102.04475308641973,False,
c542c9bf-dff5-497c-b22d-7986e66c3f2a,50,2023-04-09,1500,False,1500 m Freestyle,Freestyle,Michaella Glenister,Women,British Championships,Final,1004.51,2022_23,LC,,1032.11,prior_season,97.32586642896591,True,1032.11
9b5a2f24-26e1-461d-98ed-3ab913bc70d6,50,2024-04-03,1500,False,1500 m Freestyle,Freestyle,Michaella Glenister,Women,British Championships,Final,1000.43,2023_24,LC,,1004.51,prior_season,99.59383181849857,True,1004.51
801caba1-d646-4853-8036-bf04281786b5,50,2025-03-16,1500,False,1500 m Freestyle,Freestyle,Michaella Glenister,Women,Edinburgh International,Final,1023.68,2024_25,LC,,1000.43,prior_season,102.32400067970772,False,1000.43
b05f66fb-88b0-4fe7-9b5e-dfaab05c3562,50,2025-04-16,1500,False,1500 m Freestyle,Freestyle,Michaella Glenister,Women,British Championships,Final,1030.54,2024_25,LC,1023.68,1023.68,current_season,100.67013129102844,False,1000.43
57cc3d13-1f13-456b-8ed4-fdf9a0746585,50,2023-02-16,200,False,200 m Freestyle,Freestyle,Michaella Glenister,Women,Time Trial,Time Trial,126.5,2022_23,LC,,124.91,prior_season,101.27291649987991,False,124.91
3af3cf9a-6c0f-49cf-82f9-fe6c249a99cd,50,2024-05-26,200,False,200 m Freestyle,Freestyle,Michaella Glenister,Women,AP International,Heat,124.71,2023_24,LC,,126.5,prior_season,98.58498023715414,True,126.5
8aae350f-be93-41c9-b0b1-d9eab770eb69,50,2024-05-26,200,False,200 m Freestyle,Freestyle,Michaella Glenister,Women,AP International,B-Final,123.47,2023_24,LC,124.71,124.71,current_season,99.00569320824313,True,126.5
3ddef2d5-58e4-4756-872d-ade1781a88fd,50,2024-06-29,200,False,200 m Freestyle,Freestyle,Michaella Glenister,Women,Scottish Nationals,Heat,124.51,2023_24,LC,123.47,123.47,current_season,100.84230987284361,False,126.5
e776fb11-1a47-4f70-9ba7-fd8602dadc8f,50,2025-03-15,200,False,200 m Freestyle,Freestyle,Michaella Glenister,Women,Edinburgh International,Heat,125.53,2024_25,LC,,123.47,prior_season,101.66842147890176,False,123.47
4b668608-28c7-4d24-8bd5-c8333b5cdde2,50,2025-04-15,200,False,200 m Freestyle,Freestyle,Michaella Glenister,Women,British Championships,Heat,129.03,2024_25,LC,125.53,125.53,current_season,102.78817812475106,False,123.47
1b0d0554-54a0-42a7-be62-78cf3bfac8cb,50,2022-07-27,200,False,200 m IM,Medley,Michaella Glenister,Women,British Summer Championships,Final,141.66,2021_22,LC,140.34,140.34,current_season,100.94057289439931,False,
5244d621-61e3-49ee-a64e-a0260c57cc81,50,2022-07-27,200,False,200 m IM,Medley,Michaella Glenister,Women,British Summer Championships,Heat,142.67,2021_22,LC,140.34,140.34,current_season,101.66025366965938,False,
d80624a3-f634-4a6e-bbba-219904f8d2d7,50,2022-03-22,400,False,400 m Freestyle,Freestyle,Michaella Glenister,Women,Time Trial,Final,263.22,2021_22,LC,268.32,268.32,current_season,98.09928443649375,True,
9718f63d-a61f-40f2-9725-54c587b930f0,50,2022-04-09,400,False,400 m Freestyle,Freestyle,Michaella Glenister,Women,British Championships,C-Final,261.04,2021_22,LC,263.22,263.22,current_season,99.17179545627232,True,
fb2ec11c-14bb-429b-9424-777802414e9a,50,2022-04-09,400,False,400 m Freestyle,Freestyle,Michaella Glenister,Women,British Championships,Heat,263.89,2021_22,LC,261.04,261.04,current_season,101.09178669935642,False,
053ba793-6da3-4d73-a22d-f2f517f06bec,50,2022-06-16,400,False,400 m Freestyle,Freestyle,Michaella Glenister,Women,Time Trial,Final,257.29,2021_22,LC,261.04,261.04,current_season,98.5634385534784,True,
7db99d25-c3b8-4e8b-bce8-a7cb4143dbf8,50,2022-07-27,400,False,400 m Freestyle,Freestyle,Michaella Glenister,Women,British Summer Championships,Heat,259.75,2021_22,LC,257.29,257.29,current_season,100.95611955381088,False,
d2450bd3-92d7-4459-9c56-be9e7071bc58,50,2022-07-27,400,False,400 m Freestyle,Freestyle,Michaella Glenister,Women,British Summer Championships,Final,259.85,2021_22,LC,257.29,257.29,current_season,100.99498620233977,False,
1bef3264-9ba4-4811-8156-247285e6b3d6,50,2023-02-26,400,False,400 m Freestyle,Freestyle,Michaella Glenister,Women,BUCS Championships,Final,260.6,2022_23,LC,,257.29,prior_season,101.28648606630651,False,257.29
0d62b94e-bfbb-471e-a9f8-49265661fdc7,50,2023-03-10,400,False,400 m Freestyle,Freestyle,Michaella Glenister,Women,Edinburgh International,B-Final,260.38,2022_23,LC,260.6,260.6,current_season,99.91557943207981,True,257.29
47de3458-c881-4421-9563-7b344a190c8c,50,2023-03-10,400,False,400 m Freestyle,Freestyle,Michaella Glenister,Women,Edinburgh International,Heat,261.13,2022_23,LC,260.38,260.38,current_season,100.28804055611029,False,257.29
543591ac-41c9-4dae-a891-cd3d1ffc87bf,50,2023-04-08,400,False,400 m Freestyle,Freestyle,Michaella Glenister,Women,British Championships,Heat,256.1,2022_23,LC,260.38,260.38,current_season,98.35624855979724,True,257.29
84d3bbd3-ce0d-4b36-855b-a36c91e5ea97,50,2023-04-08,400,False,400 m Freestyle,Freestyle,Michaella Glenister,Women,British Championships,Final,254.56,2022_23,LC,256.1,256.1,current_season,99.39867239359624,True,257.29
3a8fe3c9-e4a7-4f78-8e4b-6d5f0aac2e85,50,2023-07-23,400,False,400 m Freestyle,Freestyle,Michaella Glenister,Women,British Summer Championships,Heat,261.79,2022_23,LC,254.56,254.56,current_season,102.84019484600881,False,257.29
4cf8786e-33f9-4165-9aae-c645047da0a5,50,2023-07-23,400,False,400 m Freestyle,Freestyle,Michaella Glenister,Women,British Summer Championships,Final,255.13,2022_23,LC,254.56,254.56,current_season,100.22391577624134,False,257.29
e4ed3ef3-213c-4a55-9148-c4c38e97e2bb,50,2024-03-08,400,False,400 m Freestyle,Freestyle,Michaella Glenister,Women,Edinburgh International,Heat,262.48,2023_24,LC,,254.56,prior_season,103.11125078566941,False,254.56
f6a2de90-1977-4774-b627-843c8b1b5786,50,2024-03-08,400,False,400 m Freestyle,Freestyle,Michaella Glenister,Women,Edinburgh International,Final,255.26,2023_24,LC,262.48,262.48,current_season,97.2493142334654,True,254.56
0bbe97ad-e60b-4401-a5e8-d57e453c9447,50,2024-04-05,400,False,400 m Freestyle,Freestyle,Michaella Glenister,Women,British Championships,Final,255.27,2023_24,LC,255.26,255.26,current_season,100.00391757423803,False,254.56
3319034e-f5cc-4f59-8dcc-5aff16f049ef,50,2024-04-05,400,False,400 m Freestyle,Freestyle,Michaella Glenister,Women,British Championships,Heat,257.28,2023_24,LC,255.26,255.26,current_season,100.79134999608242,False,254.56
77eeb5c3-f5d3-4bcc-92c2-8c0c34f4956c,50,2024-05-25,400,False,400 m Freestyle,Freestyle,Michaella Glenister,Women,AP International,Final,256.64,2023_24,LC,255.26,255.26,current_season,100.54062524484839,False,254.56
ebb8df62-e972-4494-9d3d-5531a435f6c3,50,2024-05-25,400,False,400 m Freestyle,Freestyle,Michaella Glenister,Women,AP International,Heat,261.0,2023_24,LC,255.26,255.26,current_season,102.24868761263026,False,254.56
07919602-df01-4612-91f8-e7dc421ed064,50,2024-06-30,400,False,400 m Freestyle,Freestyle,Michaella Glenister,Women,Scottish Nationals,Final,255.85,2023_24,LC,255.26,255.26,current_season,100.23113688004388,False,254.56
d97d972d-c23b-4945-9d28-7ee0badb9b2c,50,2024-06-30,400,False,400 m Freestyle,Freestyle,Michaella Glenister,Women,Scottish Nationals,Heat,265.23,2023_24,LC,255.26,255.26,current_season,103.90582151531773,False,254.56
fc20f94e-47da-43de-b2d6-6dff1a4907af,50,2025-02-16,400,False,400 m Freestyle,Freestyle,Michaella Glenister,Women,BUCS Championships,Final,260.51,2024_25,LC,,255.26,prior_season,102.05672647496671,False,255.26
3f8ebd2c-ad34-4ecf-a5cf-e3a72413ebeb,50,2025-03-14,400,False,400 m Freestyle,Freestyle,Michaella Glenister,Women,Edinburgh International,Final,259.41,2024_25,LC,260.51,260.51,current_season,99.57775133392194,True,255.26
40151da7-2fe5-48d8-ab8c-92ed53bee1b5,50,2025-03-14,400,False,400 m Freestyle,Freestyle,Michaella Glenister,Women,Edinburgh International,Heat,260.36,2024_25,LC,259.41,259.41,current_season,100.3662156431903,False,255.26
01f7425e-0146-4e26-9eb4-203e39dfee97,50,2025-04-18,400,False,400 m Freestyle,Freestyle,Michaella Glenister,Women,British Championships,Heat,262.49,2024_25,LC,259.41,259.41,current_season,101.18730966423809,False,255.26
2340898c-ad47-4496-ac7a-75d06cdc7fad,50,2025-04-18,400,False,400 m Freestyle,Freestyle,Michaella Glenister,Women,British Championships,B-Final,261.79,2024_25,LC,259.41,259.41,current_season,100.91746655872942,False,255.26
476ee823-b2de-4a57-9694-c987772c0b4c,50,2022-04-05,400,False,400 m IM,Medley,Michaella Glenister,Women,British Championships,Heat,302.12,2021_22,LC,306.43,306.43,current_season,98.59347975067715,True,
abb0561d-6081-4be5-9d05-eca430ddbf1d,50,2022-04-05,400,False,400 m IM,Medley,Michaella Glenister,Women,British Championships,B-Final,298.26,2021_22,LC,302.12,302.12,current_season,98.72236197537401,True,
8fd0d808-5432-4f50-b432-182b08cf1e33,50,2022-07-23,400,False,400 m IM,Medley,Michaella Glenister,Women,British Summer Championships,Final,294.79,2021_22,LC,298.26,298.26,current_season,98.83658552940389,True,
b80dd1f0-ed0d-4ed8-98e9-cdd0c52c4d4a,50,2023-04-04,400,False,400 m IM,Medley,Michaella Glenister,Women,British Championships,Heat,294.38,2022_23,LC,,294.79,prior_season,99.86091794158553,True,294.79
b9401c18-23fc-4327-88d1-215be308044f,50,2023-04-04,400,False,400 m IM,Medley,Michaella Glenister,Women,British Championships,Final,291.77,2022_23,LC,294.38,294.38,current_season,99.11339085535703,True,294.79
27175ff3-168e-40f0-81e2-a5c0c7aacddd,50,2024-03-09,400,False,400 m IM,Medley,Michaella Glenister,Women,Edinburgh International,Heat,300.84,2023_24,LC,,291.77,prior_season,103.10861294855536,False,291.77
9bf879cf-0ed3-474d-a020-6eccb4ea899a,50,2024-03-09,400,False,400 m IM,Medley,Michaella Glenister,Women,Edinburgh International,Final,293.36,2023_24,LC,300.84,300.84,current_season,97.51362850684751,True,291.77
37211f3c-9b44-4866-ae75-72a32bdffa81,50,2024-04-04,400,False,400 m IM,Medley,Michaella Glenister,Women,British Championships,Heat,293.53,2023_24,LC,293.36,293.36,current_season,100.05794927733842,False,291.77
e6e43653-4b56-4ca2-9d3f-53f4014ec30c,50,2024-04-04,400,False,400 m IM,Medley,Michaella Glenister,Women,British Championships,Final,290.11,2023_24,LC,293.36,293.36,current_season,98.89214616853013,True,291.77
8614b17b-8e08-48c4-8365-5ef84604bb20,50,2022-03-12,800,False,800 m Freestyle,Freestyle,Michaella Glenister,Women,Edinburgh International,Final,542.71,2021_22,LC,549.11,549.11,current_season,98.8344776092222,True,
c7cb4561-4f59-4557-9630-7e691cc489f2,50,2022-03-24,800,False,800 m Freestyle,Freestyle,Michaella Glenister,Women,Time Trial,Final,542.59,2021_22,LC,542.71,542.71,current_season,99.97788874352786,True,
80c9555a-28f8-42a3-924d-ac66775b9c8c,50,2022-04-06,800,False,800 m Freestyle,Freestyle,Michaella Glenister,Women,British Championships,Final,542.92,2021_22,LC,542.59,542.59,current_season,100.06081940323264,False,
7a0a36f4-002b-4cba-b740-77bf41eaf9ce,50,2022-07-24,800,False,800 m Freestyle,Freestyle,Michaella Glenister,Women,British Summer Championships,B-Final,530.56,2021_22,LC,542.59,542.59,current_season,97.78285630033724,True,
0ec58011-bdea-4ead-97e6-a5dee744c491,50,2023-03-11,800,False,800 m Freestyle,Freestyle,Michaella Glenister,Women,Edinburgh International,Final,533.55,2022_23,LC,,530.56,prior_season,100.56355548854042,False,530.56
1ca8a2ac-8f0f-4a6e-8bba-5845e6fca227,50,2023-04-05,800,False,800 m Freestyle,Freestyle,Michaella Glenister,Women,British Championships,Final,522.26,2022_23,LC,533.55,533.55,current_season,97.88398463124356,True,530.56
bd8a0fc1-221a-4bb6-bcb8-100a62722432,50,2024-04-07,800,False,800 m Freestyle,Freestyle,Michaella Glenister,Women,British Championships,Final,523.0,2023_24,LC,,522.26,prior_season,100.14169187760886,False,522.26
7dba039c-4a34-4d25-8fb8-72a0b6db0f6a,50,2024-05-27,800,False,800 m Freestyle,Freestyle,Michaella Glenister,Women,AP International,Final,531.77,2023_24,LC,523.0,523.0,current_season,101.67686424474186,False,522.26
37c58bb0-a979-4927-b8b3-74eee2e87482,50,2024-06-28,800,False,800 m Freestyle,Freestyle,Michaella Glenister,Women,Scottish Nationals,Final,526.68,2023_24,LC,523.0,523.0,current_season,100.70363288718929,False,522.26
59de34a2-727a-45c1-ad49-c7062d65c5c7,50,2025-02-15,800,False,800 m Freestyle,Freestyle,Michaella Glenister,Women,BUCS Championships,Heat,530.13,2024_25,LC,,523.0,prior_season,101.36328871892925,False,523.0
77506a11-8b36-49c2-9f3e-36590e127129,50,2023-02-16,100,False,100 m Breaststroke,Breaststroke,Rory Dickson,Men,Time Trial,Final,63.79,2022_23,LC,63.85,63.85,current_season,99.90602975724353,True,
20f2fbc0-e2cb-4065-b23c-b8ebdb252baf,50,2023-02-26,100,False,100 m Breaststroke,Breaststroke,Rory Dickson,Men,BUCS Championships,Final,63.6,2022_23,LC,63.79,63.79,current_season,99.70214767204891,True,
cd5134c9-8af1-4fe7-8392-bba9a634fffe,50,2023-02-26,100,False,100 m Breaststroke,Breaststroke,Rory Dickson,Men,BUCS Championships,Heat,63.45,2022_23,LC,63.6,63.6,current_season,99.76415094339622,True,
0d43d0b8-1e33-4282-a253-13697c5ad0b4,50,2023-03-11,100,False,100 m Breaststroke,Breaststroke,Rory Dickson,Men,Edinburgh International,B-Final,63.42,2022_23,LC,63.45,63.45,current_season,99.95271867612293,True,
9eaa1fe2-7e01-481f-b58c-8654fb988bef,50,2023-03-11,100,False,100 m Breaststroke,Breaststroke,Rory Dickson,Men,Edinburgh International,Heat,64.35,2022_23,LC,63.42,63.42,current_season,101.46641438032165,False,
5c84abb6-04d6-4e9a-9834-fc75ac6ff981,50,2023-03-21,100,False,100 m Breaststroke,Breaststroke,Rory Dickson,Men,Time Trial,Time Trial,63.48,2022_23,LC,63.42,63.42,current_season,100.09460737937559,False,
3a88857a-b560-4459-be47-a463ee0b4b25,50,2023-04-04,100,False,100 m Breaststroke,Breaststroke,Rory Dickson,Men,British Championships,Final,61.95,2022_23,LC,63.42,63.42,current_season,97.68211920529801,True,
d46847ef-49dd-4f65-8a1a-2fd841c15b76,50,2023-04-04,100,False,100 m Breaststroke,Breaststroke,Rory Dickson,Men,British Championships,Heat,62.35,2022_23,LC,61.95,61.95,current_season,100.6456820016142,False,
4bbca746-30d6-4a5e-8d26-6ea37bb67ce3,50,2023-05-27,100,False,100 m Breaststroke,Breaststroke,Rory Dickson,Men,Glasgow International,Final,64.11,2022_23,LC,61.95,61.95,current_season,103.48668280871671,False,
0a5a4b0e-e8c2-45ba-9c0d-68fe84ecef1b,50,2023-06-08,100,False,100 m Breaststroke,Breaststroke,Rory Dickson,Men,Time Trial,Time Trial,63.47,2022_23,LC,61.95,61.95,current_season,102.45359160613397,False,
2b424c4c-2029-44f9-bae6-ac1fd1f104a3,50,2023-06-30,100,False,100 m Breaststroke,Breaststroke,Rory Dickson,Men,Scottish Nationals,Heat,63.26,2022_23,LC,61.95,61.95,current_season,102.11460855528651,False,
a9614aa8-18e0-495f-b45f-6a7712e442fd,50,2023-06-30,100,False,100 m Breaststroke,Breaststroke,Rory Dickson,Men,Scottish Nationals,Final,62.99,2022_23,LC,61.95,61.95,current_season,101.67877320419694,False,
192e6e7e-2eda-4ea1-9680-7bde21a780eb,50,2023-07-23,100,False,100 m Breaststroke,Breaststroke,Rory Dickson,Men,British Summer Championships,Heat,62.46,2022_23,LC,61.95,61.95,current_season,100.82324455205811,False,
6cb34f4d-ca15-425a-b9ce-d8a85cb29f71,50,2023-07-23,100,False,100 m Breaststroke,Breaststroke,Rory Dickson,Men,British Summer Championships,Final,61.32,2022_23,LC,61.95,61.95,current_season,98.98305084745762,True,
a749b4ae-9459-47ed-850f-cfe288b981ed,50,2023-12-03,100,False,100 m Breaststroke,Breaststroke,Rory Dickson,Men,Rotterdam Qualification Meet,B-Final,62.16,2023_24,LC,,61.32,prior_season,101.36986301369862,False,61.32
8fcdb786-adaf-4546-9892-eaf999466605,50,2024-02-24,100,False,100 m Breaststroke,Breaststroke,Rory Dickson,Men,BUCS Championships,Heat,62.27,2023_24,LC,62.16,62.16,current_season,100.17696267696267,False,61.32
d783dd1d-a25e-4a27-9b8d-4a85ec10010b,50,2024-02-24,100,False,100 m Breaststroke,Breaststroke,Rory Dickson,Men,BUCS Championships,Final,61.83,2023_24,LC,62.16,62.16,current_season,99.46911196911196,True,61.32
51759859-f676-4d72-a0bd-10f5a0b3e350,50,2024-03-09,100,False,100 m Breaststroke,Breaststroke,Rory Dickson,Men,Edinburgh International,Heat,62.44,2023_24,LC,61.83,61.83,current_season,100.9865760957464,False,61.32
a5c54987-9edc-4444-a61f-dde353e0abb3,50,2024-03-09,100,False,100 m Breaststroke,Breaststroke,Rory Dickson,Men,Edinburgh International,Final,62.29,2023_24,LC,61.83,61.83,current_season,100.7439754164645,False,61.32
64bf56e0-f9b8-4032-8bcb-d4823d69bf34,50,2024-04-02,100,False,100 m Breaststroke,Breaststroke,Rory Dickson,Men,British Championships,Heat,61.62,2023_24,LC,61.83,61.83,current_season,99.66035904900534,True,61.32
abe6fb85-4239-4156-8c5c-70501356def0,50,2024-04-02,100,False,100 m Breaststroke,Breaststroke,Rory Dickson,Men,British Championships,Final,61.28,2023_24,LC,61.62,61.62,current_season,99.44823109380071,True,61.32
d95868b5-2ca7-458a-8b94-cd8298204ff2,50,2024-06-21,100,False,100 m Breaststroke,Breaststroke,Rory Dickson,Men,Sette Colli,Heat,63.15,2023_24,LC,61.28,61.28,current_season,103.05156657963445,False,61.32
b3b358f1-cb1f-4094-b305-1ede625cc04c,50,2024-06-28,100,False,100 m Breaststroke,Breaststroke,Rory Dickson,Men,Scottish Nationals,Heat,62.97,2023_24,LC,61.28,61.28,current_season,102.75783289817232,False,61.32
c8bb3cef-5505-4a52-8835-83f27f50c006,50,2024-06-28,100,False,100 m Breaststroke,Breaststroke,Rory Dickson,Men,Scottish Nationals,Final,63.07,2023_24,LC,61.28,61.28,current_season,102.92101827676241,False,61.32
f26ca664-4263-4c21-99c6-981da5ab948e,50,2024-07-04,100,False,100 m Breaststroke,Breaststroke,Rory Dickson,Men,Time Trial,Time Trial,62.34,2023_24,LC,61.28,61.28,current_season,101.72976501305484,False,61.32
cb7d6365-366d-4b46-aef3-91a585bc3bbe,50,2024-07-21,100,False,100 m Breaststroke,Breaststroke,Rory Dickson,Men,British Summer Championships,Final,61.15,2023_24,LC,61.28,61.28,current_season,99.78785900783289,True,61.32
d6cfe8b5-58d6-4668-ab38-298cff63c2f8,50,2024-07-21,100,False,100 m Breaststroke,Breaststroke,Rory Dickson,Men,British Summer Championships,Heat,61.61,2023_24,LC,61.15,61.15,current_season,100.7522485690924,False,61.32
aaf96792-73d3-45ec-8fb9-601b7eeb1e2b,50,2025-01-31,100,False,100 m Breaststroke,Breaststroke,Rory Dickson,Men,Time Trial,Time Trial,63.22,2024_25,LC,,61.15,prior_season,103.38511856091579,False,61.15
e9facf30-8eba-4a33-a9f9-d9248e83bad7,50,2025-02-15,100,False,100 m Breaststroke,Breaststroke,Rory Dickson,Men,BUCS Championships,Final,62.88,2024_25,LC,63.22,63.22,current_season,99.46219550775072,True,61.15
4b284d76-34ed-46bd-af91-6c90f1d981a3,50,2025-03-15,100,False,100 m Breaststroke,Breaststroke,Rory Dickson,Men,Edinburgh International,Final,62.05,2024_25,LC,62.88,62.88,current_season,98.68002544529261,True,61.15
a0eb2787-bd65-4ee0-a6d2-65e516cbc21c,50,2025-03-15,100,False,100 m Breaststroke,Breaststroke,Rory Dickson,Men,Edinburgh International,Heat,62.77,2024_25,LC,62.05,62.05,current_season,101.16035455278003,False,61.15
e841dc61-de07-498b-b838-6322f9258023,50,2025-03-27,100,False,100 m Breaststroke,Breaststroke,Rory Dickson,Men,Time Trial,Time Trial,61.91,2024_25,LC,62.05,62.05,current_season,99.77437550362612,True,61.15
0dc1e7a4-fdfd-435e-bd67-ed2df36637a6,50,2025-04-15,100,False,100 m Breaststroke,Breaststroke,Rory Dickson,Men,British Championships,Final,60.93,2024_25,LC,61.91,61.91,current_season,98.41705701825231,True,61.15
5c305145-4254-4c04-a0a1-7214227dd607,50,2025-04-15,100,False,100 m Breaststroke,Breaststroke,Rory Dickson,Men,British Championships,Heat,61.25,2024_25,LC,60.93,60.93,current_season,100.5251928442475,False,61.15
d91886d9-9a61-460d-8253-1b62df7da284,50,2025-06-28,100,False,100 m Breaststroke,Breaststroke,Rory Dickson,Men,European U23 Championships,Heat,61.77,2024_25,LC,60.93,60.93,current_season,101.3786312161497,False,61.15
83078377-b3e9-4eaf-af79-62b0e57009ef,50,2025-07-20,100,False,100 m Breaststroke,Breaststroke,Rory Dickson,Men,British Summer Championships,Final,61.05,2024_25,LC,60.93,60.93,current_season,100.19694731659281,False,61.15
6cc8d1d7-cc5e-4c23-b8ac-c71afcb69a31,50,2023-04-07,200,False,200 m Breaststroke,Breaststroke,Rory Dickson,Men,British Championships,Heat,138.46,2022_23,LC,141.48,141.48,current_season,97.86542267458299,True,
b9993169-0c27-44e1-a0e8-54307db1855f,50,2023-04-07,200,False,200 m Breaststroke,Breaststroke,Rory Dickson,Men,British Championships,B-Final,136.87,2022_23,LC,138.46,138.46,current_season,98.85165390726563,True,
b3b57c6f-d8db-4f99-b803-21b04f9ac169,50,2023-05-28,200,False,200 m Breaststroke,Breaststroke,Rory Dickson,Men,Glasgow International,Final,141.38,2022_23,LC,136.87,136.87,current_season,103.29509753780958,False,
bcdcbfb2-3334-4f61-bccd-4a54aa1a9681,50,2023-07-26,200,False,200 m Breaststroke,Breaststroke,Rory Dickson,Men,British Summer Championships,Final,134.66,2022_23,LC,136.87,136.87,current_season,98.38532914444362,True,
e09006e2-3939-44fd-8bbe-d507388f3c04,50,2023-07-26,200,False,200 m Breaststroke,Breaststroke,Rory Dickson,Men,British Summer Championships,Heat,138.58,2022_23,LC,134.66,134.66,current_season,102.91103519976237,False,
0af40594-352c-4892-8de8-a90e3e0b6aa7,50,2023-12-01,200,False,200 m Breaststroke,Breaststroke,Rory Dickson,Men,Rotterdam Qualification Meet,Heat,140.36,2023_24,LC,,134.66,prior_season,104.232882815981,False,134.66
6ee0e972-a1a8-4b37-b157-1694392fbe99,50,2024-02-25,200,False,200 m Breaststroke,Breaststroke,Rory Dickson,Men,BUCS Championships,Heat,140.83,2023_24,LC,140.36,140.36,current_season,100.33485323453975,False,134.66
c964e8e8-90da-40c5-887e-e1e865ca1681,50,2024-02-25,200,False,200 m Breaststroke,Breaststroke,Rory Dickson,Men,BUCS Championships,Final,138.01,2023_24,LC,140.36,140.36,current_season,98.3257338273012,True,134.66
30050688-6235-48de-aaf5-e20996e2d3c1,50,2024-03-08,200,False,200 m Breaststroke,Breaststroke,Rory Dickson,Men,Edinburgh International,Heat,140.52,2023_24,LC,138.01,138.01,current_season,101.81870878921819,False,134.66
7581feed-7619-402e-8889-d239ce1d82e8,50,2024-03-08,200,False,200 m Breaststroke,Breaststroke,Rory Dickson,Men,Edinburgh International,B-Final,138.52,2023_24,LC,138.01,138.01,current_season,100.36953843924354,False,134.66
61f637d8-f1e4-49e0-8ec7-4878b84b1c42,50,2024-04-06,200,False,200 m Breaststroke,Breaststroke,Rory Dickson,Men,British Championships,Final,134.23,2023_24,LC,138.01,138.01,current_season,97.26106803854793,True,134.66
e7453cd9-e78a-4eba-be81-4940ce720503,50,2024-04-06,200,False,200 m Breaststroke,Breaststroke,Rory Dickson,Men,British Championships,Heat,136.46,2023_24,LC,134.23,134.23,current_season,101.6613275720778,False,134.66
b161d937-3c34-4e7c-98d6-0c622b978e8b,50,2024-06-29,200,False,200 m Breaststroke,Breaststroke,Rory Dickson,Men,Scottish Nationals,Final,139.77,2023_24,LC,134.23,134.23,current_season,104.12724428220221,False,134.66
eb2700fd-0092-48e3-b900-6dad630f3c0e,50,2024-06-29,200,False,200 m Breaststroke,Breaststroke,Rory Dickson,Men,Scottish Nationals,Heat,139.83,2023_24,LC,134.23,134.23,current_season,104.17194367876034,False,134.66
35f4ad3c-4380-4a78-9636-2a852e75fe75,50,2024-07-24,200,False,200 m Breaststroke,Breaststroke,Rory Dickson,Men,British Summer Championships,Final,134.36,2023_24,LC,134.23,134.23,current_season,100.09684869254268,False,134.66
cb3f05e0-023e-4236-a074-e6cb8ea8dd13,50,2024-07-24,200,False,200 m Breaststroke,Breaststroke,Rory Dickson,Men,British Summer Championships,Heat,139.88,2023_24,LC,134.23,134.23,current_season,104.20919317589212,False,134.66
0af749c0-6377-467e-bfe8-c225ef228d48,50,2025-02-16,200,False,200 m Breaststroke,Breaststroke,Rory Dickson,Men,BUCS Championships,Final,141.08,2024_25,LC,,134.23,prior_season,105.10318110705508,False,134.23
2ac94284-964d-44b1-ab72-20f0ffd11346,50,2025-03-14,200,False,200 m Breaststroke,Breaststroke,Rory Dickson,Men,Edinburgh International,B-Final,139.15,2024_25,LC,141.08,141.08,current_season,98.63198185426708,True,134.23
8509f6b3-034e-4b48-9e28-307de0b4aab0,50,2025-03-14,200,False,200 m Breaststroke,Breaststroke,Rory Dickson,Men,Edinburgh International,Heat,141.87,2024_25,LC,139.15,139.15,current_season,101.95472511678045,False,134.23
76856ed3-aaac-4d2e-afa2-f861c2b1c0a9,50,2025-04-19,200,False,200 m Breaststroke,Breaststroke,Rory Dickson,Men,British Championships,Heat,137.62,2024_25,LC,139.15,139.15,current_season,98.900467121811,True,134.23
a098a3ae-6da6-49b9-a8f8-4e078c2fd234,50,2025-04-19,200,False,200 m Breaststroke,Breaststroke,Rory Dickson,Men,British Championships,B-Final,135.01,2024_25,LC,137.62,137.62,current_season,98.10347333236447,True,134.23
33d51bf2-b1d4-438f-9421-23c622dfbf6c,50,2025-07-23,200,False,200 m Breaststroke,Breaststroke,Rory Dickson,Men,British Summer Championships,Heat,137.99,2024_25,LC,135.01,135.01,current_season,102.2072439078587,False,134.23
6816ac14-9cc9-440c-9a6c-00b7a4a98c29,50,2025-07-23,200,False,200 m Breaststroke,Breaststroke,Rory Dickson,Men,British Summer Championships,Final,135.63,2024_25,LC,135.01,135.01,current_season,100.45922524257462,False,134.23
dd9e9f40-661f-453f-987e-73eea5a2bc97,50,2023-02-25,50,False,50 m Breaststroke,Breaststroke,Rory Dickson,Men,BUCS Championships,Final,28.57,2022_23,LC,28.75,28.75,current_season,99.37391304347825,True,
8d2f12cd-b010-4e9a-bcb5-c830e50f3594,50,2023-03-12,50,False,50 m Breaststroke,Breaststroke,Rory Dickson,Men,Edinburgh International,Heat,28.82,2022_23,LC,28.57,28.57,current_season,100.87504375218761,False,
d67b59d2-90db-4697-ba36-75cbe07b7de3,50,2023-03-12,50,False,50 m Breaststroke,Breaststroke,Rory Dickson,Men,Edinburgh International,Final,28.6,2022_23,LC,28.57,28.57,current_season,100.10500525026251,False,
6db37a91-1cb4-4988-971c-120929778f26,50,2023-04-05,50,False,50 m Breaststroke,Breaststroke,Rory Dickson,Men,British Championships,Heat,28.48,2022_23,LC,28.57,28.57,current_season,99.68498424921246,True,
c421b4aa-8fb1-4a42-be28-72a377a30dbc,50,2023-04-05,50,False,50 m Breaststroke,Breaststroke,Rory Dickson,Men,British Championships,B-Final,28.39,2022_23,LC,28.48,28.48,current_season,99.68398876404494,True,
956a4ee8-3d79-40c1-bcf6-979438f99097,50,2023-05-26,50,False,50 m Breaststroke,Breaststroke,Rory Dickson,Men,Glasgow International,Final,28.42,2022_23,LC,28.39,28.39,current_season,100.10567101091934,False,
1e7595f5-5930-4651-9c6a-75b42be345ad,50,2023-07-02,50,False,50 m Breaststroke,Breaststroke,Rory Dickson,Men,Scottish Nationals,Final,28.7,2022_23,LC,28.39,28.39,current_season,101.09193377949981,False,
4960534e-23b8-45d8-8dc4-0fd76fbcc357,50,2023-07-02,50,False,50 m Breaststroke,Breaststroke,Rory Dickson,Men,Scottish Nationals,Heat,28.69,2022_23,LC,28.39,28.39,current_season,101.05671010919338,False,
449963e6-e537-4565-b2c1-05aec6715c14,50,2023-07-24,50,False,50 m Breaststroke,Breaststroke,Rory Dickson,Men,British Summer Championships,Heat,28.45,2022_23,LC,28.39,28.39,current_season,100.21134202183868,False,
72e4b3b0-334f-45af-b015-8f92cfd8bc61,50,2023-07-24,50,False,50 m Breaststroke,Breaststroke,Rory Dickson,Men,British Summer Championships,Final,28.15,2022_23,LC,28.39,28.39,current_season,99.15463191264529,True,
d5c96d2c-f010-466c-8b21-4d443c7d5f01,50,2023-11-30,50,False,50 m Breaststroke,Breaststroke,Rory Dickson,Men,Rotterdam Qualification Meet,B-Final,28.51,2023_24,LC,,28.15,prior_season,101.27886323268207,False,28.15
0fe3dd20-dd83-42b5-b325-961ffc831c69,50,2024-02-23,50,False,50 m Breaststroke,Breaststroke,Rory Dickson,Men,BUCS Championships,Heat,28.38,2023_24,LC,28.51,28.51,current_season,99.54401964223078,True,28.15
d0a070eb-6ad8-4a03-8ca6-8fd6bda01d01,50,2024-02-23,50,False,50 m Breaststroke,Breaststroke,Rory Dickson,Men,BUCS Championships,Final,28.13,2023_24,LC,28.38,28.38,current_season,99.11909795630726,True,28.15
8fc56197-ff48-4091-8503-68a5f833d1df,50,2024-03-10,50,False,50 m Breaststroke,Breaststroke,Rory Dickson,Men,Edinburgh International,Heat,28.25,2023_24,LC,28.13,28.13,current_season,100.4265908282972,False,28.15
bb8e925b-4bbe-4aae-9247-e3c51fb5e4f9,50,2024-03-10,50,False,50 m Breaststroke,Breaststroke,Rory Dickson,Men,Edinburgh International,Final,28.25,2023_24,LC,28.13,28.13,current_season,100.4265908282972,False,28.15
8512cc5d-e6ad-48b7-b5ff-657c3800d253,50,2024-06-22,50,False,50 m Breaststroke,Breaststroke,Rory Dickson,Men,Sette Colli,Heat,28.72,2023_24,LC,28.13,28.13,current_season,102.09740490579453,False,28.15
68e53c05-1816-4562-8b77-ce6695f8ab2a,50,2024-07-22,50,False,50 m Breaststroke,Breaststroke,Rory Dickson,Men,British Summer Championships,Heat,27.98,2023_24,LC,28.13,28.13,current_season,99.46676146462852,True,28.15
da5217cb-aa97-43bf-b2a2-3beda86fb77c,50,2024-07-22,50,False,50 m Breaststroke,Breaststroke,Rory Dickson,Men,British Summer Championships,Final,27.84,2023_24,LC,27.98,27.98,current_season,99.49964260185847,True,28.15
4166d80d-d8cb-4d8b-b274-8cf6a7a371d5,50,2025-02-14,50,False,50 m Breaststroke,Breaststroke,Rory Dickson,Men,BUCS Championships,Final,28.54,2024_25,LC,,27.84,prior_season,102.51436781609196,False,27.84
6ab443de-2447-4d97-83e4-6a7ef5df3fbe,50,2025-03-16,50,False,50 m Breaststroke,Breaststroke,Rory Dickson,Men,Edinburgh International,Final,28.28,2024_25,LC,28.54,28.54,current_season,99.08899789768746,True,27.84
7ced3807-a065-4cb1-b647-6637468995ca,50,2025-03-16,50,False,50 m Breaststroke,Breaststroke,Rory Dickson,Men,Edinburgh International,Heat,28.62,2024_25,LC,28.28,28.28,current_season,101.2022630834512,False,27.84
1bd33a88-146a-4f6a-b49b-76ece1599d9b,50,2025-04-16,50,False,50 m Breaststroke,Breaststroke,Rory Dickson,Men,British Championships,Final,28.07,2024_25,LC,28.28,28.28,current_season,99.25742574257426,True,27.84
d34721c6-54a9-41cd-bdfc-e4810b1bff8b,50,2025-04-16,50,False,50 m Breaststroke,Breaststroke,Rory Dickson,Men,British Championships,Heat,28.02,2024_25,LC,28.07,28.07,current_season,99.82187388671178,True,27.84
0b3e748e-6800-4702-b149-b27517764b7d,50,2025-05-25,50,False,50 m Breaststroke,Breaststroke,Rory Dickson,Men,AP International,Heat,28.19,2024_25,LC,28.02,28.02,current_season,100.60670949321913,False,27.84
6f33b239-a672-4109-938a-14e7663b472a,50,2025-05-25,50,False,50 m Breaststroke,Breaststroke,Rory Dickson,Men,AP International,Final,28.14,2024_25,LC,28.02,28.02,current_season,100.42826552462527,False,27.84
1d065091-8aaa-4c49-b2c5-88ff298e6750,50,2025-06-26,50,False,50 m Breaststroke,Breaststroke,Rory Dickson,Men,European U23 Championships,Heat,27.89,2024_25,LC,28.02,28.02,current_season,99.53604568165596,True,27.84
2080cf0d-c840-4733-a351-b876143b4e08,50,2025-06-26,50,False,50 m Breaststroke,Breaststroke,Rory Dickson,Men,European U23 Championships,Final,27.8,2024_25,LC,27.89,27.89,current_season,99.67730369307995,True,27.84
13078a51-4f1a-4092-bda5-17b1790a3eb5,50,2025-07-21,50,False,50 m Breaststroke,Breaststroke,Rory Dickson,Men,British Summer Championships,Final,27.84,2024_25,LC,27.8,27.8,current_season,100.14388489208632,False,27.84
6e9181f9-f28f-4887-bf71-fa2e693fba93,50,2025-07-21,50,False,50 m Breaststroke,Breaststroke,Rory Dickson,Men,British Summer Championships,Heat,27.93,2024_25,LC,27.8,27.8,current_season,100.46762589928058,False,27.84
ba6bd8b4-6c44-4e0b-9909-c60c55b1ff37,50,2024-07-22,100,False,100 m Backstroke,Backstroke,Suzie McNair,Women,British Summer Championships,Heat,65.82,2023_24,LC,64.74,64.74,current_season,101.66821130676551,False,
a9fc450f-629c-48bf-a9be-d0eb88611305,50,2025-03-14,100,False,100 m Backstroke,Backstroke,Suzie McNair,Women,Edinburgh International,Heat,64.85,2024_25,LC,,64.74,prior_season,100.16991041087427,False,64.74
a4b5a047-87dc-4e43-85ac-ed0b76c124c5,50,2024-07-26,100,False,100 m Butterfly,Butterfly,Suzie McNair,Women,British Summer Championships,Heat,64.24,2023_24,LC,62.79,62.79,current_season,102.30928491798056,False,
f7243a82-efa7-41c4-9859-cea0346f1ae5,50,2025-01-25,100,False,100 m Butterfly,Butterfly,Suzie McNair,Women,Challenge International de Geneve,Heat,62.56,2024_25,LC,,62.79,prior_season,99.63369963369964,True,62.79
a3d403aa-4d33-4217-8368-90a5fc612e7e,50,2025-03-15,100,False,100 m Butterfly,Butterfly,Suzie McNair,Women,Edinburgh International,B-Final,62.72,2024_25,LC,62.56,62.56,current_season,100.25575447570331,False,62.79
dbe284d4-4160-497f-a23a-350a6d9de9e0,50,2025-03-15,100,False,100 m Butterfly,Butterfly,Suzie McNair,Women,Edinburgh International,Heat,62.05,2024_25,LC,62.56,62.56,current_season,99.18478260869564,True,62.79
1ede6dd8-d59d-4278-89ae-32530490fdfa,50,2024-03-10,200,False,200 m Backstroke,Backstroke,Suzie McNair,Women,Edinburgh International,Heat,140.28,2023_24,LC,139.32,139.32,current_season,100.68906115417744,False,
a3641f08-ed59-42f8-a60b-f55afda593c3,50,2024-04-05,200,False,200 m Backstroke,Backstroke,Suzie McNair,Women,British Championships,Heat,141.05,2023_24,LC,139.32,139.32,current_season,101.24174562159061,False,
3dee1f8f-7f75-4968-8cf5-a3c43d5385ae,50,2024-07-24,200,False,200 m Backstroke,Backstroke,Suzie McNair,Women,British Summer Championships,Final,136.99,2023_24,LC,139.32,139.32,current_season,98.32759115704853,True,
f942f34d-d1ba-4f95-a4be-0c11747e9585,50,2024-07-24,200,False,200 m Backstroke,Backstroke,Suzie McNair,Women,British Summer Championships,Heat,139.83,2023_24,LC,136.99,136.99,current_season,102.07314402511132,False,
7335f5c8-7700-4dbd-acbb-9857ff4c1ddb,50,2025-04-18,200,False,200 m Backstroke,Backstroke,Suzie McNair,Women,British Championships,Heat,136.37,2024_25,LC,,136.99,prior_season,99.54741221987005,True,136.99
d6e6e1d7-56fd-405e-bf46-b7fd3efe29df,50,2025-04-18,200,False,200 m Backstroke,Backstroke,Suzie McNair,Women,British Championships,B-Final,135.53,2024_25,LC,136.37,136.37,current_season,99.38402874532521,True,136.99
ddc0b0c5-4500-4b0e-8617-f0064b78476d,50,2025-06-29,200,False,200 m Backstroke,Backstroke,Suzie McNair,Women,Scottish Nationals,Final,138.3,2024_25,LC,135.53,135.53,current_season,102.0438279347746,False,136.99
5cc2a58b-8883-4a3d-a95e-c29af9beb070,50,2025-07-23,200,False,200 m Backstroke,Backstroke,Suzie McNair,Women,British Summer Championships,Heat,141.13,2024_25,LC,135.53,135.53,current_season,104.13192651073561,False,136.99
f8b97466-86de-4de2-b38c-a66ab6535bc4,50,2024-03-08,200,False,200 m Butterfly,Butterfly,Suzie McNair,Women,Edinburgh International,Heat,142.15,2023_24,LC,139.25,139.25,current_season,102.0825852782765,False,
31dfe4bf-db48-4ae5-b6e2-b857b2b73fc8,50,2024-04-02,200,False,200 m Butterfly,Butterfly,Suzie McNair,Women,British Championships,Heat,138.02,2023_24,LC,139.25,139.25,current_season,99.11669658886895,True,
b5f1f8c1-222f-41ef-a48c-3782d7e3a02f,50,2024-04-02,200,False,200 m Butterfly,Butterfly,Suzie McNair,Women,British Championships,B-Final,136.06,2023_24,LC,138.02,138.02,current_season,98.57991595420953,True,
34f9fed3-4644-4227-8839-536adbad6935,50,2024-07-23,200,False,200 m Butterfly,Butterfly,Suzie McNair,Women,British Summer Championships,Heat,143.36,2023_24,LC,136.06,136.06,current_season,105.36528002351903,False,
a6e5e2d5-50ca-44f1-b287-84784fc1bc04,50,2024-07-23,200,False,200 m Butterfly,Butterfly,Suzie McNair,Women,British Summer Championships,Final,137.37,2023_24,LC,136.06,136.06,current_season,100.96281052476847,False,
2d211e1c-2dec-4192-bf31-ee2ba134c537,50,2024-07-24,200,False,200 m Freestyle,Freestyle,Suzie McNair,Women,British Summer Championships,Heat,126.49,2023_24,LC,130.87,130.87,current_season,96.65316726522502,True,
dd2f2548-4d6a-4f44-bb28-e74dac480112,50,2024-07-24,200,False,200 m Freestyle,Freestyle,Suzie McNair,Women,British Summer Championships,Final,123.96,2023_24,LC,126.49,126.49,current_season,97.99984188473397,True,
abfd7ba1-34d0-4114-9552-8a269ea50914,50,2025-04-15,200,False,200 m Freestyle,Freestyle,Suzie McNair,Women,British Championships,Heat,125.3,2024_25,LC,,123.96,prior_season,101.08099386899,False,123.96
46b4a90f-a7b5-4436-bec6-bb05566deba0,50,2024-03-10,200,False,200 m IM,Medley,Suzie McNair,Women,Edinburgh International,B-Final,141.07,2023_24,LC,142.1,142.1,current_season,99.27515833919774,True,
48116f39-ec12-45e7-88da-46a5c3cf2e1a,50,2024-03-10,200,False,200 m IM,Medley,Suzie McNair,Women,Edinburgh International,Heat,141.07,2023_24,LC,141.07,141.07,current_season,100.0,False,
3c9acc96-f12a-409e-84a7-f684947ad6ed,50,2024-04-06,200,False,200 m IM,Medley,Suzie McNair,Women,British Championships,Heat,140.08,2023_24,LC,141.07,141.07,current_season,99.29822074147587,True,
e950289f-91f9-4043-ae05-928f578f7cc1,50,2024-04-06,200,False,200 m IM,Medley,Suzie McNair,Women,British Championships,B-Final,139.25,2023_24,LC,140.08,140.08,current_season,99.4074814391776,True,
d692d00f-17cd-49c5-a95f-2158cf4e8f5b,50,2024-07-22,200,False,200 m IM,Medley,Suzie McNair,Women,British Summer Championships,Final,139.34,2023_24,LC,139.25,139.25,current_season,100.06463195691202,False,
edbcdb94-ffa2-4dcf-8f5f-c291878b3c5e,50,2024-07-22,200,False,200 m IM,Medley,Suzie McNair,Women,British Summer Championships,Heat,141.48,2023_24,LC,139.25,139.25,current_season,101.60143626570914,False,
82e52d2d-4334-42e2-9402-b965ec0b3a3e,50,2025-03-16,200,False,200 m IM,Medley,Suzie McNair,Women,Edinburgh International,B-Final,138.53,2024_25,LC,,139.25,prior_season,99.48294434470377,True,139.25
b30cc4eb-c006-455a-a775-333b156697b2,50,2025-03-16,200,False,200 m IM,Medley,Suzie McNair,Women,Edinburgh International,Heat,142.65,2024_25,LC,138.53,138.53,current_season,102.97408503573233,False,139.25
16915149-e2c1-42bf-9e8f-4409f48a181a,50,2025-04-19,200,False,200 m IM,Medley,Suzie McNair,Women,British Championships,Heat,138.79,2024_25,LC,138.53,138.53,current_season,100.1876849779831,False,139.25
fd5e19c6-3aa8-46cf-99fd-c2889327902b,50,2025-04-19,200,False,200 m IM,Medley,Suzie McNair,Women,British Championships,C-Final,136.76,2024_25,LC,138.53,138.53,current_season,98.72229841911498,True,139.25
b48137ba-2743-4275-a650-fad9fb5436e6,50,2025-06-28,200,False,200 m IM,Medley,Suzie McNair,Women,Scottish Nationals,Final,138.29,2024_25,LC,136.76,136.76,current_season,101.11874817198012,False,139.25
03fcef8e-f096-4a08-b933-544bf8533494,50,2025-07-21,200,False,200 m IM,Medley,Suzie McNair,Women,British Summer Championships,Heat,140.07,2024_25,LC,136.76,136.76,current_season,102.42029833284587,False,139.25
a8d123c2-8bca-47a8-bddf-22577c318eb4,50,2024-03-08,400,False,400 m Freestyle,Freestyle,Suzie McNair,Women,Edinburgh International,Heat,273.12,2023_24,LC,271.74,271.74,current_season,100.50783837491718,False,
5c7e622e-5329-4df2-b237-e6aa2b7db6cd,50,2024-07-21,400,False,400 m Freestyle,Freestyle,Suzie McNair,Women,British Summer Championships,Final,261.28,2023_24,LC,271.74,271.74,current_season,96.15073231765658,True,
128a37da-bdac-4129-b462-7085bc7410cd,50,2025-03-14,400,False,400 m Freestyle,Freestyle,Suzie McNair,Women,Edinburgh International,Heat,270.58,2024_25,LC,,261.28,prior_season,103.55939987752603,False,261.28
13217c0c-e9dd-4a8a-b98a-d4decaaa3f1c,50,2024-04-04,400,False,400 m IM,Medley,Suzie McNair,Women,British Championships,Heat,293.91,2023_24,LC,301.24,301.24,current_season,97.56672420661268,True,
b5cad671-f83d-41c5-aea6-7b617b609ea1,50,2024-04-04,400,False,400 m IM,Medley,Suzie McNair,Women,British Championships,Final,289.49,2023_24,LC,293.91,293.91,current_season,98.49613827362117,True,
4b5a7650-e8a4-4fde-8bf7-fcb7e70609e4,50,2024-07-25,400,False,400 m IM,Medley,Suzie McNair,Women,British Summer Championships,Final,293.69,2023_24,LC,289.49,289.49,current_season,101.45082731700576,False,
cfdc9479-4c5c-48a1-96e6-9f5f0316a1bb,50,2024-07-25,400,False,400 m IM,Medley,Suzie McNair,Women,British Summer Championships,Heat,300.42,2023_24,LC,289.49,289.49,current_season,103.77560537496977,False,
8ba28d0c-c4ab-4850-99ff-323017964404,50,2025-03-15,400,False,400 m IM,Medley,Suzie McNair,Women,Edinburgh International,Final,291.1,2024_25,LC,,289.49,prior_season,100.55615047151889,False,289.49
a1709fa0-cdac-412d-a18e-5a5e32d6ec7a,50,2025-03-15,400,False,400 m IM,Medley,Suzie McNair,Women,Edinburgh International,Heat,292.85,2024_25,LC,291.1,291.1,current_season,100.60116798351082,False,289.49
b37bfa31-a147-4bc1-bea0-376ba13fa171,50,2025-04-16,400,False,400 m IM,Medley,Suzie McNair,Women,British Championships,Heat,295.82,2024_25,LC,291.1,291.1,current_season,101.62143593266917,False,289.49
d8d2f6ad-3ca9-442d-a67c-33f9d6112da9,50,2025-04-16,400,False,400 m IM,Medley,Suzie McNair,Women,British Championships,C-Final,293.08,2024_25,LC,291.1,291.1,current_season,100.68017863277223,False,289.49
2fecf2e1-54fb-413c-84b7-f90b37ad6f11,50,2025-05-22,400,False,400 m IM,Medley,Suzie McNair,Women,Time Trial,Time Trial,297.3,2024_25,LC,291.1,291.1,current_season,102.12985228443834,False,289.49
c7ac04ed-fabe-4fca-b164-630a4c9067af,50,2025-06-27,400,False,400 m IM,Medley,Suzie McNair,Women,Scottish Nationals,Final,292.34,2024_25,LC,291.1,291.1,current_season,100.42597045688765,False,289.49
175939f7-4d5b-4efb-a3d3-296f76144b6a,50,2025-07-24,400,False,400 m IM,Medley,Suzie McNair,Women,British Summer Championships,Heat,299.09,2024_25,LC,291.1,291.1,current_season,102.74476125042939,False,289.49
9e7a454d-7c9b-4ca5-aa36-f2abe88f2e16,50,2025-07-24,400,False,400 m IM,Medley,Suzie McNair,Women,British Summer Championships,Final,292.28,2024_25,LC,291.1,291.1,current_season,100.40535898316728,False,289.49
5b4cf37b-4fe8-428a-bed0-a5f61fe68d30,50,2024-07-25,50,False,50 m Backstroke,Backstroke,Suzie McNair,Women,British Summer Championships,Heat,30.27,2023_24,LC,30.01,30.01,current_season,100.86637787404197,False,
ec358c3c-fb18-4860-80cc-bdb4b8330df4,50,2022-02-24,100,False,100 m Freestyle,Freestyle,Thomas Dean,Men,Dave McCullagh Int LC,Final,50.07,2021_22,LC,50.33,50.33,current_season,99.48340949731771,True,
90ceb3a5-bd30-4c69-9d62-adeec6ac72b7,50,2022-03-13,100,False,100 m Freestyle,Freestyle,Thomas Dean,Men,Edinburgh International,Final,49.82,2021_22,LC,50.07,50.07,current_season,99.50069902137008,True,
d39522b5-0409-43f4-b253-e78f833e2d47,50,2022-03-13,100,False,100 m Freestyle,Freestyle,Thomas Dean,Men,Edinburgh International,Heat,50.4,2021_22,LC,49.82,49.82,current_season,101.16419108791649,False,
98cf4045-6ec1-4db1-b659-1e802d409c56,50,2022-04-07,100,False,100 m Freestyle,Freestyle,Thomas Dean,Men,British Championships,Final,48.06,2021_22,LC,49.82,49.82,current_season,96.46728221597752,True,
c2ac2e45-7d91-4cc9-9998-21f38180b340,50,2022-04-07,100,False,100 m Freestyle,Freestyle,Thomas Dean,Men,British Championships,Heat,48.57,2021_22,LC,48.06,48.06,current_season,101.06117353308363,False,
2c364643-7b7a-4a16-b4f6-8312dd4ca783,50,2022-07-31,100,False,100 m Freestyle,Freestyle,Thomas Dean,Men,Commonwealth Games,Semi-Final,47.83,2021_22,LC,48.06,48.06,current_season,99.52143154390345,True,
4a07cca2-be43-4604-af7a-0d787cce7e50,50,2022-07-31,100,False,100 m Freestyle,Freestyle,Thomas Dean,Men,Commonwealth Games,Heat,48.61,2021_22,LC,47.83,47.83,current_season,101.63077566380933,False,
d9515a9b-9988-4ee3-8a1a-c9e52426d301,50,2022-08-01,100,False,100 m Freestyle,Freestyle,Thomas Dean,Men,Commonwealth Games,Final,47.89,2021_22,LC,47.83,47.83,current_season,100.1254442818315,False,
14085f13-85b1-4c56-bd16-a59c6a788200,50,2022-08-12,100,False,100 m Freestyle,Freestyle,Thomas Dean,Men,European Championships,Heat,48.79,2021_22,LC,47.83,47.83,current_season,102.00710850930379,False,
cf158236-fd8f-42b3-9c58-a0bc165b60f5,50,2022-08-12,100,False,100 m Freestyle,Freestyle,Thomas Dean,Men,European Championships,Semi-Final,48.44,2021_22,LC,47.83,47.83,current_season,101.2753501986201,False,
03a0c92b-eed1-430f-849c-a42b630955cf,50,2022-08-13,100,False,100 m Freestyle,Freestyle,Thomas Dean,Men,European Championships,Final,48.23,2021_22,LC,47.83,47.83,current_season,100.83629521220992,False,
ee355252-013c-4afc-b0c8-4a5d798de2a4,50,2022-12-03,100,False,100 m Freestyle,Freestyle,Thomas Dean,Men,Rotterdam Qualification Meet,Heat,49.26,2022_23,LC,,47.83,prior_season,102.98975538365043,False,47.83
834f98b9-85f4-475d-adcb-5308edd3e3c1,50,2023-03-12,100,False,100 m Freestyle,Freestyle,Thomas Dean,Men,Edinburgh International,Final,49.1,2022_23,LC,49.26,49.26,current_season,99.6751928542428,True,47.83
e933b076-e1a5-45b8-8428-29982314a118,50,2023-03-12,100,False,100 m Freestyle,Freestyle,Thomas Dean,Men,Edinburgh International,Heat,49.77,2022_23,LC,49.1,49.1,current_season,101.36456211812627,False,47.83
4745870e-71ce-4af8-a10d-3a43f3473bf2,50,2023-04-06,100,False,100 m Freestyle,Freestyle,Thomas Dean,Men,British Championships,Heat,48.52,2022_23,LC,49.1,49.1,current_season,98.81873727087577,True,47.83
82fd18bf-ded9-4ccd-90d6-db31e58502a1,50,2023-04-06,100,False,100 m Freestyle,Freestyle,Thomas Dean,Men,British Championships,Final,48.32,2022_23,LC,48.52,48.52,current_season,99.58779884583676,True,47.83
10ca0350-c8e2-4596-b8e0-586afa2ef65a,50,2023-06-24,100,False,100 m Freestyle,Freestyle,Thomas Dean,Men,Sette Colli,Final,48.59,2022_23,LC,48.32,48.32,current_season,100.55877483443709,False,47.83
9b03254e-bf5b-45d2-930f-57ab2d2990da,50,2023-06-24,100,False,100 m Freestyle,Freestyle,Thomas Dean,Men,Sette Colli,Heat,48.88,2022_23,LC,48.32,48.32,current_season,101.158940397351,False,47.83
8f24530d-461c-4281-b24e-da4a807eac34,50,2024-04-04,100,False,100 m Freestyle,Freestyle,Thomas Dean,Men,British Championships,Final,47.94,2023_24,LC,,48.32,prior_season,99.2135761589404,True,48.32
d5754037-33c9-4093-8dc2-fb12683840d7,50,2024-04-04,100,False,100 m Freestyle,Freestyle,Thomas Dean,Men,British Championships,Heat,48.47,2023_24,LC,47.94,47.94,current_season,101.10554860241969,False,48.32
49b9017a-8273-45d1-b67f-716b8dc83ca2,50,2024-06-22,100,False,100 m Freestyle,Freestyle,Thomas Dean,Men,Sette Colli,Heat,49.59,2023_24,LC,47.94,47.94,current_season,103.44180225281603,False,48.32
778bf54b-7cdb-4ea5-b304-70d8e5cda6c1,50,2025-03-16,100,False,100 m Freestyle,Freestyle,Thomas Dean,Men,Edinburgh International,Heat,49.95,2024_25,LC,,47.94,prior_season,104.19274092615771,False,47.94
8087a9dd-96c3-4890-ad07-5d208fa27af3,50,2025-04-17,100,False,100 m Freestyle,Freestyle,Thomas Dean,Men,British Championships,Heat,48.63,2024_25,LC,49.95,49.95,current_season,97.35735735735736,True,47.94
a9a1d398-9ae6-46c4-b2b4-f22996186cc3,50,2025-04-17,100,False,100 m Freestyle,Freestyle,Thomas Dean,Men,British Championships,Final,48.4,2024_25,LC,48.63,48.63,current_season,99.52704092124203,True,47.94
0985a38f-80b8-40d1-9145-06576f735e79,50,2025-05-22,100,False,100 m Freestyle,Freestyle,Thomas Dean,Men,Mare Nostrum Barcelona,Final,49.85,2024_25,LC,48.4,48.4,current_season,102.99586776859503,False,47.94
1c050ebb-3c72-4029-8170-fc8b7c9c3625,50,2025-05-22,100,False,100 m Freestyle,Freestyle,Thomas Dean,Men,Mare Nostrum Barcelona,Heat,49.7,2024_25,LC,48.4,48.4,current_season,102.68595041322315,False,47.94
2eee2d5d-6b89-46d7-8e31-0d6708a6d419,50,2025-05-25,100,False,100 m Freestyle,Freestyle,Thomas Dean,Men,AP International,Final,48.95,2024_25,LC,48.4,48.4,current_season,101.13636363636364,False,47.94
6aeec337-b594-44c6-8f62-e95e8519c2fc,50,2025-05-25,100,False,100 m Freestyle,Freestyle,Thomas Dean,Men,AP International,Heat,48.94,2024_25,LC,48.4,48.4,current_season,101.11570247933884,False,47.94
ccfe1d2f-8aa9-4806-8b8b-4fb8ced91d65,50,2025-06-27,100,False,100 m Freestyle,Freestyle,Thomas Dean,Men,Sette Colli,Heat,49.16,2024_25,LC,48.4,48.4,current_season,101.57024793388429,False,47.94
f8c09bfa-a9f3-4061-b179-d48fe0085b1c,50,2025-06-27,100,False,100 m Freestyle,Freestyle,Thomas Dean,Men,Sette Colli,B-Final,49.43,2024_25,LC,48.4,48.4,current_season,102.12809917355372,False,47.94
fc43c88e-509f-4f8a-9ea7-bd93741c9445,50,2022-02-25,200,False,200 m Freestyle,Freestyle,Thomas Dean,Men,Dave McCullagh Int LC,Heat,110.72,2021_22,LC,108.45,108.45,current_season,102.0931304748732,False,
1f9b610c-3a75-4ff0-9b29-3458e68243f4,50,2022-03-11,200,False,200 m Freestyle,Freestyle,Thomas Dean,Men,Edinburgh International,Final,107.6,2021_22,LC,108.45,108.45,current_season,99.21622867680958,True,
b17ea3e3-7036-403a-bbd5-9f6db249fb7b,50,2022-03-11,200,False,200 m Freestyle,Freestyle,Thomas Dean,Men,Edinburgh International,Heat,110.18,2021_22,LC,107.6,107.6,current_season,102.39776951672863,False,
25db3781-cbfc-4bde-9362-24191314b6f3,50,2022-04-10,200,False,200 m Freestyle,Freestyle,Thomas Dean,Men,British Championships,Heat,107.77,2021_22,LC,107.6,107.6,current_season,100.15799256505575,False,
8da814d3-de01-4cd9-a12a-3223f19a87f9,50,2022-04-10,200,False,200 m Freestyle,Freestyle,Thomas Dean,Men,British Championships,Final,105.73,2021_22,LC,107.6,107.6,current_season,98.26208178438662,True,
4568e378-35fe-4887-a8ce-94fab02c8274,50,2022-06-19,200,False,200 m Freestyle,Freestyle,Thomas Dean,Men,World Championships,Heat,105.99,2021_22,LC,105.73,105.73,current_season,100.24590939184715,False,
e9b53bca-745e-4ffb-b272-ea270aa5b766,50,2022-06-19,200,False,200 m Freestyle,Freestyle,Thomas Dean,Men,World Championships,Semi-Final,105.48,2021_22,LC,105.73,105.73,current_season,99.76354866168543,True,
786d98b2-9ef9-4fa5-b613-922fca661011,50,2022-06-20,200,False,200 m Freestyle,Freestyle,Thomas Dean,Men,World Championships,Final,104.98,2021_22,LC,105.48,105.48,current_season,99.52597648843383,True,
96f07b13-45f1-4271-89bf-7387b0b5d590,50,2022-07-30,200,False,200 m Freestyle,Freestyle,Thomas Dean,Men,Commonwealth Games,Final,105.41,2021_22,LC,104.98,104.98,current_season,100.40960182891978,False,
eed3e34e-5504-468a-bac5-e0f1abc09d2c,50,2022-07-30,200,False,200 m Freestyle,Freestyle,Thomas Dean,Men,Commonwealth Games,Heat,107.19,2021_22,LC,104.98,104.98,current_season,102.10516288816918,False,
0744c709-af64-46a9-9436-e4e06be09e57,50,2022-12-01,200,False,200 m Freestyle,Freestyle,Thomas Dean,Men,Rotterdam Qualification Meet,Heat,109.6,2022_23,LC,,104.98,prior_season,104.4008382549057,False,104.98
745de446-2e90-447d-ab30-1a7e6226ad3e,50,2022-12-01,200,False,200 m Freestyle,Freestyle,Thomas Dean,Men,Rotterdam Qualification Meet,Final,107.82,2022_23,LC,109.6,109.6,current_season,98.37591240875912,True,104.98
3ae889a8-f0fa-473a-ae8d-b46c0226caef,50,2023-03-10,200,False,200 m Freestyle,Freestyle,Thomas Dean,Men,Edinburgh International,Heat,109.61,2022_23,LC,107.82,107.82,current_season,101.6601743646819,False,104.98
aa26db5b-5543-4e62-9010-34ae2b68a2a8,50,2023-03-10,200,False,200 m Freestyle,Freestyle,Thomas Dean,Men,Edinburgh International,Final,106.07,2022_23,LC,107.82,107.82,current_season,98.37692450380263,True,104.98
3939b76d-d336-4de6-a0cd-21e069bd9e95,50,2023-04-09,200,False,200 m Freestyle,Freestyle,Thomas Dean,Men,British Championships,Heat,106.8,2022_23,LC,106.07,106.07,current_season,100.6882247572358,False,104.98
d44ade15-1d0e-471c-a242-fb948412eaf3,50,2023-04-09,200,False,200 m Freestyle,Freestyle,Thomas Dean,Men,British Championships,Final,104.93,2022_23,LC,106.07,106.07,current_season,98.92523805034412,True,104.98
7f30a5ed-080e-4232-8853-2a15d79ee0a1,50,2023-06-25,200,False,200 m Freestyle,Freestyle,Thomas Dean,Men,Sette Colli,Heat,107.61,2022_23,LC,104.93,104.93,current_season,102.55408367483084,False,104.98
c1c6b750-617d-4017-983b-5f749bec6afa,50,2023-06-25,200,False,200 m Freestyle,Freestyle,Thomas Dean,Men,Sette Colli,Final,106.86,2022_23,LC,104.93,104.93,current_season,101.83932145239683,False,104.98
0a543db1-51ec-4f6e-b334-8a50fde5ed1c,50,2023-07-24,200,False,200 m Freestyle,Freestyle,Thomas Dean,Men,World Championships,Heat,106.02,2022_23,LC,104.93,104.93,current_season,101.03878776327073,False,104.98
e2a822bc-fa83-4114-bc02-fe5cb13753ee,50,2023-07-24,200,False,200 m Freestyle,Freestyle,Thomas Dean,Men,World Championships,Semi-Final,105.29,2022_23,LC,104.93,104.93,current_season,100.34308586676832,False,104.98
9a6300ca-a463-4440-9266-3dd34f961711,50,2023-07-25,200,False,200 m Freestyle,Freestyle,Thomas Dean,Men,World Championships,Final,104.32,2022_23,LC,104.93,104.93,current_season,99.41866005908699,True,104.98
2764ee6e-de7d-4673-8945-ea503f5df957,50,2024-04-07,200,False,200 m Freestyle,Freestyle,Thomas Dean,Men,British Championships,Final,105.09,2023_24,LC,,104.32,prior_season,100.73811349693254,False,104.32
55859782-915f-4b01-a54c-88dc5e91bceb,50,2024-04-07,200,False,200 m Freestyle,Freestyle,Thomas Dean,Men,British Championships,Heat,106.47,2023_24,LC,105.09,105.09,current_season,101.31316014844418,False,104.32
2f94487f-5d14-47e6-8bdd-3723a5191128,50,2024-06-23,200,False,200 m Freestyle,Freestyle,Thomas Dean,Men,Sette Colli,B-Final,107.79,2023_24,LC,105.09,105.09,current_season,102.5692263773908,False,104.32
70e1d7fa-a2ab-44e2-a6d3-164cd8aa5cb8,50,2024-06-23,200,False,200 m Freestyle,Freestyle,Thomas Dean,Men,Sette Colli,Heat,108.42,2023_24,LC,105.09,105.09,current_season,103.16871253211532,False,104.32
340c8189-ffc4-4238-8d79-aea4ee0bfea3,50,2025-05-21,200,False,200 m Freestyle,Freestyle,Thomas Dean,Men,Mare Nostrum Barcelona,Heat,109.52,2024_25,LC,,105.09,prior_season,104.21543438957085,False,105.09
f79eceb8-60d5-49f5-8333-61c16998a599,50,2025-05-21,200,False,200 m Freestyle,Freestyle,Thomas Dean,Men,Mare Nostrum Barcelona,Final,108.86,2024_25,LC,109.52,109.52,current_season,99.3973703433163,True,105.09
67d42cbb-e858-44b3-b0a4-abf0336c957c,50,2025-05-26,200,False,200 m Freestyle,Freestyle,Thomas Dean,Men,AP International,Final,108.05,2024_25,LC,108.86,108.86,current_season,99.2559250413375,True,105.09
f2dde8f5-8532-402d-b046-72ece9bc167b,50,2025-05-26,200,False,200 m Freestyle,Freestyle,Thomas Dean,Men,AP International,Heat,109.97,2024_25,LC,108.05,108.05,current_season,101.77695511337343,False,105.09
f7689f25-1ef0-40f8-a9cd-1e35acb17541,50,2025-06-28,200,False,200 m Freestyle,Freestyle,Thomas Dean,Men,Sette Colli,Heat,110.35,2024_25,LC,108.05,108.05,current_season,102.1286441462286,False,105.09
67e97989-37bf-425d-a088-2c522a93d583,50,2022-04-09,200,False,200 m IM,Medley,Thomas Dean,Men,British Championships,Final,117.18,2021_22,LC,124.68,124.68,current_season,93.98460057747835,True,
e25aad00-dc30-4de8-aa9a-caf8be28f01c,50,2022-04-09,200,False,200 m IM,Medley,Thomas Dean,Men,British Championships,Heat,120.21,2021_22,LC,117.18,117.18,current_season,102.58576548899127,False,
19a28d86-2688-4825-a729-706e9c782a93,50,2022-06-21,200,False,200 m IM,Medley,Thomas Dean,Men,World Championships,Semi-Final,117.38,2021_22,LC,117.18,117.18,current_season,100.17067759003243,False,
88399461-15dd-4e1e-b4ca-f473a10501c4,50,2022-06-21,200,False,200 m IM,Medley,Thomas Dean,Men,World Championships,Heat,119.44,2021_22,LC,117.18,117.18,current_season,101.92865676736645,False,
a0c2f940-a336-4f77-be79-dbdb6e89a164,50,2022-06-22,200,False,200 m IM,Medley,Thomas Dean,Men,World Championships,Final,116.77,2021_22,LC,117.18,117.18,current_season,99.6501109404335,True,
945b8629-a7d4-4693-89e6-c696d8baed5e,50,2022-08-03,200,False,200 m IM,Medley,Thomas Dean,Men,Commonwealth Games,Heat,119.36,2021_22,LC,116.77,116.77,current_season,102.21803545431189,False,
bb486dfd-ed68-4176-8fe3-cda032086b37,50,2022-08-03,200,False,200 m IM,Medley,Thomas Dean,Men,Commonwealth Games,Final,117.01,2021_22,LC,116.77,116.77,current_season,100.2055322428706,False,
0c233ca3-9ad3-49c8-8c24-7ea8173bc66a,50,2023-04-08,200,False,200 m IM,Medley,Thomas Dean,Men,British Championships,Heat,119.9,2022_23,LC,,116.77,prior_season,102.68048300077075,False,116.77
313a870c-7507-490b-bdc6-4ec5d0abdae8,50,2023-04-08,200,False,200 m IM,Medley,Thomas Dean,Men,British Championships,Final,116.65,2022_23,LC,119.9,119.9,current_season,97.28940783986656,True,116.77
04fb8389-8b00-45a1-a154-690076adfc4f,50,2023-07-26,200,False,200 m IM,Medley,Thomas Dean,Men,World Championships,Heat,118.2,2022_23,LC,116.65,116.65,current_season,101.32876125160738,False,116.77
d2235a0d-4691-4e83-94bf-1a8265125f28,50,2023-07-26,200,False,200 m IM,Medley,Thomas Dean,Men,World Championships,Semi-Final,117.18,2022_23,LC,116.65,116.65,current_season,100.45435062151735,False,116.77
fb5f3bc8-b56e-4efd-86ef-51a80df946fb,50,2023-07-27,200,False,200 m IM,Medley,Thomas Dean,Men,World Championships,Final,116.07,2022_23,LC,116.65,116.65,current_season,99.50278611230175,True,116.77
16d4ee5e-b75a-46fb-adc8-fe5b8db1e255,50,2024-04-05,200,False,200 m IM,Medley,Thomas Dean,Men,British Championships,Heat,120.72,2023_24,LC,,116.07,prior_season,104.00620315326958,False,116.07
e3e4f0aa-b3fa-406e-9115-8c7539a9e3d1,50,2024-04-05,200,False,200 m IM,Medley,Thomas Dean,Men,British Championships,Final,116.44,2023_24,LC,120.72,120.72,current_season,96.4546056991385,True,116.07
b7b70e71-c11a-4b8d-bd70-52ac89872fd8,50,2024-06-23,200,False,200 m IM,Medley,Thomas Dean,Men,Sette Colli,Heat,121.56,2023_24,LC,116.44,116.44,current_season,104.39711439367916,False,116.07
fc878ade-01be-40ba-8feb-05a452cc49d1,50,2024-06-23,200,False,200 m IM,Medley,Thomas Dean,Men,Sette Colli,Final,121.99,2023_24,LC,116.44,116.44,current_season,104.7664032978358,False,116.07
2f5be694-301f-4dd8-9ad6-2ffec001ecc8,50,2024-08-01,200,False,200 m IM,Medley,Thomas Dean,Men,Olympic Games,Heat,118.3,2023_24,LC,116.44,116.44,current_season,101.59738921332875,False,116.07
94b333b7-52e5-489f-9dfe-61fbd2898d98,50,2024-08-01,200,False,200 m IM,Medley,Thomas Dean,Men,Olympic Games,Semi-Final,116.92,2023_24,LC,116.44,116.44,current_season,100.41222947440743,False,116.07
8a8c9a2f-1655-4902-ba9f-292806eba4cc,50,2024-08-02,200,False,200 m IM,Medley,Thomas Dean,Men,Olympic Games,Final,116.46,2023_24,LC,116.44,116.44,current_season,100.01717622810031,False,116.07
a29a89c1-84dd-4944-82a4-162ae66d0c22,50,2025-05-22,200,False,200 m IM,Medley,Thomas Dean,Men,Mare Nostrum Barcelona,Heat,123.75,2024_25,LC,,116.44,prior_season,106.277911370663,False,116.44
be22af51-ce77-4a08-8c43-eb9b7d8985cc,50,2025-05-22,200,False,200 m IM,Medley,Thomas Dean,Men,Mare Nostrum Barcelona,Final,121.26,2024_25,LC,123.75,123.75,current_season,97.98787878787878,True,116.44
09bffefd-fa14-4596-bb72-d42bff91c76c,50,2025-05-25,200,False,200 m IM,Medley,Thomas Dean,Men,AP International,Final,118.8,2024_25,LC,121.26,121.26,current_season,97.97130133597229,True,116.44
6e0f2c73-25cd-43f5-b64f-533ef1eb5e72,50,2025-05-25,200,False,200 m IM,Medley,Thomas Dean,Men,AP International,Heat,121.83,2024_25,LC,118.8,118.8,current_season,102.55050505050505,False,116.44
e593e375-b920-43d9-8691-705159569717,50,2025-07-30,200,False,200 m IM,Medley,Thomas Dean,Men,World Championships,Heat,120.76,2024_25,LC,118.8,118.8,current_season,101.64983164983165,False,116.44
1deeccc5-78df-4606-b9f9-b8eac19789ee,50,2023-03-11,50,False,50 m Freestyle,Freestyle,Thomas Dean,Men,Edinburgh International,C-Final,23.67,2022_23,LC,,23.09,prior_season,102.51190991771331,False,23.09
8892400a-afbe-423c-900e-4a5dc7768619,50,2023-03-11,50,False,50 m Freestyle,Freestyle,Thomas Dean,Men,Edinburgh International,Round of 16,22.81,2022_23,LC,23.67,23.67,current_season,96.36670891423742,True,23.09
af2a7b05-8ade-4984-8dc6-9415026367f6,50,2023-03-11,50,False,50 m Freestyle,Freestyle,Thomas Dean,Men,Edinburgh International,Heat,23.07,2022_23,LC,22.81,22.81,current_season,101.13985094256905,False,23.09
f0007ced-3d79-4855-be51-5dc4c28e0d16,50,2023-03-11,50,False,50 m Freestyle,Freestyle,Thomas Dean,Men,Edinburgh International,D-Final,23.31,2022_23,LC,22.81,22.81,current_season,102.19202104340201,False,23.09
